,•,the ability to incorporate functionality into existing products to gain business in a manner that discourages
0,,"users from purchasing our products, including through product bundling or closed technology platforms;"
1,•,broader distribution and established relationships with distribution channel partners in a greater number of
2,,worldwide locations;
3,•,access to larger end-customer bases;
4,•,the ability to use their greater financial resources to attract our research and development engineers as well
