,Unnamed: 0,Unnamed: 1,2019,2018,2017
0,Gross unrecognized tax benefits—beginning balance . . . . . . . . . . . . . . . . . . . . . . . .,,"$4,191","$3,782","$3,360"
1,Increases (decrease) related to tax positions from prior years. . . . . . . . . . . . . . . .,,(280),(266),(151
2,Increases related to tax positions taken during current year . . . . . . . . . . . . . . . . .,,530,675,573
3,Decreases related to tax positions taken during the current year . . . . . . . . . . . . .,,—,—,—
4,Gross unrecognized tax benefits—ending balance . . . . . . . . . . . . . . . . . . . . . . . . . . .,,"$4,441","$4,191","$3,782"
