,Unnamed: 0,Unnamed: 1,Gross,Gross.1,Unnamed: 2,Unnamed: 3,Gross.2,Gross.3,Unnamed: 4
0,,Amortized,Unrealized,Unrealized,,Amortized,Unrealized,Unrealized,
1,,Cost,Gains,Losses,Fair Value,Cost,Gains,Losses,Fair Value
2,Certificates of deposit. . . .,"$10,548",$ 10,$—,"$10,558","$11,000",$ 7,$ (3),"$11,004"
3,Corporate securities . . . . .,"51,745",207,(1),"51,951","46,442",11,(116),"46,337"
4,U.S. Treasury and agency,,,,,,,,
5,securities . . . . . . . . . . . .,"9,222",3,—,"9,225","1,748",—,(12),"1,736"
6,Commercial paper. . . . . . .,500,,—,500,"12,327",1,(5),"12,323"
7,Asset-backed securities. . .,"11,914",32,—,"11,946","16,381",5,(32),"16,354"
8,Total. . . . . . . . . . . . . . . .,"$83,929",$252,$ (1),"$84,180","$87,898",$24,$(168),"$87,754"
