,Report of Independent Registered Public Accounting Firm - Armanino LLP . . . . . . . . . . . . . . . . . . . . . . . .,Unnamed: 0,60
0,Report of Independent Registered Public Accounting Firm - Deloitte & Touche LLP . . . . . . . . . . . . . . . . .,,61.0
1,"Consolidated Balance Sheets as of December 31, 2019 and 2018 . . . . . . . . . . . . . . . . . . . . . . . . . . . . . . . . .",,62.0
2,"Consolidated Statements of Operations for the years ended December 31, 2019, 2018 and 2017 . . . . . . . .",,63.0
3,"Consolidated Statements of Comprehensive Loss for the years ended December 31, 2019, 2018 and",,
4,2017 . . . . . . . . . . . . . . . . . . . . . . . . . . . . . . . . . . . . . . . . . . . . . . . . . . . . . . . . . . . . . . . . . . . . . . . . . . . . . . . .,,64.0
5,"Consolidated Statements of Stockholders’ Equity for the years ended December 31, 2019, 2018 and",,
6,2017 . . . . . . . . . . . . . . . . . . . . . . . . . . . . . . . . . . . . . . . . . . . . . . . . . . . . . . . . . . . . . . . . . . . . . . . . . . . . . . . .,,65.0
7,"Consolidated Statements of Cash Flows for the years ended December 31, 2019, 2018 and 2017 . . . . . . .",,66.0
8,Notes to Consolidated Financial Statements . . . . . . . . . . . . . . . . . . . . . . . . . . . . . . . . . . . . . . . . . . . . . . . . . . .,,67.0
