,Unnamed: 0,Commission file number: 001-36343
0,,"A10 NETWORKS, INC."
1,,(Exact Name of Registrant as Specified in its Charter)
2,Delaware,20-1446869
3,(State or Other Jurisdiction of,(I.R.S. Employer
4,Incorporation or Organization),Identification No.)
5,,"2300 Orchard Parkway, San Jose, California 95131"
6,,(Address of Principal Executive Offices and Zip Code)
7,,(408) 325-8668
8,,"(Registrant’s Telephone Number, Including Area Code)"
9,Securities registered pursuant to Section 12(b) of the Act:,
10,Title of Each Class,Name of Each Exchange on Which Registered
11,"Common Stock, $.00001 Par Value",New York Stock Exchange
12,Securities registered pursuant to Section 12(g) of the Act:,
