,Unnamed: 0,Unnamed: 1,Number,Weighted-,Remaining,Aggregate
0,,,of Shares,Average,Contractual,Intrinsic Value(1)
1,,,(thousands),Exercise Price,Term (years),(thousands)
2,"Outstanding as of December 31, 2018 . . . . . . . . . . . . . .",,"4,674",$5.19,,
3,Granted . . . . . . . . . . . . . . . . . . . . . . . . . . . . . . . . . . . . .,,—,$ —,,
4,Exercised . . . . . . . . . . . . . . . . . . . . . . . . . . . . . . . . . . . .,,(842),$2.84,,
5,Canceled . . . . . . . . . . . . . . . . . . . . . . . . . . . . . . . . . . . .,,(130),$9.41,,
6,"Outstanding as of December 31, 2019 . . . . . . . . . . . . . .",,"3,702",$5.57,3.52,"$6,395"
7,"Vested and exercisable as of December 31, 2019. . . . . .",,"3,427",$5.49,3.56,"$6,210"
