,Signature,Title,Date
0,/s/ Dhrupad Trivedi,"Chief Executive Officer, President and Chairman of the Board","March 10, 2020"
1,Dhrupad Trivedi,(Principal Executive Officer),
2,/s/ Tom Constantino,Chief Financial Officer,"March 10, 2020"
3,Tom Constantino,(Principal Financial and Accounting Officer),
4,/s/ J. Michael Dodson,Director,"March 10, 2020"
5,J. Michael Dodson,,
6,/s/ Eric Singer,Director,"March 10, 2020"
7,Eric Singer,,
8,/s/ Peter Y. Chung,Director,"March 10, 2020"
9,Peter Y. Chung,,
10,/s/ Alan S. Henricks,Director,"March 10, 2020"
11,Alan S. Henricks,,
12,/s/ Tor R. Braham,Director,"March 10, 2020"
