,Dhrupad Trivedi,Tor R. Braham,Peter Y. Chung
0,"President, Chief Executive Officer",Director,Director
1,and Director,,
2,J. Michael Dodson,Alan S. Henricks,Eric Singer
3,Director,Director,Director
4,ANAGEMENT TEAM,,
5,Dhrupad Trivedi,Tom Constantino,Robert Cochran
6,"President, Chief Executive Officer","Executive Vice President,","Executive Vice President,"
7,and Director,Chief Financial Officer,"Legal and Corporate Collaboration,"
8,,,Chief Risk Compliance Officer and S
9,Gunter Reiss,Eric Kwok,Todd Kleppe
10,Vice President of Worldwide Marketing,Vice President of Worldwide Support,Vice President of Global Operations
