,Exhibit,Unnamed: 0,Unnamed: 1,Unnamed: 2,Exhibit.1,Unnamed: 3,Filed
0,Number,Description,Form,SEC File No.,Number,Filing Date,Herewith
1,10.24,Amendment No. 1 to Manufacturing Services,S-1/A,333-194015,10.22,"February 18, 2014",
2,,"Agreement, dated June 27, 2013, by and between the",,,,,
3,,Registrant and Lanner Electronics (USA),,,,,
4,10.25,"Contract Manufacturer Agreement, dated July 1, 2008,",S-1/A,333-194015,10.23,"February 18, 2014",
5,,by and between the Registrant and AEWIN,,,,,
6,,"Technologies, Inc.",,,,,
7,10.26,Amendment No. 1 to Contract Manufacturer,10-K,001-36343,10.31,"March 11, 2015",
8,,"Agreement, dated June 30, 2014, by and between the",,,,,
9,,"Registrant and AEWIN Technologies, Inc.",,,,,
10,10.27*,Form of Change in Control and Severance Agreement,S-1/A,333-194015,10.25,"March 10, 2014",
11,10.28*,Executive Incentive Compensation Plan,10-K,001-6343,10.32,"March 1, 2016",
12,10.29*,"Offer Letter, dated May 14, 2017, by and between the",10-Q,001-36343,10.1,"August 3, 2017",
13,,Registrant and Tom Constantino,,,,,
14,10.30*,"Offer Letter, dated December 15, 2017, by and",10-K,001-36343,10.33,"August 29, 2018",
15,,between the Registrant and Christopher White,,,,,
16,10.31*,"Letter Agreement, dated as of March 14,",8-K,001-36343,10.1,"November 21, 2019",
17,,"2018November 20, 2019, among A10 Networks, Inc.,",,,,,
18,,"VIEX Opportunities Fund, LP - Series One, VIEX GP,",,,,,
19,,"LLC, VIEX Special Opportunities Fund II, LP, VIEX",,,,,
20,,"Special Opportunities GP II, LLC, VIEX Capital",,,,,
21,,"Advisors, LLC and Eric Singer",,,,,
22,10.32,"Sublease Agreement, dated May 2, 2019, by and",10-Q,001-36343,10.1,"May 8, 2019",
23,,between Marvell Corporation and the Registrant,,,,,
24,21.1,List of subsidiaries of the Registrant,,,,,X
25,23.1,"Consent of Armanino LLP, independent registered",,,,,X
26,,public accounting firm,,,,,
27,23.2,"Consent of Deloitte & Touche LLP, independent",,,,,X
28,,registered public accounting firm,,,,,
29,,Certification of Chief Executive Officer pursuant to,,,,,X
30,,Section 302 of the Sarbanes-Oxley Act,,,,,
31,31.2,Certification of Chief Financial Officer pursuant to,,,,,X
32,,Section 302 of the Sarbanes-Oxley Act,,,,,
33,32.1**,Certification of Chief Executive Officer pursuant to,,,,,X
34,,Section 906 of the Sarbanes-Oxley Act,,,,,
35,32.2**,Certification of Chief Financial Officer pursuant to,,,,,X
36,,Section 906 of the Sarbanes-Oxley Act,,,,,
37,101.INS,XBRL Instance Document.,,,,,X
38,101.SCH,XBRL Taxonomy Extension Schema Document.,,,,,X
39,101.CAL,XBRL Taxonomy Extension Calculation Linkbase,,,,,X
40,,Document.,,,,,
41,101.DEF,XBRL Taxonomy Extension Definition Linkbase,,,,,X
42,,Document.,,,,,
43,101.LAB,XBRL Taxonomy Extension Label Linkbase,,,,,X
