,Unnamed: 0,Unnamed: 1,"Years Ended December 31, Years Ended December 31,"
0,,,2019 2018 2017 2019 2018 2017
1,cted term (in years) . . . . . . . . . . . . . . . . . .,,— 4.8 4.7 0.5 0.5 1.3
2,free interest rate . . . . . . . . . . . . . . . . . . . . .,,—% 3.1% 2.0% 2.3% 2.6% 1.4%
3,cted volatility . . . . . . . . . . . . . . . . . . . . . . .,,—% 37% 43% 34% 28% 39%
4,end rate . . . . . . . . . . . . . . . . . . . . . . . . . . .,,—% —% —% —% —% —%
5,• Expected Term. We estimate the expected life of options based on an analysis of our historical experience,,
6,of employee exercise and post-vesting termination behavior considered in relation to the contractual life of,,
7,the option. The expected term for the employee stock purchase rights is based on the term of the purchase,,
8,period.,,
9,• Risk-Free Interest Rate. The risk-free interest rate is based on the U.S. Treasury yield curve in effect at,,
10,the time of grant for zero coupon U.S. Treasury notes with maturities approximately equal to the expected,,
11,terms of stock options and the employee stock purchase rights.,,
12,"• Expected Volatility. For stock options, due to the limited trading history of our own common stock, we",,
13,determined the share price volatility factor based on a combination of the historical volatility of our own,,
14,common stock and the historical volatility of our peer group for,,the stock options. For employee stock
15,"purchase rights, we used the historical volatility of our own common stock.",,
16,• Dividend Rate. The expected dividend was assumed to be zero as we have never paid dividends and do not,,
