,•,"a prohibition on stockholder action by written consent, which forces stockholder action to be taken at an"
0,,annual or special meeting of our stockholders;
1,•,the requirement that a special meeting of stockholders may be called only by the chairman of our Board
2,,"of Directors, our Chief Executive Officer, our secretary, or a majority vote of our Board of Directors, which"
3,,"could delay the ability of our stockholders to force consideration of a proposal or to take action, including"
4,,the removal of directors;
5,•,"the ability of our Board of Directors, by majority vote, to amend the bylaws, which may allow our Board"
