,Exhibit,Unnamed: 0,Unnamed: 1,Unnamed: 2,Exhibit.1,Unnamed: 3,Filed
0,Number,Description,Form,SEC File No.,Number,Filing Date,Herewith
1,3.1,Amended and Restated Certificate of Incorporation of,8-K,001-36343,3.1,"December 6, 2019",
2,,the Registrant,,,,,
3,3.2,Amended and Restated Bylaws of the Registrant,8-K,001-36343,3.2,"December 6, 2019",
4,4.1,Form of common stock certificate of the Registrant,S-1/A,333-194015,4.1,"March 10, 2014",
5,4.2,Amended and Restated Investors’ Rights Agreement,S-1/A,333-194015,4.2,"March 10, 2014",
6,,among the Registrant and certain holders of its capital,,,,,
7,,"stock, amended as of October 4, 2013",,,,,
8,4.3,Description of the Registrant’s securities,,,,,X
9,10.1*,Form of Indemnification Agreement between the,S-1/A,333-194015,10.1,"March 10, 2014",
10,,Registrant and each of its directors and executive,,,,,
11,,officers,,,,,
12,10.2*,2008 Stock Plan and forms of agreements thereunder,10-Q,001-36343,10.2,"May 13, 2014",
13,10.3*,Amended and Restated 2014 Equity Incentive Plan,10-Q,001-36343,10.1,"August 6, 2015",
14,10.4*,Amended 2014 Employee Stock Purchase Plan,,,,,X
15,10.5*,2014 Employee Stock Purchase Plan and forms of,S-1/A,333-194015,10.5,"March 10, 2014",
16,,agreements thereunder,,,,,
17,10.6*,Form of Stock Option Agreement pursuant to the 2008,10-Q,001-36343,10.2,"August 4, 2014",
18,,Stock Plan,,,,,
19,10.7*,Form of Stock Option Agreement- Early Exercise,10-Q,001-36343,10.3,"August 4, 2014",
20,,pursuant to the 2008 Stock Plan,,,,,
21,10.8*,Form of Stock Option Agreement pursuant to the,10-Q,001-36343,10.4,"August 4, 2014",
22,,Amended and Restated 2014 Equity Incentive Plan,,,,,
23,10.9*,Form of Restricted Stock Unit Agreement pursuant to,10-Q,001-36343,10.5,"August 4, 2014",
24,,the Amended and Restated 2014 Equity Incentive Plan,,,,,
25,10.10*,"Offer Letter, dated November 12, 2019, by and",8-K,001-36343,10.2,"November 21, 2019",
26,,between the Registrant and Dhrupad Trivedi,,,,,
27,10.11*,Form of CEO Change in Control and Severance,8-K,001-36343,10.3,"November 21, 2019",
28,,Agreement,,,,,
29,10.12*,"Offer Letter, dated January 4, 2012, by and between",S-1/A,333-194015,10.9,"March 10, 2014",
30,,the Registrant and Robert Cochran,,,,,
31,10.13,"Reseller Agreement, dated April 2, 2009, by and",S-1/A,333-194015,10.12,"February 18, 2014",
32,,between the Registrant and NEC Corporation,,,,,
33,10.14,"First Amendment to Reseller Agreement, dated",S-1/A,333-194015,10.13,"February 18, 2014",
34,,"May 19, 2011, by and between the Registrant and",,,,,
35,,NEC Corporation,,,,,
36,10.15,"Second Amendment to Reseller Agreement, dated",S-1/A,333-194015,10.14,"February 18, 2014",
37,,"April 1, 2011, by and between the Registrant and NEC",,,,,
38,,Corporation,,,,,
39,10.16,"Third Amendment to Reseller Agreement, dated",S-1/A,333-194015,10.15,"February 18, 2014",
40,,"April 1, 2011, by and between the Registrant and NEC",,,,,
41,,Corporation,,,,,
42,10.17,"Fourth Amendment to Reseller Agreement, dated",S-1/A,333-194015,10.16,"February 18, 2014",
43,,"October 3, 2011, by and between the Registrant and",,,,,
44,,NEC Corporation,,,,,
45,10.18,"Fifth Amendment to Reseller Agreement, dated",S-1/A,333-194015,10.17,"February 18, 2014",
46,,"April 2, 2012, by and between the Registrant and NEC",,,,,
47,,Corporation,,,,,
48,10.19,"Sixth Amendment to Reseller Agreement, dated",S-1/A,333-194015,10.18,"February 18, 2014",
49,,"November 29, 2012, by and between the Registrant",,,,,
50,,and NEC Corporation,,,,,
51,10.20,"Seventh Amendment to Reseller Agreement, dated",S-1/A,333-194015,10.19,"February 18, 2014",
52,,"April 9, 2013, by and between the Registrant and NEC",,,,,
53,,Corporation,,,,,
54,10.21,"Eighth Amendment to Reseller Agreement, dated",S-1/A,333-194015,10.20,"February 18, 2014",
55,,"October 22, 2013, by and between the Registrant and",,,,,
56,,NEC Corporation,,,,,
57,10.22,"Ninth Amendment to Reseller Agreement, executed on",10-Q,001-36343,10.1,"August 4, 2014",
58,,"April 22, 2014, by and between the Registrant and",,,,,
59,,NEC Corporation,,,,,
60,10.23,"Manufacturing Services Agreement, dated December 8,",S-1/A,333-194015,10.21,"February 18, 2014",
