,Unnamed: 0,interest rate (%),Unnamed: 1,2019,Unnamed: 2,2018
0,,,,(in thousands),,
1,Asset backed borrowings,,,,,
2,,MCLR +.40% to,,,,
3,"Export credit, bill discounting and overdraft",4.60%,$,"32,078",$,"36,760"
4,,Base Rate + 0.5% to,,,,
5,"Export credit, bill discounting and overdraft",1%,,"3,533",,"4,021"
6,"Export credit, bill discounting and overdraft",6.01% - 15.25%,,"26,719",,"23,963"
7,Short term loan(2 &3),3.25% - 15.75%,,"70,962",,"23,011"
8,,,$,"133,292",$,"87,755"
9,Unsecured borrowings,,,,,
10,Installments due within one year on long-term borrowings,,,"75,616",,"64,208"
11,,,$,"208,908",$,"151,963"
12,Short-term borrowings at fair value,,,"68,349",,"53,500"
13,Short-term borrowings at amortised cost,,$,"140,559",$,"98,463"
