,Unnamed: 0,Unnamed: 1,(Reported),IFRS 9(*),Unnamed: 2,Unnamed: 3,IFRS 15(*),of IFRS 9/15)
0,Revenue,$,"270,126 $",—,,$,"24,273","$ 294,399"
1,Cost of sales,,"(155,396)",—,,,—,"(155,396)"
2,Gross profit,,"114,730",—,,,"24,273","139,003"
3,Administrative cost,,"(87,134)","10,673",,,—,"(76,461)"
4,Operating profit before exceptional item,,"27,596","10,673",,,"24,273","62,542"
5,Impairment loss,,"(423,335)",—,,,—,"(423,335)"
6,Operating profit/(loss),,"(395,739)","10,673",,,"24,273","(360,793)"
7,Financing costs,,"(24,093)",—,,,458,"(23,635)"
8,Finance income,,"16,419","(2,209)",,,—,"14,210"
9,Net finance costs,,"(7,674)","(2,209)",,,458,"(9,425)"
10,Other gains/(losses),,288,"(20,698)",,,—,"(20,410)"
11,Profit/(loss) before tax,,"(403,125)","(12,234)",,,"24,731","(390,628)"
12,Income tax,,"(7,328)",(248),,,—,"(7,576)"
13,Profit/(loss) for the year,,"(410,453)","(12,482)",,,"24,731","(398,204)"
14,Other comprehensive income / (loss),,"(41,462)","4,664",,,—,"(36,798)"
15,Total comprehensive (loss)/income for the year,,"(451,915)","(7,818)",,,"24,731","(435,002)"
16,,,,,,,,
17,Profit/(loss) for the year,,,,,,,
18,Attributable to,,,,,,,
19,Equity holders of Eros International Plc,,"(423,867)","(14,591)",,,"22,918","(415,540)"
20,Non-controlling interest,,"13,414","2,109",,,"1,813","17,336"
21,Total comprehensive (loss)/income for the year,,,,,,,
22,Attributable to,,,,,,,
23,Equity holders of Eros International Plc,,"(459,321)","(10,149)",,,"22,918","(446,552)"
24,Non-controlling interest,,"7,406","2,331",,,"1,813","11,550"
25,,,,,,,,
26,(*) Incremental impact on account of adoption of IFRS 15 and IFRS 9 in addition to those reported under guidance of IAS 18 and,,,,,,,
27,IAS 39,,,,,,,
28,,,,,,,,
29,Earnings Per Share,,,,,,,
30,,,,,,,Basic,Diluted
31,Earnings,,,,,,,
32,Earnings attributable to the equity holders of the parent,,,,,$,"(415,540)","$ (415,540)"
33,Potential dilutive effect related to share based compensation scheme in subsidiary undertaking,,,,,,—,(197)
34,Adjusted earnings attributable to equity holders to Eros International Plc,,,,,,"(415,540)","(415,737)"
35,Number of shares,,,,,,,
36,Weighted average number of shares,,,,,,"70,706,579","70,706,579"
37,Potential or dilutive effect related to share based compensation scheme,,,,,,—,"1,463,640"
38,Adjusted weighted average number of shares,,,,,,"70,706,579","72,170,219"
39,Earnings/(loss) per share,,,,,,,
40,Earnings attributable to the equity holders of Eros International Plc per share (in cents),,,,,,(587.7),(587.7)
