,Unnamed: 0,Unnamed: 1,Unnamed: 2,(in thousands),Unnamed: 3
0,EIML,,2019,,2018
1,Current assets,$,"183,944",$,"152,997"
2,Non-current assets,,"385,463",,"418,118"
3,Current liabilities,,"(158,182)",,"(162,898)"
4,Non-current liabilities,,"(53,210)",,"(65,582)"
5,Total net assets attributable,$,"358,015",$,"342,635"
6,Equity attributable to owners of the Group,$,"222,486",$,"204,907"
7,Equity attributable to non-controlling interests,$,"135,529",$,"137,728"
8,,,,,
9,Revenue,$,"149,969",$,"151,887"
10,Expenses,,"(114,709)",,"(118,858)"
11,Profit for the year,$,"35,260",$,"33,029"
12,Profit attributable to the owners of the Group,$,"21,846",$,"20,199"
13,Profit attributable to non-controlling interests,$,"13,414",$,"12,830"
14,,,,,
15,Other comprehensive (loss)/income during the year,$,"(12,500)",$,(612)
16,Total comprehensive income during the year,$,"22,760",$,"32,417"
17,Total comprehensive income attributable to the owners of the Group,,"15,354",,"19,828"
18,Total comprehensive income attributable to non-controlling interests,,"7,406",,"12,589"
19,,,,,
20,Net cash inflow from operating activities,$,"50,470",$,"49,096"
21,Net cash outflow from investing activities,,"(37,729)",,"(55,755)"
22,Net cash inflow from financing activities,,"(14,462)",,"6,707"
23,Net cash (outflow)/inflow,$,"(1,721)",$,48
