,Unnamed: 0,Unnamed: 1,Unnamed: 2,Other components of equity,Unnamed: 3,Unnamed: 4,Unnamed: 5,Unnamed: 6,Unnamed: 7,Unnamed: 8
0,,,,,,,,Equity,,
1,,,,Available,,,,Attributable to,,
2,,,,for sale,,,,Shareholders,,
3,,,Share,Currency fair,,,,of EROS,Non-,
4,,Share,premium,translation value Revaluation Hedging,,,JSOP,International,controlling,Total
5,,capital,account,reserve reserves  reserve reserve,Reserves,,reserve,PLC,interest,equity
6,,,,(in thousands),,,,,,
7,"Balance as at April 1, 2016","$30,793","$356,865","$ (60,609) $ 6,622 $ 1,856 $ (1,179) $423,151",,,"$(17,167) $","740,332","$ 68,762","$809,094"
8,,,,,,,,,,
9,Profit for the year,—,—,— — —,"— 3,805",,—,"3,805",7.650,"11,455"
10,,,,,,,,,,
11,Other comprehensive income/(loss) for,,,,,,,,,
12,the year,—,—,"4,799 (384)  (27)",804 —,,—,"5,192","1,819",7011
13,,,,,,,,,,
14,Total comprehensive income/(loss) for,,,,,,,,,
15,the year,—,—,"4,799 (384)  (27)","804 3,805",,—,"8,997","9,469","18,466"
16,,,,,,,,,,
17,"Issue of shares, net of transaction costs",,,,,,,,,
18,of Nil (Refer Note 27),808,"29,712",— — —,— —,,—,"30,520",—,"30,520"
19,,,,,,,,,,
20,Share based compensation (Refer Note,,,,,,,,,
21,28),—,—,— — —,"— 22,901",,—,"22,901",570,"23,471"
22,,,,,,,,,,
23,Shares issued on exercise of employee,,,,,,,,,
24,stock options and awards (Refer Note,,,,,,,,,
25,27),276,"13,273",— — —,"— (13,549)",,—,—,—,—
26,,,,,,,,,,
27,Issue out of treasury shares (Refer,,,,,,,,,
28,Note 29),—,(164),— — —,— —,,"1,182","1,018",—,"1,018"
29,,,,,,,,,,
30,Changes in ownership interests in,,,,,,,,,
31,subsidiaries that do not result in a loss,,,,,,,,,
32,of control,—,—,— — —,— 689,,—,689,290,979
33,,,,,,,,,,
34,"Balance as at March 31, 2017","$31,877","$399,686","$ (55,810) $ 6,238 $ 1,829 $","(375) $436,997",,"$(15,985) $","804,457","$ 79,091","$883,548"
