,Unnamed: 0,2019 2018,2017
0,Shares held at the beginning of the year,"1,146,955 1,146,955","1,239,497"
1,Shares granted,— —,—
2,Shares exercised,— —,"(92,542)"
3,Shares forfeiture/lapsed,"(762,093)  —",—
4,Shares held at the end of the year,"384,862 1,146,955","1,146,955"
5,Unallocated shares held by trust,"868,794 106,701","106,701"
6,,"1,253,656 1,253,656","1,253,656"
7,,,
8,Employee Stock Option Plans,,
9,,,
10,A summary of the general terms of the grants under stock option plans and stock awards are as follows:,,
11,,,
12,,,Range of
13,,exercise prices,
14,IPO India Plan,INR,10 – 150
15,JSOP Plan,$,11.00
16,2014 Share Plan,,$16.25–18.30
17,2015 Share Plan,,$10.2–33.12
18,Other share option plans,$,16.00
19,Restricted Share Unit (RSU),,—
20,Management Share Award,,—
21,,,
22,Employees covered under the stock option plans are granted an option to purchase shares of the Company at the respective exercise,,
23,"prices, subject to fulfillment of vesting conditions (generally service conditions). These options generally vest in tranches over a",,
24,"period of one to five years from the date of grant. Upon vesting, the employees can acquire one share for every option. The",,
25,maximum contractual term for these stock option plans ranges between two to ten years.,,
26,,,
27,The activity in these employee stock option plans is summarized below:,,
28,,,
29,,Year ended March 31,
30,,2019 2018,2017
31,,Weighted Weighted,Weighted
32,,Number average Number average Number,average
33,,of exercise of exercise of,exercise
34,Name of Plan,shares price shares price shares,price
35,Outstanding at the beginning of the,,
36,year IPO India Plan,"1,624,035 INR 28.85 2,108,063 INR 34.96 2,196,215",INR 35.17
37,Granted,"— — 863,320 10.00 269,381",10.00
38,Exercised,"(536,263) 10.00 (1,113,160) 32.19 (269,553)",10.00
39,Forfeited and lapsed,"(329,886) 51.66 (234,188) 10.00 (87,980)",10.00
40,Outstanding at the end of the year,"757,886 32.17 1,624,035 28.85 2,108,063",34.96
41,Exercisable at the end of the year,"289,002 INR 68.13 501,122 INR 65.14 911,854",INR 63.75
42,,,
43,Outstanding at the beginning of the,,
44,year IPO Plan June 2006,"— — — — 62,438",GBP 5.28
45,Granted,— — — — —,—
46,Exercised,"— — — — (62,438)",5.28
47,Forfeited and lapsed,— — — — —-,
48,Outstanding at the end of the year,— — — — —,—
49,Exercisable at the end of the year,— — — — —,GBP —
50,,,
51,Outstanding at the beginning of the,,
52,year JSOP Plan,"1,146,955 $ 16.22 1,146,955 $ 16.22 1,239,497",$ 14.98
53,Granted,— — — — —,—
54,Exercised,"— — — — (92,542)",11
55,Forfeited and lapsed,"(762,093) 18.86 — — —",—
56,Outstanding at the end of the year,"384,862 $ 11.00 1,146,955 $ 16.22 1,146,955",$ 16.22
57,Exercisable at the end of the year,"384,862 $ 11.00 728,736 $ 11.00 728,736",$ 11.00
