,Unnamed: 0,Unnamed: 1,2019,% 2018,Unnamed: 2,%
0,,,,"(in thousands, except percentages)",,
1,Currency,,,,,
2,U.S. Dollar,$,"148,201","52.6% $ 107,236",,38.6%
3,Great British Pounds Sterling,,"65,215","23.2% 70,055",,25.2%
4,Indian Rupees,,"68,103","24.2% 100,865",,36.2%
5,Total,$,"281,519","100.0% $ 278,156",,100.0%
6,,,,,,
7,Maturity,,,,,
8,Due before one year,$,"209,180","74.3% $ 152,330",,54.8%
9,Due between one and three years,,"72,339","25.7% 50,650",,18.2%
10,Due between four and five years,,—,"— 75,176",,27.0%
11,Due after five years,,—,—,—,—
12,,$,"281,519","100.0% $ 278,156",,100.0%
13,Nature of rates,,,,,
14,Fixed interest rate,$,"205,156","72.9% $ 177,742",,63.9%
15,Floating rate,,"76,363","27.1% 100,414",,36.1%
16,Total,$,"281,519","100.0% $ 278,156",,100.0%
