,Unnamed: 0,Unnamed: 1,"Year ended March 31,",As a % of revenue,Unnamed: 2
0,,,2019 2018 Change %,2019,2018
1,,,(in thousands),,
2,Revenue,$,"270,126 $ 261,253 3.4%",,100.0 100.0
3,Cost of sales,,"(155,396)  (134,708)  15.4%",,57.5 51.6
4,Gross profit,,"114,730 126,545 (9.3%)",,42.5 48.4
5,Administrative costs,,"(87,134)  (68,029)  28.1%",,32.3 26.0
6,Operating profit before exceptional item,,"27,596 58,516 (52.8%)",,10.2 22.4
7,Impairment loss,,"(423,335)  — (100%)",,156.7  _
8,Operating profit/(loss),,"(395,739)  58,516 (776.3%)",,(146.5)  22.4
9,Net finance costs,,"(7,674)  (17,813)  (56.9%)",,2.8 6.8
10,"Other gains/(losses), net",,"288 (41,321)  (100.7%)",,(0.1)  15.8
11,Profit/(loss) before tax,,"(403,125)  (618)  (65130.6%)",,(149.2)  (0.2)
12,Income tax,,"(7,328)  (9,127)  (19.7%)",,2.7 3.5
13,Profit/(loss) for the year,$,"(410,453)  $ (9,745)  (4111.9%)",,(151.9)  (3.7)
14,,,,,
15,"The following table sets forth, for the period indicated, the revenue by region of domicile of Group’s operation.",,,,
16,,,,,
17,,,"Year ended March 31,",,
18,,,2019 2018,,Change (%)
19,,,(in thousands),,
20,India,,"$ 100,387 $","98,073",2.4%
21,Europe,,"63,196","27,028",133.8%
22,North America,,"1,759","1,244",41.4%
23,Rest of the world,,"104,784 134,908",,(22.3%)
24,Total revenues,,"$ 270,126 $ 261,253",,3.4%
