,Unnamed: 0,Unnamed: 1,(in thousands)
0,Eros India,,
1,"Secured credit, bill discounting and overdraft",$,"70,011"
2,Secured term loans,$,"14,282"
3,Vehicle loans,$,308
4,Total,$,"84,601"
5,Eros International plc,,
6,Retail Bond,$,"65,215"
7,Senior Convertible Notes,$,"68,349"
8,Total,$,"133,564"
9,Eros International Limited,,
10,Secured overdraft,$,"16,783"
11,Total,$,"16,783"
12,Eros Digital FZ LLC,,
13,Vehicle loans,$,74
14,Total,$,74
15,Eros World Wide FZ LLC,,
16,Secured term loan,$,"46,497"
17,Total,$,"46,497"
18,,,
19,Total,$,"281,519"
