,Unnamed: 0,Unnamed: 1,"June 30,","September 30, December 31,",Unnamed: 2,Unnamed: 3,"March 31,"
0,,,2018,2018 2018,,,2019
1,,,,(dollars in thousands),,,
2,Selected Quarterly Results of Operations,,,,,,
3,Revenue,$,"60,212","$ 63,425 $ 76,744",,$,"69,745"
4,Cost of sales,,"(36,571)","(38,114)  (44,459)",,,"(36,252)"
5,Gross profit,,"23,641","25,311 32,285",,,"33,493"
6,Administrative costs,,"(13,219)","(16,894)  (19,130)",,,"(37,891)"
7,Operating profit before exceptional item,,"10,422","8,417 13,155",,,"(4,398)"
8,Impairment Loss,,—,— —,,,"(423,335)"
9,Operating profit/(loss),,"10,422","8,417 13,155",,,"(427,733)"
10,Net finance costs,,"(2,348)","284 (3,925)",,,"(1,685)"
11,"Other gains/(losses), net",,"(14,685)","6,4267,462",,,"1,085"
12,Profit/(loss) before tax,,"(6,611)","15,127 16,692",,,"(428,333)"
13,Income tax,,"(2,879)","(1,711)  (2,218)",,,(520)
14,Profit/(loss) for the year,$,"(9,490)","$ 13,416  $ 14,474",,$,"(428,853)"
15,,,,,,,
16,OTHER NON-GAAP MEASURES,,,,,,
17,EBITDA(1),$,"(3,544)","$ 15,410 $ 21,141",,$,"(426,195)"
18,Adjusted EBITDA (1),$,"27,510","$ 27,492 $ 35,776",,$,"13,067"
19,Gross Adjusted EBITDA (1),$,"56,005","$ 59,320 $ 71,611",,$,"47,064"
20,Gross Revenue(2),$,"66,622","$ 72,262 $ 86,661",,$,"79,048"
21,,,,,,,
22,OPERATING DATA,,,,,,
23,High budget film releases(3),,—,— —,,,—
24,Medium budget film releases(3),,1,4 2,,,—
25,Low budget film releases(3),,13,13 23,,,16
26,Total new film releases(3),,14,17 25,,,16
