,Unnamed: 0,Isle of Man Law,Unnamed: 1,Unnamed: 2,Unnamed: 3,Unnamed: 4,Unnamed: 5,Unnamed: 6,Delaware Law
0,,,,,,,,,
1,Shareholder Suits,"The Isle of Man Court may,",on,application,,of a,,,"Under Delaware law, a shareholder may"
2,,"shareholder, permit that",shareholder,,to,bring,,,bring a derivative action on behalf of the
3,,proceedings in the name and on behalf of the company,,,,,,,corporation to enforce the rights of the
4,,(including intervening in proceedings,,to,which,the,,,"corporation, including for, among other"
5,,company is a party). In determining,,whether,or,not,,,"things, breach of fiduciary duty, corporate"
6,,"leave is to be granted, the Isle of Man Court will take",,,,,,,waste and actions not taken in accordance
7,,into account such things as whether the shareholder is,,,,,,,with applicable law. An individual also
8,,acting in good faith and whether the Isle of Man Court,,,,,,,may commence a class action suit on
9,,itself is satisfied that it is in the interests of the company,,,,,,,behalf of himself or herself and other
10,,that the conduct of the proceedings should not be left to,,,,,,,similarly situated shareholders where the
11,,the directors or to the determination of the shareholders,,,,,,,requirements for maintaining a class
12,,as a whole.,,,,,,,action under Delaware law have been met.
13,,,,,,,,,A person may institute and maintain such
14,,"Under Isle of Man law, a",shareholder,may,bring,an,,,a suit only if such person was a
15,,action against the company for a breach of a duty owed,,,,,,,shareholder at the time of the transaction
16,,by the company to such shareholder in that capacity.,,,,,,,which is the subject of the suit or his or
17,,,,,,,,,her shares thereafter devolved upon him or
18,,,,,,,,,"her by operation of law. Additionally,"
19,,,,,,,,,"under established Delaware case law, the"
20,,,,,,,,,plaintiff generally must be a shareholder
21,,,,,,,,,not only at the time of the transaction
22,,,,,,,,,"which is the subject of the suit, but also"
23,,,,,,,,,through the duration of the derivative suit.
24,,,,,,,,,Delaware law also requires that the
25,,,,,,,,,derivative plaintiff make a demand on the
26,,,,,,,,,directors of the corporation to assert the
27,,,,,,,,,corporate claim before the suit may be
28,,,,,,,,,"prosecuted by the derivative plaintiff,"
29,,,,,,,,,unless such demand would be futile. In
30,,,,,,,,,"such derivative and class actions, the court"
31,,,,,,,,,has discretion to permit the winning party
32,,,,,,,,,to recover attorneys’ fees incurred in
33,,,,,,,,,connection with such action.
34,,,,,,,,,
35,Inspection of Books and,"Upon giving written notice, a shareholder is entitled to",,,,,,,All shareholders of a Delaware
36,Records,inspect and to make copies of (or obtain extracts of) the,,,,,,,"corporation have the right, upon written"
