,Unnamed: 0,Unnamed: 1,debt(*),Unnamed: 2,debt,Unnamed: 3,Total
0,"As at March 31, 2018",$,"188,909",$,"87,755",$,"276,664"
1,Considered in cash flow (net),,"(12,239)",,"44,351",,"32,112"
2,Net finance cost in relation to convertible notes,,"10,682",,—,,"10,682"
3,Shares issued in lieu of convertible note,,"(49,741)",,—,,"(49,741)"
4,Movement in derivative financial instruments,,—,,902,,902
5,"Borrowing for purchase of property and equipment, net",,424,,—,,424
6,Amortization of debt issuance cost,,415,,—,,415
7,Transfer of long-term loan to short- term loan,,"(5,555)",,"5,555",,—
8,Changes in fair value of convertible notes measured at fair value through,,,,,,
9,profit and loss,,"21,398",,—,,"21,398"
10,Exchange adjustment,,"(7,039)",,"(4,369)",,"(11,408)"
11,"As at March 31, 2019",$,"147,254",$,"134,194",$,"281,448"
12,,,,,,,
13,(*) including current portion and derivative financial instruments,,,,,,
14,,,,,,,
15,,,Long term,,Short term,,
16,,,debt(*),,debt,,Total
17,"As at March 31, 2017",$,"198,792",$,"83,631",$,"282,423"
18,Considered in cash flow (net),,"(2,682)",,"4,675",,"1,993"
19,Net finance cost in relation to convertible notes,,"4,338",,—,,"4,338"
20,Swap interest,,(763),,—,,(763)
21,Shares issued in lieu of convertible notes,,"(32,168)",,—,,"(32,168)"
22,Convertible notes measured at fair value through profit and loss,,"13,840",,—,,"13,840"
23,Amortization of debt issuance cost,,664,,(253),,411
24,Exchange adjustment,,"6,888",,(298),,"6,590"
25,"As at March 31, 2018",$,"188,909",$,"87,755",$,"276,664"
