,Unnamed: 0,Unnamed: 1,2019 2018,Unnamed: 2,2017
0,,,(in thousands),,
1,"Foreign exchange (loss)/gain, net",$,"5,610 $ (6,250)",$,"3,872"
2,Gain/(loss) on sale of property and equipment,,(97)  2,,(22)
3,Gain on available-for-sale financial assets (Refer note 17),,37 —,,58
4,Impairment charge on available -for- sale financial assets (Refer note 17),,"— (2,436)",,—
5,(Loss) on de-recognition of financial assets measured at amortized cost net,,,,
6,(*),,"(5,988)  (3,562)",,—
7,Mark to market gain/(loss) on derivative financial instrument measured at,,,,
8,fair value through profit and loss account (Refer note 26),,(902)  —,,"10,297"
9,(Loss) on settlement of derivative financial instruments,,— (586),,—
10,(Loss) on financial liability (convertible notes) measured at fair value,,,,
11,through profit and loss account (Refer note 23),,"(21,398)  (13,840)",,—
12,(Loss) on deconsolidation of a subsidiary (Refer note 4),,"— (14,649)",,—
13,Reversal of expected credit loss,,"20,698 —",,—
14,Credit from Government of India,,"2,328 —",,—
15,,$,"288 $ (41,321)",$,"14,205"
16,(*) Arising on assignment and novation of trade receivables and trade payables with no-recourse. Derecognition of aforesai,,,,
17,financial assets/liabilities measured at amortized cost is to mitigate both credit risk and liquidity risk (Refer Note 32).,,,,
18,,,,,
19,10 INCOME TAX EXPENSE,,,,
20,,,,,
21,,,Year ended March 31,,
22,,,2019 2018,,2017
23,,,(in thousands),,
24,Current income tax expense,$,"17,372 $ 5,556",$,"7,822"
25,Deferred income tax (benefit) / charge,,"(10,044)  3,571",,"3,217"
26,Income tax expenses,$,"7,328 $ 9,127",$,"11,039"
27,,,,,
28,Reconciliation of tax charge,,,,
29,,,,,
30,,,Year ended March 31,,
31,,,2019 2018,,2017
32,,,(in thousands),,
33,(Loss)/Profit before tax,$,"(403,125)  $ (618)",$,"22,494"
34,Income tax expense at tax rates applicable to individual entities,,"6,814 7,358",,"10,003"
35,Tax effect of:,,,,
36,Adjustments in respect of current income tax of previous years,,(762)  657,,375
37,Changes in tax rates on temporary differences brought forward,,232 (168),,—
38,Items not deductible for income tax,,688 486,,815
39,Utilization of unrecognised tax losses,,356 794,,—
40,Others,,— —,,(154)
41,Income tax expense,$,"7,328 $ 9,127",$,"11,039"
