,Unnamed: 0,Unnamed: 1,Unnamed: 2,Unnamed: 3,Unnamed: 4,"As At March 31, 2019",Unnamed: 5,Unnamed: 6,Unnamed: 7,Unnamed: 8
0,,,,,,(in thousands),,,,
1,Cost or valuation,$,"13,858",$,"1,759","$ 1,389",$,"4,318",$,"21,324"
2,Accumulated depreciation,,"(4,296)",,"(1,560)",(840),,"(3,717)",,"(10,413)"
3,Net carrying amount,$,"9,562",$,199,$ 549,$,601,$,"10,911"
4,Capital work-in-progress,,,,,,,,$,10
5,"Net carrying value as at March 31, 2019",,,,,,,,$,"10,921"
6,,,,,,,,,,
7,,,,,,"As At March 31, 2018",,,,
8,,,Land,,"Furniture,",,,,,
9,,,and,fittings and,,,,,,
10,,,Building,,equipment,Vehicles,,Machinery,,Total
11,,,,,,(in thousands),,,,
12,Opening net carrying amount,$,"8,791",$,432,$ 504,$,606,$,"10,333"
13,Exchange difference,,(20),,—,(4),,(2),,(26)
14,Additions,,393,,31,422,,181,,"1,027"
15,Disposals,,—,,(91),(468),,(227),,(786)
16,Adjustment of depreciation on disposal,,—,,79,420,,221,,720
17,Depreciation charge,,(683),,(103),(176),,(303),,"(1,265)"
18,"Balance as at March 31, 2018",$,"8,481",$,348,$ 698,$,476,$,"10,003"
19,Capital work-in-progress,,,,,,,,$,10
20,"Net carrying value as at March 31, 2018",,,,,,,,$,"10,013"
21,,,,,,,,,,
22,,,,,,"As At March 31, 2018",,,,
23,,,,,,(in thousands),,,,
24,Cost or valuation,$,"12,647",$,"1,872","$ 1,314",$,"4,001",$,"19,834"
25,Accumulated depreciation,,"(4,166)",,"(1,524)",(616),,"(3,525)",,"(9,831)"
26,Net carrying amount,$,"8,481",$,348,$ 698,$,476,$,"10,003"
27,Capital work-in-progress,,,,,,,,$,10
28,"Net carrying value as at March 31, 2018",,,,,,,,$,"10,013"
