,Unnamed: 0,Isle of Man Law,Delaware Law
0,,,
1,Removal of Directors,"Under Isle of Man law, notwithstanding anything in the",A typical certificate of incorporation and bylaws
2,,memorandum or articles or in any agreement between a,"provide that, subject to the rights of holders of"
3,,"company and its directors, a director may be removed","any preferred stock, directors may be removed at"
4,,from office by way of shareholder resolution. Such,any time by the affirmative vote of the holders of
5,,resolution may only be passed (a) at a meeting of the,"at least a majority, or in some instances a"
6,,shareholders called for such purposes including the,"supermajority, of the voting power of all of the"
7,,removal of the director or (b) by a written resolution,then outstanding shares entitled to vote generally
8,,consented to by a shareholder or shareholders holding at,"in the election of directors, voting together as a"
9,,least 75% of the voting rights.,single class. A certificate of incorporation could
10,,,also provide that such a right is only exercisable
11,,The 2006 Act provides that a director may be removed,when a director is being removed for cause
12,,from office by a resolution of the directors if the directors,(removal of a director only for cause is the
13,,are expressly given such authority in the memorandum or,default rule in the case of a classified board).
14,,"articles, but our articles do not provide this authority.",
15,,,
16,Vacancy of Directors,Subject to any contrary provisions in a company’s,A typical certificate of incorporation and bylaws
17,,"memorandum or articles of association, a person may be","provide that, subject to the rights of the holders"
18,,appointed as a director (either to fill a vacancy or as an,"of any preferred stock, any vacancy, whether"
19,,additional director) by a resolution of the directors or by a,"arising through death, resignation, retirement,"
20,,resolution of the shareholders.,"disqualification, removal, an increase in the"
21,,,"number of directors or any other reason, may be"
22,,"Our articles provide that any vacancy resulting from,",filled by a majority vote of the remaining
23,,"among other things, removal, resignation, conviction and","directors, even if such directors remaining in"
24,,"disqualification, may be filled by another person willing","office constitute less than a quorum, or by the"
25,,to act as a director by way of shareholder resolution or,sole remaining director. Any newly elected
26,,resolution of our Board of Directors. Any director,director usually holds office for the remainder of
27,,appointed by the Board of Directors will hold office only,the full term expiring at the annual meeting of
28,,"until the next annual general meeting of the Company,",shareholders at which the term of the class of
29,,when he will be subject to retirement or re-election.,directors to which the newly elected director has
30,,,been elected expires.
31,,,
32,Interested Director,"Under Isle of Man law, as soon as a director becomes","Under Delaware law, some contracts or"
33,Transactions,aware of the fact that he is interested in a transaction,transactions in which one or more of a Delaware
34,,"entered into or to be entered into by the company, he must",corporation’s directors has an interest are not
35,,disclose this interest to the board of directors. Our articles,void or voidable because of such interest
36,,provide that no director may participate in approval of a,"provided that some conditions, such as obtaining"
37,,transaction in which he or she is interested.,the required approval and fulfilling the
38,,,"requirements of good faith and full disclosure, are"
39,,,met. For an interested director transaction not to
40,,,"be voided, either the shareholders or the board of"
41,,,directors must approve in good faith any such
42,,,contract or transaction after full disclosure of the
43,,,material facts or the contract or transaction must
44,,,have been “fair” as to the corporation at the time
45,,,it was approved. If board or committee approval
46,,,"is sought, the contract or transaction must be"
47,,,approved in good faith by a majority of
48,,,disinterested directors after full disclosure of
49,,,"material facts, even though less than a majority of"
50,,,a quorum.
