,Directors,Unnamed: 0,Unnamed: 1
0,Kishore Lulla,57.0,Executive Chairman and Group Chief Executive Officer and Managing Director
1,,,"Executive Director, President of North America & Group Chief Financial"
2,Prem Parameswaran,50.0,Officer
3,Sunil Lulla,55.0,"Director, Executive Vice Chairman"
4,Dilip Thakkar(1)(2)(3)(4),82.0,"Director, Chairman of Audit Committee"
5,David Maisel(1),57.0,Director
6,Rishika Lulla Singh,32.0,Director
7,Shailendra Swarup(1)(2)(3)(4),74.0,"Director, Chairman of Remuneration Committee and Nomination Committee"
8,Dhirendra Swarup(1)(2)(5),74.0,Director
9,Senior Management,,
10,Mark Carbeck,47.0,Chief Corporate & Strategy Officer
11,Pranab Kapadia,47.0,Head of International Distribution
12,Surender Sadhwani,63.0,President of Middle East Operations
13,______________,,
