,Copsale Limited,June 2006,BVI,100.00
0,Eros Australia Pty Limited,June 2006,Australia,100.0
1,Eros International Films Private Limited,June 2006,India,100.0
2,Eros International Limited,June 2006,U.K.,100.0
3,Eros International Media Limited,June 2006,India,62.39
4,Eros International USA Inc,June 2006,U.S.,100.0
5,Eros Music Publishing Limited,June 2006,U.K.,100.0
6,Eros Network Limited,June 2006,U.K.,100.0
7,Eros Pacific Limited,June 2006,Fiji,100.0
8,Eros Worldwide FZ-LLC,June 2006,UAE,100.0
9,Big Screen Entertainment Private Limited,January 2007,India,64.0
10,EyeQube Studios Private Limited,January 2008,India,99.99
11,Acacia Investments Holdings Limited,April 2008,IOM,100.0
12,Eros International Pte Limited,August 2010,Singapore,100.0
13,Digicine Pte. Limited,March 2012,Singapore,100.0
14,Colour Yellow Productions Private Limited,May 2014,India,50.0
15,Eros Digital FZ LLC,September 2015,UAE,100.0
16,Eros Digital Limited,July 2016,IOM,100.0
17,Eros Films Limited,November 2016,IOM,100.0
18,Universal Power Systems Private Limited,August 2015,India,100.0
