,Unnamed: 0,Isle of Man Law,Delaware Law
0,,,
1,Cumulative Voting,There is no concept of cumulative voting under Isle,Delaware law does not require that a Delaware corporation
2,,of Man law.,"provide for cumulative voting. However, the certificate of"
3,,,incorporation of a Delaware corporation may provide that
4,,,shareholders of any class or classes or of any series may
5,,,vote cumulatively either at all elections or at elections
6,,,under specified circumstances.
7,,,
8,Shareholder Action,A written resolution will be passed if it is consented,Unless otherwise specified in a Delaware corporation’s
9,Without a Meeting,to in writing by shareholders holding in excess of,"certificate of incorporation, any action required or"
10,,50% or 75% in the case of a special resolution of the,permitted to be taken by shareholders at an annual or
11,,rights to vote on such resolution. The consent may,special meeting may be taken by shareholders without a
12,,"be in the form of counterparts, and our articles","meeting, without notice and without a vote, if consents, in"
13,,"provide that, in such circumstances, the resolution","writing, setting forth the action, are signed by shareholders"
14,,takes effect on the earliest date upon which,with not less than the minimum number of votes that
15,,shareholders holding a sufficient number of votes to,would be necessary to authorize the action at a meeting at
16,,constitute a resolution of shareholders have,which all shares entitled to vote were present and voted.
17,,consented to the resolution in writing. Any holder of,"All consents must be dated. No consent is effective unless,"
18,,B ordinary shares consenting to a resolution in,within 60 days of the earliest dated consent delivered to the
19,,writing is first required to certify that it is a,"corporation, written consents signed by a sufficient number"
20,,permitted holder as defined in our articles. If any,of holders to take the action are delivered to the
21,,written resolution of the shareholders of the,corporation.
22,,company is adopted otherwise than by unanimous,
23,,"written consent, a copy of such resolution must be",
24,,sent to all shareholders not consenting to such,
25,,resolution upon it taking effect.,
26,,,
27,Business,"Under Isle of Man law, a merger or consolidation","With certain exceptions, a merger, consolidation or sale of"
28,Combinations,"must be approved by, among other things, the",all or substantially all the assets of a Delaware corporation
29,,directors of the company and by shareholders,must be approved by the board of directors and a majority
30,,holding at least 75% of the voting rights. A scheme,(unless the certificate of incorporation requires a higher
31,,"of arrangement (which includes, among other",percentage) of the outstanding shares entitled to vote
32,,"things, a sale or transfer of the assets of the",thereon.
33,,"company) must be approved by, among other things,",
34,,"the directors of the company, a 75% shareholder",
35,,majority and also requires the sanction of the court.,
36,,,
37,Interested,There are no equivalent provisions under Isle of,Section 203 of the Delaware General Corporation Law
38,Shareholders,Man law relating to interested shareholders.,generally prohibits a Delaware corporation from engaging
39,,,"in specified corporate transactions (such as mergers, stock"
40,,,and asset sales and loans) with an “interested shareholder”
41,,,for three years following the time that the shareholder
42,,,becomes an interested shareholder. Subject to specified
43,,,"exceptions, an “interested shareholder” is a person or group"
44,,,that owns 15% or more of the corporation’s outstanding
45,,,voting stock (including any rights to acquire stock pursuant
46,,,"to an option, warrant, agreement, arrangement or"
47,,,"understanding, or upon the exercise of conversion or"
48,,,"exchange rights, and stock with respect to which the person"
49,,,"has voting rights only), or is an affiliate or associate of the"
50,,,corporation and was the owner of 15% or more of the
51,,,voting stock at any time within the previous three years.
