,•,establish an independent audit committee that has responsibilities set out in the NYSE rules;
0,•,provide prompt certification by our chief executive officer of any material non-compliance with any corporate governance
1,,rules of the NYSE;
2,•,provide periodic (annual and interim) written affirmations to the NYSE with respect to our corporate governance
3,,practices; and
4,•,include in our annual reports a brief description of significant differences between our corporate governance practices and
