,Unnamed: 0,Isle of Man Law,Delaware Law
0,,,
1,General Meetings,The 2006 Act does not require a company to hold an annual,Shareholders of a Delaware corporation
2,,general meeting of its shareholders. Subject to anything contrary,generally do not have the right to call
3,,"in the company’s memorandum and articles of association, a",meetings of shareholders unless that right
4,,meeting of shareholders can be held at such time and in such,is granted in the certificate of
5,,"place, within or outside the Isle of Man, as the convener of the","incorporation or bylaws. However, if a"
6,,"meeting considers appropriate. Under the 2006 Act, the directors",corporation fails to hold its annual
7,,of a company (or any other person permitted by the company’s,meeting within a period of 30 days after
8,,memorandum and articles of association) may convene a,the date designated for the annual
9,,"meeting of the shareholders of a company. Further, the directors","meeting, or if no date has been"
10,,of a company must call a meeting to consider a resolution,designated for a period of 13 months
11,,requested in writing by shareholders holding at least 10% of the,"after its last annual meeting, the"
12,,company’s voting rights. The Isle of Man Court may order a,Delaware Court of Chancery may order a
13,,meeting of members to be held and to be conducted in such,meeting to be held upon the application
14,,"manner as the Court orders, among other things, if it is of the",of a shareholder.
15,,opinion that it is in the interests of the shareholders of the,
16,,company that a meeting of shareholders is held.,
17,,,
18,,Our articles require our Board of Directors to convene annually,
19,,"a general meeting of the shareholders at such time and place, and",
20,,"to consider such business, as the Board of Directors may",
21,,determine.,
22,,,
23,Quorum Requirements for,The 2006 Act provides that a quorum at a general meeting of,A Delaware corporation’s certificate of
24,General Meetings,shareholders may be fixed by the articles. Our articles provide a,incorporation or bylaws can specify the
25,,quorum required for any general meeting consists of,number of shares that constitute the
26,,shareholders holding at least 30% of the issued share capital of,quorum required to conduct business at a
27,,the Company.,"meeting, provided that in no event will a"
28,,,quorum consist of less than one-third of
29,,,the shares entitled to vote at a meeting.
30,,,
31,Board of Directors,Our articles provide that unless and until otherwise determined,A typical certificate of incorporation and
32,,"by our Board of Directors, the number of directors will not be",bylaws would provide that the number of
33,,"less than three or more than twelve, with the exact number to be",directors on the board of directors will be
34,,set from time to time by the Board of Directors. While there is,fixed from time to time by a vote of the
35,,no concept of dividing a board of directors into classes under,majority of the authorized directors.
36,,"Isle of Man law, there is nothing to prohibit a company from","Under Delaware law, a board of directors"
37,,"doing so. Consequently, under our articles, our Board of",can be divided into up to three classes.
38,,"Directors is divided into three classes, each as nearly equal in",
39,,"number as possible and at each annual general meeting, each of",
40,,the directors of the relevant class the term of which shall then,
41,,expire shall be eligible for re-election to the Board of Directors,
42,,for a period of three years.,
