,Unnamed: 0,Unnamed: 1,Unnamed: 2,2019,Unnamed: 3,Unnamed: 4,2018,Unnamed: 5,2017
0,,,,,Weighted,,Weighted,,Weighted
1,,,Number,,average,Number,average,Number,average
2,,,of,,exercise,of,exercise,of,exercise
3,,Name of Plan,shares,,price,shares,price,shares,price
4,Outstanding at the beginning of the,,,,,,,,
5,year,JSOP Plan,"1,146,955",$,16.22,"1,146,955",$ 16.22,"1,239,497",$ 14.98
6,Granted,,—,,—,—,—,—,—
7,Exercised,,—,,—,—,—,"(92,542)",11
8,Forfeited and lapsed,,"(762,093)",,18.86,—,—,—,—
9,Outstanding at the end of the year,,"384,862",$,11.00,"1,146,955",$ 16.22,"1,146,955",$ 16.22
10,Exercisable at the end of the year,,"384,862",$,11.00,"728,736",$ 11.00,"728,736",$ 11.00
11,,,,,,,,,
12,Outstanding at the beginning of the,Option award scheme,,,,,,,
13,year,2012,"674,045",$,11.00,"674,045",$ 11.00,"674,045",$ 11.00
14,Granted,,—,,—,—,—,—,—
15,Exercised,,—,,—,—,—,—,—
16,Forfeited and lapsed,,"(674,045)",,11.00,—,—,—,—
17,Outstanding at the end of the year,,—,,—,"674,045",11.00,"674,045",11.00
18,Exercisable at the end of the year,,—,,—,"674,045",$ 11.00,"449,363",$ 11.00
19,,,,,,,,,
20,Outstanding at the beginning of the,,,,,,,,
21,year,2014 Share Plan,"399,999",$,17.79,"723,749",$ 18.06,"773,749",$ 17.86
22,Granted,,—,,—,—,—,—,—
23,Exercised,,—,,—,—,—,—,—
24,Forfeited and lapsed,,—,,—,"(323,750)",18.39,"(50,000)",14.97
25,Outstanding at the end of the year,,"399,999",,17.79,"399,999",17.79,"723,749",18.06
26,Exercisable at the end of the year,,"399,999",$,17.79,"289,583",$ 17.67,"288,333",$ 17.80
27,,,,,,,,,
28,Outstanding at the beginning of the,,,,,,,,
29,year,2015 Share Plan,"211,250",$,16.21,"233,750",$ 16.23,"282,500",$ 16.68
30,Granted,,"1,305,399",,14.86,—,—,—,—
31,Exercised,,"(10,416)",,7.92,"(10,208)",8.71,"(8,750)",8.84
32,Forfeited and lapsed,,"(215,834)",,18.23,"(12,292)",14.64,"(40,000)",18.68
33,Outstanding at the end of the year,,"1,290,399",,14.68,"211,250",16.21,"233,750",16.23
34,Exercisable at the end of the year,,"981,545",$,14.66,"181,354",$ 17.36,"127,604",$ 17.46
35,,,,,,,,,
36,Outstanding at the beginning of the,,,,,,,,
37,year,Other share option plans,"500,000",$,18.88,"500,000",$ 18.88,"1,000,000",18.44
38,Granted,,—,,,—,,—,—
39,Exercised,,—,,,—,,—,—
40,Forfeited and lapsed,,—,,,—,,"(500,000)",18
41,Outstanding at the end of the year,,"500,000",,16.00,"500,000",18.88,"500,000",18.88
42,Exercisable at the end of the year,,"400,000",$,16.00,"300,000",$ 18.88,"200,000",$ 18.88
43,,,,,,,,,
44,Outstanding at the beginning of the,,,,,,,,
45,year,RSU,"837,590",,—,"182,725",—,"72,480",—
46,Granted,,"211,567",,—,"1,044,290",—,"216,735",—
47,Exercised,,"(450,541)",,—,"(366,491)",—,"(95,990)",—
48,Forfeited and lapsed,,"(93,225)",,—,"(22,934)",—,"(10,500)",—
49,Outstanding at the end of the year,,"505,391",,—,"837,590",—,"182,725",—
50,Exercisable at the end of the year,,"32,013",,—,"119,150",—,"12,445",—
51,,,,,,,,,
52,Outstanding at the beginning of the,,,,,,,,
53,year,Management Scheme,"1,513,333",,—,"1,130,000",—,"910,000",—
54,Granted,,"1,400,000",,—,"700,000",—,"670,000",—
55,Exercised,,"(320,000)",,—,"(316,667)",—,"(450,000)",—
56,Forfeited and lapsed,,—,,—,—,—,—,—
57,Outstanding at the end of the year,,"2,593,333",,—,"1,513,333",—,"1,130,000",—
58,Exercisable at the end of the year,,"516,667",,—,"173,333",—,"180,000",—
