,Unnamed: 0,Unnamed: 1,Unnamed: 2,As at,Unnamed: 3,Unnamed: 4,As at.1,Unnamed: 5
0,,,,"March 31,2019",,,"March 31,2018",
1,,Details of,,,,(in thousands),,
2,,Transaction,,Liability,Asset,Liability,,Asset
3,Red Bridge Group Limited,President fees,$,648 $,,— $,464 $,—
4,550 County Avenue,Rent/Deposit,,499,,135,482,135
5,Line Cross Limited,Rent/Deposit,,—,,—,876,258
6,NextGen Films Private Limited,Purchase/Sale,,—,"41,470",,—,"38,862"
7,Everest Entertainment LLP,Purchase/Sale,,574,,—,65,—
8,Beech Investments Limited,Advance,,500,,—,,—
9,Lulla Family,Rent/Deposit,,243,,841,244,947
10,Lulla Family,Salary,,"3,279",,—,"2,468",—
11,Lulla Family,Advance,,"6,650",,—,—,—
12,Xfinite Global Plc,Advance,,"6,500",,—,—,—
