,Unnamed: 0,Unnamed: 1,2019,2018,Unnamed: 2,Unnamed: 3,2017
0,,Weighted,Weighted,,,Weighted,
1,,average,Weighted average,Weighted,,average,Weighted
2,,remaining,average remaining,average,,remaining,average
3,,life,exercise life,exercise,,life,exercise
4,Name of Plan,(Years),price (Years),price,,(Years),price
5,IPO India Plan,7.70,INR* 32.17 8.11,INR* 35.0,,7.68,INR* 35.0
6,JSOP Plan,3.05,$ 11.00 3.93,$ 16.19,,4.93,$ 16.19
7,Option award scheme 2012,—,$ — 3.75,$ 11.00,,4.83,$ 11.00
8,2014 Share Plan,2.25,$ 17.79 5.96,$ 17.79,,7.11,$ 18.06
9,2015 Share Plan,6.01,$ 14.68 6.06,$ 16.21,,6.08,$ 16.23
10,Other share option plans,1.87,$ 16.00 2.87,$ 18.88,,3.87,$ 18.88
11,Management Scheme,6.00,$ — 5.56,$ —,,5.59,$ —
12,Restricted Stock Unit,6.00,$ — 5.60,$ —,,5.63,$ —
13,,,,,,,
14,*INR – Indian Rupees,,,,,,
15,,,,,,,
16,2015 Share Plan,,,,,,
17,,,,,,,
18,The following table summarizes information about inputs to the fair valuation model for options granted during the year:,,,,,,
19,,,,,,,
20,,,,,,,Inputs
21,Expected volatility(1),,,,,,50%
22,Option life (Years),,,,,,6.1 – 6.6
23,Dividend yield,,,,,,0%
24,Risk free rate,,,,,,2.5% - 2.9%
