,Unnamed: 0,Isle of Man Law,Delaware Law,Unnamed: 1,Unnamed: 2,Unnamed: 3
0,,,,,,
1,Amendment of Governing,"Under Isle of Man law, the shareholders of a company","Under Delaware law,",amendments,to,a
2,Documents,"may, by resolution, amend the memorandum and",corporation’s certificate of incorporation require,,,
3,,articles of the company. The memorandum and articles,the approval of shareholders holding a majority,,,
4,,of a company may authorize the directors to amend the,of the outstanding shares entitled to vote on the,,,
5,,"memorandum and articles, but our memorandum and",amendment. If a class vote on the amendment is,,,
6,,articles do not contain any such power. Our,"required by Delaware law,",a majority,of,the
7,,memorandum of association provides that our,"outstanding stock of the class is required, unless",,,
8,,memorandum of association and articles of association,a greater proportion,is specified,in,the
9,,may be amended by a special resolution of,certificate of incorporation,or by,other,
10,,shareholders.,provisions of Delaware,law. Under Delaware,,
11,,,"law, the board of directors may amend bylaws if",,,
12,,,so authorized in the certificate of incorporation.,,,
13,,,The shareholders of a Delaware corporation also,,,
14,,,have the power to amend bylaws.,,,
15,,,,,,
16,Dividends and,The 2006 Act contains a statutory solvency test. A,Delaware law permits a corporation to declare,,,
17,Repurchases,company satisfies the solvency test if it is able to pay,"and pay dividends out of statutory surplus or, if",,,
18,,its debts as they become due in the normal course of its,"there is no surplus, out of net profits for the",,,
19,,business and where the value of the company’s assets,fiscal year in which the,dividend is declared,,
