,Unnamed: 0,Unnamed: 1,"Year ended March 31,",As a % of revenue,Unnamed: 2
0,,,2018 2017 Change %,2018,2017
1,,,(in thousands),,
2,Revenue,$,"261,253 $ 252,994 3.3%",100.0,100.0
3,Cost of sales,,"(134,708)  (164,240)  (18.0%)",51.6,64.9
4,Gross profit,,"126,545 88,754 42.6%",48.4,35.1
5,Administrative costs,,"(68,029)  (63,309)  7.5%",26.0,25.0
6,Operating profit,,"58,516 25,445 130.0%",22.4,10.1
7,Net finance costs,,"(17,813)  (17,156)  3.8%",6.8,6.8
8,"Other gains/(losses), net",,"(41,321)  14,205 (390.9%)",15.8,5.6
9,(Loss)/Profit before tax,,"(618)  22,494 (102.7%)",(0.2),8.9
10,Income tax expense,,"(9,127)  (11,039)  (17.3%)",3.5,4.4
11,(Loss)/Profit for the year,$,"(9,745)  $ 11,455 (185.1%)",(3.7),4.5
12,,,,,
13,"The following table sets forth, for the period indicated, the revenue by region of domicile of Group’s operation.",,,,
14,,,,,
15,,,"Year ended March 31,",,
16,,,2018,2017,Change (%)
17,,,(in thousands),,
18,India,,"$ 98,073","$ 121,966",(19.6%)
19,Europe,,"27,028","25,686",5.2%
20,North America,,"1,244","2,549",(51.2%)
21,Rest of the world,,"134,908","102,793",31.2%
22,Total revenues,,"$ 261,253","$ 252,994",3.3%
