,Unnamed: 0,Unnamed: 1,Unnamed: 2,Unnamed: 3,Year ended March 31,Unnamed: 4
0,,Note,,2019,2018 2017,
1,,,,"(in thousands, except per share amounts)",,
2,Revenue,5,$,"270,126","$ 261,253 $ 252,994",
3,Cost of sales,6,,"(155,396)","(134,708)  (164,240)",
4,Gross profit,,,"114,730","126,545 88,754",
5,Administrative costs,6,,"(87,134)","(68,029)  (63,309)",
6,Operating profit before exceptional item,,,"27,596","58,516 25,445",
7,Impairment loss,2(b),,"(423,335)",—,—
8,Operating profit/(loss),,,"(395,739)","58,516 25,445",
9,Finance costs,8,,"(24,093)","(19,668)  (19,521)",
10,Finance income,8,,"16,419","1,855 2,365",
11,Net finance costs,8,,"(7,674)","(17,813)  (17,156)",
12,Other gains/(losses),9,,,"288 (41,321)  14,205",
13,Profit/(loss) before tax,,,"(403,125)","(618)  22,494",
14,Income tax,10,,"(7,328)","(9,127)  (11,039)",
15,Profit/(loss) for the year,,$,"(410,453)","$ (9,745)  $ 11,455",
16,Attributable to:,,,,,
17,Equity holders of Eros International Plc,,$,"(423,867)","$ (22,575)  $ 3,805",
18,Non-controlling interest,,,"13,414","12,830 7,650",
19,,,$,"(410,453)","$ (9,745)  $ 11,455",
20,(Loss)/Earnings per share (cents),,,,,
21,Basic earnings/(loss) per share,12,,(599.5),(36.3),6.4
22,Diluted earnings/(loss) per share,12,,(599.5),(36.3),5.1
