,Unnamed: 0,Unnamed: 1,Unnamed: 2,Unnamed: 3,2019,Unnamed: 4,2018
0,,,,,(in thousands),,
1,Within one year,,,$,401 $,,149
2,Within two to five years,,,,865,,267
3,,,,$,"1,266 $",,416
4,,,,,,,
5,23 BORROWINGS,,,,,,
6,,,,,,,
7,An analysis of long-term borrowings is shown in the table below.,,,,,,
8,,,,,,,
9,Nominal,,,,As At March 31,,
10,Interest Rate,,Maturity,,2019,,2018
11,,,,,(in thousands),,
12,Asset backed borrowings,,,,,,
13,Vehicle loan 2.5 - 9.5%,,2017-22,$,382 $,,560
14,MCLR +3.2% -,,,,,,
15,Term loan 4.50%,,2019-22,,"12,947",,"22,430"
16,Term loan BR + 2.75%,,2020-21,,"1,083",,"1,766"
17,Term loan 10.39% - 13.75%,,2020-23,,251,,"9,580"
18,,,,$,"14,663",,"34,336"
19,Unsecured borrowings,,,,,,
20,Retail bond 6.50%,,2021-22,,"65,215",,"70,055"
21,Convertible notes(1) 14.23%,,2020-21,,"68,349",,"86,010"
22,,,,$,"133,564 $",,"156,065"
23,,,,,,,
24,Cumulative effect of unamortised costs,,,,(691),,"(1,210)"
25,Installments due within one year:,,,,,,
26,Convertible notes,,,,"(68,349)",,"(53,500)"
27,Others,,,,"(7,267)",,"(10,708)"
28,,,,$,"71,920 $",,"124,983"
29,Long-term borrowings at fair value,,,,— $,,"32,510"
30,Long-term borrowings at amortised cost,,,$,"71,920 $",,"92,473"
