,Unnamed: 0,Unnamed: 1,2019,2018,2017,Unnamed: 2,2016,Unnamed: 3,2015
0,,,,,(in thousands),,,,
1,(Loss)/Profit for the year,$,"(410,453)  $","(9,745)","$ 11,455",$,"13,288",$,"49,330"
2,Income tax expense,,"7,328","9,127","11,039",,"12,711",,"13,178"
3,Net finance costs,,"7,674","17,813","17,156",,"8,010",,"5,861"
4,Depreciation,,"1,049","1,265","1,082",,"1,154",,"1,089"
5,Amortization(a),,"1,214","1,726","1,816",,"1,131",,608
6,EBITDA (Non-GAAP),,"(393,188)","20,186","42,548",,"36,294",,"70,066"
7,(Gain)/Impairment of available-for-sale financial,,,,,,,,
8,assets,,—,—,(58),,—,,"1,307"
9,Transaction costs relating to equity transactions,,—,—,—,,—,,61
10,Net (gain)/loss on derivative financial instruments,,—,586,"(10,297)",,"3,566",,"7,801"
11,Share based payments(b),,"21,561","17,918","23,471",,"30,992",,"21,915"
12,Loss/(Gain) on sale of property and equipment,,97,(2),—,,—,,—
13,Loss on de-recognition of financial assets measured,,,,,,,,
14,"at amortized cost, net",,"5,988","3,562",—,,—,,—
15,"Credit impairment loss, net",,"10,673",,—,,—,,—
16,Loss on financial liability (convertible notes),,,,,,,,
17,measured at fair value through profit and loss,,"21,398","13,840",—,,—,,—
18,Loss on deconsolidation of a subsidiary,,—,"14,649",—,,—,,—
19,Impairment of goodwill,,—,"1,205",—,,—,,—
20,"Adjustment arisen from significant discounting,",,,,,,,,
21,component,,"34,467","6,816",—,,—,,—
22,Reversal credit impairment losses/(gains),,"(20,698)","4,308",—,,—,,—
23,Closure of derivative,,249,,—,,—,,—
24,Impairment loss,,"423,335",,—,,—,,—
25,Others,,(37),(113),—,,—,,—
26,Adjusted EBITDA (Non-GAAP)(b),$,"103,845 $","82,955","$ 55,664",$,"70,852",$,"101,150"
27,Amortization of intangible films and content rights,,"130,155","115,285","135,316",,"128,303",,"117,254"
28,Gross Adjusted EBITDA (Non-GAAP)(b),$,"234,000 $","198,240","$ 190,980",$,"199,155",$,"218,404"
29,_______________,,,,,,,,
30,(a) Includes only amortization of intangible assets other than capitalized film content.,,,,,,,,
31,"(b) Consists of compensation costs, recognised with respect to all outstanding share based compensation plans and all othe",,,,,,,,
32,equity settled instruments.,,,,,,,,
33,,,,,,,,,
34,Gross Revenue is defined as revenue reported under IFRS adjusted in respect of a significant financing component that arises o,,,,,,,,
35,"account of normal credit terms provided to licensees of our content catalogue, thereby excluding the effects of IFRS 15, “Revenu",,,,,,,,
36,"from Contracts with Customers” (“IFRS 15”). We adopted IFRS 15 on April 1, 2018, using the modified retrospective metho",,,,,,,,
37,"applied to all contracts as of April 1, 2018. Results for reporting periods beginning after April 1, 2018 are presented under IFRS 15",,,,,,,,
38,while prior period amounts are not adjusted and continue to be reported in accordance with our historic accounting under IAS 18,,,,,,,,
39,"Revenue (“IAS 18”). For certain content licensing arrangements, our collection period ranges between 2 – 3 years from contrac",,,,,,,,
40,"inception date. Under IFRS 15, for arrangements where the implied collection period (or normal credit term) is considered to b",,,,,,,,
41,"more than one year, revenue is recognized after adjusting the promised amount of consideration for a significant financin",,,,,,,,
42,"component, using the discount rate that would be reflected in a separate financing transaction between the entity and its customer a",,,,,,,,
43,contract inception. Gross Revenue includes such financing component with our revenue under IFRS.,,,,,,,,
44,The following table sets forth the reconciliation of our revenue to Gross Revenue:,,,,,,,,
45,,,,"Year ended March 31,",,,,,
46,,,2019,2018,2017,,2016,,2015
47,,,(In thousands),,,,,,
48,Revenue,,"270,126","261,253","252,994",,"274,428",,"284,175"
49,Adjustment towards significant financing,,,,,,,,
50,component,,"34,467","6,816(*)",—,,—,,—
51,Gross Revenue,,"304,593","268,069","252,994",,"274,428",,"284,175"
