,Unnamed: 0,Unnamed: 1,2019,Unnamed: 2,2018,Unnamed: 3,Unnamed: 4,2017
0,Movement in Hedging reserve:,,,,,,,
1,Opening balance,$,—,$,(375),,$,"(1,179)"
2,Reclassified to consolidated statements of income,,—,,375,,,804
3,Closing balance,$,—,$,—,,$,(375)
4,,,,,,,,
5,Movement in revaluation reserve:,,,,,,,
6,Opening balance,$,"1,835",$,"1,829",,$,"1,856"
7,Net gain recognised on revaluation of property and equipment,,"1,019",,—,,,—
8,Impact of translation difference,,78,,6,,,(27)
9,Closing balance,$,"2,932",$,"1,835",,$,"1,829"
10,,,,,,,,
11,Movement in available for sale fair value reserve:,,,,,,,
12,Opening balance,$,"6,238",$,"6,238",,$,"6,622"
13,Impairment loss on available-for-sale financial assets,,"(24,687)",,—,,,(384)
14,Closing balance,$,"(18,449)",$,"6,238",,$,"6,238"
15,,,,,,,,
16,Movement in Foreign currency translation reserves,,,,,,,
17,Opening balance,$,"(56,722)",$,"(55,810)",,$,"(60,609)"
18,Adoption of IFRS 9 (net of tax) Refer Note 39(i),,(34),,—,,,—
19,Other comprehensive loss due to translation of foreign operations (*),,"(7,423)",,(912),,,"4,799"
20,Closing balance,$,"(64,179)",$,"(56,722)",,$,"(55,810)"
21,,,,,,,,
22,Total other components of equity,$,"(79,696)",$,"(48,649)",,$,"(48,118)"
23,,,,,,,,
24,"(*) includes movement in foreign currency translation reserves arising on account of deconsolidation $Nil (2018: $502, 2017: Nil",,,,,,,
25,of financial asset.,,,,,,,
26,,,,,,,,
27,31 SIGNIFICANT NON-CASH EXPENSES,,,,,,,
28,,,,,,,,
29,"Significant non-cash expenses, except loss on sale of assets, share based compensation, depreciation and amortization were a",,,,,,,
30,follows:,,,,,,,
31,,,,,,,,
32,,,,As at March 31,,,,
33,,,2019,,2018,,,2017
34,,,,(in thousands),,,,
35,Unrealised foreign exchange loss / (gain),$,"(3,329)",$,"5,466",,$,"(3,838)"
36,"Credit impairment loss, net",,"26,283",,"3,376",,,—
37,Impairment charge on available-for-sale financial assets,,—,,"2,436",,,—
38,"Net losses on de-recognition of financial assets measured at amortized cost,",,,,,,,
39,net,,"5,988",,"3,562",,,—
40,Mark to market gain on derivative financial instrument measured at fair,,,,,,,
41,value through profit and loss,,902,,—,,,"(10,297)"
42,Loss on settlement of derivative financial instruments,,—,,586,,,—
43,Loss on financial liability (convertible notes) measures at fair value through,,,,,,,
44,profit and loss,,"21,398",,"13,840",,,—
45,Loss on deconsolidation of a subsidiary,,—,,"14,649",,,—
46,Provisions for trade and other receivables,,—,,"4,740",,,"2,430"
47,"Provision no longer required, written-back",,(120),,(124),,,(798)
48,Impairment loss on advances content vendors,,"7,284",,353,,,"1,887"
49,Impairment loss,,"423,335",,"1,205",,,—
50,Others,,32,,30,,,—
51,,$,"481,773",$,"50,119",,$,"(10,616)"
