,Unnamed: 0,Unnamed: 1,Unnamed: 2,Recognized,Unnamed: 3,Unnamed: 4,Unnamed: 5
0,,,,in consolidated,,,
1,,,Opening,statements of Exchange,,,Closing
2,,,Balance,income Difference,,,Balance
3,,,,(in thousands),,,
4,Deferred tax assets:,,,,,,
5,Minimum alternate tax carry-forward,$,"14,170","$ (2,621)  $",200,$,"11,749"
6,Property and equipment,,57,95,3,,155
7,Others,,834,216,32,,"1,082"
8,Total income deferred tax asset,$,"15,061","$ (2,310)  $",235,$,"12,986"
9,Deferred income tax liabilities:,,,,,,
10,Property and equipment,,"(1,247)",24,(5),,"(1,228)"
11,Intangible assets,,"(45,714)",(917),(959),,"(47,590)"
12,Others,,(14),(14),(1),,(29)
13,Total deferred income tax liability,$,"(46,975)",$ (907)  $,(965),$,"(48,847)"
14,,,,,,,
15,Net deferred tax (liability) / asset,$,"(31,914)","$ (3,217)  $",(730),$,"(35,861)"
16,"As at March 31, 2017",,,,,,
17,Deferred income tax asset,,,,,$,112
18,Deferred income tax liability,,,,,$,"(35,973)"
