,·,"In arrangements for theatrical distribution, contracted minimum guarantees are recognized on the theatrical release date."
0,,The Group’s share of box office receipts in excess of the minimum guarantee is recognized at the point as the box office
1,,receipts gets accrued.
2,·,"In arrangements for television syndication, license fees received in advance which do not meet all the above criteria,"
3,,"including commencement of the availability for broadcast under the terms of the related licensing agreement, are"
4,,included in contract liability until the criteria for recognition is met. Further in arrangements where the license fees
5,,"received in advance is for a period of 12 months or more from the commencement, the company computes significant"
6,,discounting component at imputed rate of interest on advances received and recognizes within net finance cost in the
7,,statement of income. Accumulated contract liability (deferred revenue) is recognized upon commencement of
8,,availability for broadcast.
9,·,"In arrangements for catalogue sales, the Group recognizes revenue if revenue recognition criteria’s such as a valid sales"
