,Unnamed: 0,Isle of Man Law,Delaware Law
0,,,
1,,,A Delaware corporation may elect to “opt out”
2,,,"of, and not be governed by, Section 203 through a"
3,,,provision in either its original certificate of
4,,,"incorporation or its bylaws, or an amendment to"
5,,,its original certificate or bylaws that was
6,,,approved by majority shareholder vote. With a
7,,,"limited exception, this amendment would not"
8,,,become effective until 12 months following its
9,,,adoption.
10,,,
11,Limitations on Personal,"Under Isle of Man law, a director who vacates office",A Delaware corporation may include in its
12,Liability of Directors,remains liable under any provisions of the 2006 Act that,certificate of incorporation provisions limiting
13,,impose liabilities on a director in respect of any acts or,the personal liability of its directors to the
14,,omissions or decisions made while that person was a,corporation or its shareholders for monetary
15,,director.,damages for many types of breach of fiduciary
16,,,"duty. However, these provisions may not limit"
17,,,"liability for any breach of the duty of loyalty, acts"
18,,,or omissions not in good faith or that involve
19,,,intentional misconduct or a knowing violation of
20,,,"law, the authorization of unlawful dividends,"
21,,,"shares repurchases or shares barring redemptions,"
22,,,or any transaction from which a director derived
23,,,an improper personal benefit. A typical certificate
24,,,of incorporation would also provide that if
25,,,Delaware law is amended so as to allow further
26,,,"elimination of, or limitations on, director liability,"
27,,,then the liability of directors will be eliminated or
28,,,limited to the fullest extent permitted by
29,,,"Delaware law as so amended. However, these"
30,,,provisions would not be likely to bar claims
31,,,arising under U.S. federal securities laws.
32,,,
33,Indemnification of,"A company may indemnify against all expenses, any","Under Delaware law, subject to specified"
34,Directors and Officers,"person who is or was a party, or is threatened to be made",limitations in the case of derivative suits brought
35,,"a party to any civil, criminal, administrative or","by a corporation’s shareholders in its name, a"
36,,"investigative proceedings (threatened, pending or",corporation may indemnify any person who is
37,,"completed), by reason of the fact that the person is or","made a party to any third party action, suit or"
38,,"was a director of the company, or who is or was, at the","proceeding on account of being a director, officer,"
39,,"request of the company, serving as a director or acting",employee or agent of the corporation (or was
40,,for another company.,serving at the request of the corporation in such
41,,,"capacity for another corporation, partnership,"
42,,Any indemnity given will be void and of no effect,"joint venture, trust or other enterprise) against"
43,,unless such person acted honestly and in good faith and,"expenses, including attorney’s fees, judgments,"
44,,in what such person believed to be in the best interests,fines and amounts paid in settlement actually and
45,,"of the company and, in the case of criminal proceedings,",reasonably incurred by him or her in connection
46,,had no reasonable cause to believe that the conduct of,"with the action, suit or proceeding through,"
47,,such person was unlawful.,"among other things, a majority vote of directors"
48,,,who were not parties to the suit or proceeding
49,,,"(even though less than a quorum), if the person:"
