,Unnamed: 0,Unnamed: 1,"As at March 31, 2019",Unnamed: 2
0,,,(in thousands),
1,,,Gross amount of recognized,Net amounts financial assets
2,,Gross amount of,financial liabilities offset in the,presented in the statement
3,Description of type of financial assets,recognized financial assets,statement of financial position,of financial position
4,Derivative assets,—,—,—
5,Trade and other receivables,"125,229",—,"125,229"
6,Investments at FVTPL,"1,042",—,"1,042"
7,Investments at FVTOCI,"2,650",—,"2,650"
8,Total,"128,921",—,"128,921"
9,,,,
10,,,Gross amount of recognized,Net amounts financial liabilities
11,,Gross amount of,financial assets offset in the,presented in the statement
12,Description of type of financial liabilities,recognized financial liabilities,statement of financial position,of financial position
13,Derivative liabilities,620,—,620
14,Borrowings at fair value,"68,349",—,"68,349"
15,Total,"68,969",—,"68,969"
16,,,,
17,,,"As at March 31, 2018",
18,,,(in thousands),
19,,,Gross amount of recognised,Net amounts financial
20,,Gross amount of,financial liabilities,assets presented
21,,recognised financial,offset in the,in the statement
22,Description of type of financial assets,assets,statement of financial position,of financial position
23,Derivative assets,282,—,282
24,Total,282,—,282
25,,,,
26,,,Gross amount of,
27,,,recognized financial,Net amounts financial liabilities
28,,Gross amount of,assets offset in the,presented in the statement
29,Description of type of financial liabilities,recognized financial liabilities,statement of financial position,of financial position
30,Derivative liabilities,—,—,—
31,Borrowings at fair value,"86,010",—,"86,010"
32,Total,"86,010",—,"86,010"
