,Unnamed: 0,Unnamed: 1,Unnamed: 2,2019,Unnamed: 3,Unnamed: 4,2018,Unnamed: 5,Unnamed: 6,Unnamed: 7,2017,Unnamed: 8
0,,,,Constant,,,Constant,,,,,Constant
1,,,,Currency (Non-,,,Currency (Non-,,,,Currency (Non-,
2,,,Reported,GAAP),,Reported,GAAP),,,Reported,,GAAP)
3,,,,,,(in thousands),,,,,,
4,Revenue,$,"270,126","270,126",$,"261,253",,"251,279",$,"252,994",$,"242,109"
5,Cost of sales,,"(155,396)","(155,396)",,"(134,708)",,"(128,095)",,"(164,240)",,"(159,577)"
6,Gross Profit,$,"114,730","114,730",$,"126,545",,"123,184",$,"88,754",$,"82,532"
7,,,,,,,,,,,,
8,The percentage change for the data comparing the constant currency amounts against the reported results referenced in the table,,,,,,,,,,,
9,above:,,,,,,,,,,,
10,,,,,,,,,,,,
11,,,,,,,,"Year ended March 31,",,,,
12,,,,,,,,2019,,2018,,2017
13,,,,,,,,,(in thousands),,,
14,Revenue,,,,,,,—%,,3.8%,,4.3%
15,Cost of sales,,,,,,,—%,,4.9%,,2.8%
16,Gross profit,,,,,,,—%,,2.7%,,7.0%
17,,,,,,,,,,,,
18,The Indian Rupee experienced an approximately 5.9% decrease in value as compared to the U.S. dollar in the fiscal year 2019. In,,,,,,,,,,,
19,"the fiscal year 2018, it decreased by 0.4%.",,,,,,,,,,,
20,,,,,,,,,,,,
21,B. Liquidity and Capital Resources,,,,,,,,,,,
22,,,,,,,,,,,,
23,"Our operations and strategic objectives require continuing capital investment, and our resources include cash on hand and cas",,,,,,,,,,,
24,"provided by operations, as well as access to capital from bank borrowings and access to capital markets. Management believes tha",,,,,,,,,,,
25,cash generated by or available to us should be sufficient to fund our capital and liquidity needs for at least the next 12 months.,,,,,,,,,,,
26,,,,,,,,,,,,
27,"Our future financial and operating performance, ability to service or refinance debt and ability to comply with covenants an",,,,,,,,,,,
28,"restrictions contained in our debt agreements will be subject to future economic conditions, the financial health of our customer",,,,,,,,,,,
29,"and suppliers and to financial, business and other factors, many of which are beyond our control. Furthermore, managemen",,,,,,,,,,,
30,believes that working capital is sufficient for our present requirements.,,,,,,,,,,,
31,,,,,,,,,,,,
32,,,,,,,,"Year ended March 31,",,,,
33,,,,,,,,2019,,2018,,2017
34,,,,,,,,,(in thousands),,,
35,Current assets(*),,,,,,$,"351,597",$,"339,562",$,"362,477"
36,Current liabilities,,,,,,,"318,672",,"239,327",,"316,101"
37,Working capital,,,,,,$,"32,925",$,"100,235",$,"46,376"
