,Unnamed: 0,Unnamed: 1,Unnamed: 2,Unnamed: 3,Year ended March 31,Unnamed: 4,Unnamed: 5
0,,Note,,2019,2018,,2017
1,,,,,(in thousands),,
2,Cash flow from operating activities,,,,,,
3,Profit/(loss) before tax,,$,"(403,125)",$ (618),$,"22,494"
4,Adjustments for:,,,,,,
5,Depreciation,13,,"1,049","1,265",,"1,082"
6,Share based payments,28,,"21,561","17,918",,"23,471"
7,Amortization of intangible film and content rights,15,,"130,155","115,285",,"135,316"
8,Amortization of other intangible assets,16,,"1,214","1,726",,"1,816"
9,Other non-cash items,31,,"481,773","50,119",,"(10,616)"
10,Net finance costs,8,,"20,901","18,745",,"17,156"
11,Gain on sale of available-for-sale financial assets,,,(37),—,,(58)
12,Movement in trade and other receivables,,,"(179,784)","(91,317)",,"(72,247)"
13,Movement in inventories,,,(99),(219),,(412)
14,Movement in trade and other payables,,,"22,166","(1,215)",,"4,172"
15,Loss/(gain) on sale of property and equipment,,,97,(2),,22
16,Cash generated from operations,,,"95,871","111,687",,"122,196"
17,Interest paid,,,"(13,347)","(20,761)",,"(18,390)"
18,Income taxes paid,,,"(7,558)","(7,683)",,"(4,813)"
19,Net cash generated from operating activities,,$,"74,966","$ 83,243",$,"98,993"
20,,,,,,,
21,Cash flows from investing activities,,,,,,
22,Investment,,$,"(1,005)",$ —,$,—
23,Proceeds from sale of available-for-sale investment,,,—,—,,288
24,Purchase of property and equipment,,,(380),(913),,(678)
25,Proceeds from disposal of property and equipment,,,6,70,,2
26,Investment in restricted deposits held with banks,,,"(53,507)",(27),,"(4,018)"
27,Restricted deposits matured,,,"3,952",—,,—
28,Deconsolidation/acquisition of cash and cash equivalent in,,,,,,
29,subsidiary,,,—,(9),,—
30,Purchase of intangible film rights and content rights,,,"(107,722)","(186,757)",,"(173,481)"
31,Purchase of other intangible assets,,,(907),(321),,—
32,Interest received,,,"1,830","2,537",,"2,696"
33,Net cash (used in) investing activities,,$,"(157,733)","$ (185,420)",$,"(175,191)"
34,,,,,,,
35,Cash flows from financing activities,,,,,,
36,"Proceeds from issue of share capital, net of transaction costs",,$,"54,820","$ 16,645",$,"30,466"
37,Proceeds from issue of shares by subsidiary,,,77,556,,40
38,Investment in shares of subsidiary,,,"(2,892)","40,221",,—
39,Share application money received pending allotment,,,—,"18,000",,—
40,Proceeds from issue out of treasury shares,,,—,—,,938
41,(Repayment of)/ proceeds from/ short term debt with maturity less,,,,,,
42,than three months (net),,,—,211,,"(39,493)"
43,Proceeds from short-term debt,,,"103,365","48,249",,"76,310"
44,Repayment of short-term debt,,,"(59,014)","(43,785)",,"(66,404)"
45,"Proceeds from long-term debt, net of transaction costs of Nil",,,,,,
46,(2018: Nil and 2017: $384),,,—,"111,278",,"16,522"
47,Repayment of long-term debt,,,"(12,239)","(113,960)",,"(12,450)"
48,Net cash generated from financing activities,,$,"84,117","$ 77,415",$,"5,929"
49,,,,,,,
50,Net increase/(decrease) in cash and cash equivalents,,,"1,350","(24,762)",,"(70,269)"
51,,,,,,,
52,Effects of exchange rate changes on cash and cash equivalent,,,5,257,,(238)
53,Cash and cash equivalents at beginning of year,,,"87,762","112,267",,"182,774"
54,Cash and cash equivalents at the end of year,,$,"89,117","$ 87,762",$,"112,267"
