,Unnamed: 0,Unnamed: 1,2019,2018
0,,,(in thousands),
1,Contract liability (deferred revenue)(*),$,"13,271 $","2,326"
2,Employee benefit obligation,,627,747
3,,$,"13,898 $","3,073"
4,,,,
5,(*) includes significant discounting on long-term advances from customers $458 (2018: Nil),,,
6,,,,
7,26 DERIVATIVE FINANCIAL INSTRUMENTS,,,
8,,,,
9,,,As At March 31,
10,,,2019,2018
11,,,(in thousands),
12,Current,,,
13,Derivative liabilities – Held for trading,,,
14,Interest rate cap,$,620 $,—
15,,$,620 $,—
16,,,,
17,The above interest rate derivative instruments are not designated in a hedging relationship. They are carried at fair value throug,,,
18,profit or loss. (Refer Note 9).,,,
19,,,,
20,27 ISSUED SHARE CAPITAL,,,
21,,,,
22,,,Number of,
23,,,Shares,GBP
24,Authorized,,(in thousands),
25,,,,
26,"Ordinary shares of 30p each at March 31, 2018",,"100,000,000","30,000"
27,"Ordinary shares of 30p each at March 31, 2019 (*)",,"150,000,000","45,000"
