,Unnamed: 0,Unnamed: 1,Unnamed: 2,Unnamed: 3,Unnamed: 4,Unnamed: 5,Unnamed: 6,Unnamed: 7,Unnamed: 8,(in thousands),Unnamed: 9,Unnamed: 10,Unnamed: 11,Unnamed: 12,Unnamed: 13,Unnamed: 14,Unnamed: 15
0,"Balance as at April 1, 2017","$ 31,877","$ 399,686",$,"(55,810) $","6,238",$,"1,829",$,"(375) $ 436,997 $ (15,985) $",—,$,"804,457 $",,"79,091 $",,"883,548"
1,,,,,,,,,,,,,,,,,
2,(Loss)/Profit for the year,—,—,,—,—,,—,,"— (22,575)  —",—,,"(22,575)",,"12,830",,"(9,745)"
3,,,,,,,,,,,,,,,,,
4,Other comprehensive income/(loss),,,,,,,,,,,,,,,,
5,for the year,—,—,,(912),—,,6,,375 — —,—,,(531),,(241),,(772)
6,,,,,,,,,,,,,,,,,
7,Total comprehensive income/(loss),,,,,,,,,,,,,,,,
8,for the year,—,—,,(912),—,,6,,"375 (22,575)  —",—,,"(23,106)",,"12,589",,"(10,517)"
9,,,,,,,,,,,,,,,,,
10,Share based compensation (Refer,,,,,,,,,,,,,,,,
11,Note 28),—,—,,—,—,,—,,"— 17,316 —",—,,"17,316",,602,,"17,918"
12,,,,,,,,,,,,,,,,,
13,Shares issued on exercise of,,,,,,,,,,,,,,,,
14,employee stock options and awards,,,,,,,,,,,,,,,,
15,(Refer Note 27),277,"8,894",,—,—,,—,,"— (8,955)  —",—,,216,,—,,216
16,,,,,,,,,,,,,,,,,
17,Changes in ownership interests in,,,,,,,,,,,,,,,,
18,subsidiaries that do not result in a,,,,,,,,,,,,,,,,
19,loss of control (Refer Note 4),—,—,,—,—,,—,,— 209 —,—,,209,,"40,568",,"40,777"
20,,,,,,,,,,,,,,,,,
21,"Issue of shares, net of transaction",,,,,,,,,,,,,,,,
22,costs of Nil (Refer Note 27),555,"15,874",,—,—,,—,,— — —,—,,"16,429",,—,,"16,429"
23,,,,,,,,,,,,,,,,,
24,Loss of control  in a subsidiary,,,,,,,,,,,,,,,,
25,(Refer Note 4),—,—,,—,—,,—,,— — —,—,,—,,"4,878",,"4,878"
26,,,,,,,,,,,,,,,,,
27,Shares pending for allotment (Refer,,,,,,,,,,,,,,,,
28,Note 27),—,—,,—,—,,—,,— — —,"18,000",,"18,000",,—,,"18,000"
29,,,,,,,,,,,,,,,,,
30,Shares issued in lieu of convertible,,,,,,,,,,,,,,,,
31,notes (Refer Note 27),"2,625","29,543",,—,—,,—,,— — —,—,,"32,168",,—,,"32,168"
