,Unnamed: 0,Unnamed: 1,Unnamed: 2,Unnamed: 3,Recognized,Unnamed: 4,Unnamed: 5,Unnamed: 6,Unnamed: 7
0,,,,Impact of,in consolidated,,,,
1,,,Opening,adoption of,statements of,Exchange,,,Closing
2,,,Balance,IFRS 9,income,Difference,,,Balance
3,,,,,(in thousands),,,,
4,Deferred tax assets:,,,,,,,,
5,Minimum alternate tax carry-forward,$,927,—,$ (778)  $,(61),,$,88
6,Property and equipment,,83,—,(2),(5),,,76
7,Credit impairment loss,,—,673,"4,385",(14),,,"5,044"
8,Others,,"2,442",—,984,(116),,,"3,310"
9,Total income deferred tax asset,$,"3,452",673,"$ 4,589 $",(196),,$,"8,518"
10,Deferred income tax liabilities:,,,,,,,,
11,Property and equipment,,(776),—,142,10,,,(624)
12,Intangible assets,,"(41,815)",—,"5,313","2,473",,,"(34,029)"
13,Others,,(29),—,—,—,,,(29)
14,Total deferred income tax liability,$,"(42,620)",—,"$ 5,455 $","2,483",,$,"(34,682)"
15,,,,,,,,,
16,Net deferred tax (liability),$,"(39,168)",673,"$ 10,044 $","2,287",,$,"(26,164)"
17,"As at March 31, 2019",,,,,,,,
18,Deferred income tax asset,,,,,,,$,"1,263"
19,Deferred income tax liability,,,,,,,$,"(27,427)"
20,,,,,,,,,
21,,,,,"As At March 31, 2018",,,,
22,,,,,Recognized,,,,
23,,,,,in consolidated,,,,
24,,,,Opening,statements of Exchange,,,,Closing
25,,,,Balance,income Difference,,,,Balance
26,,,,,(in thousands),,,,
27,Deferred tax assets:,,,,,,,,
28,Minimum alternate tax carry-forward,,$,"11,749 $","(10,882)  $",60,,$,927
29,Property and equipment,,,155,(72),—,,,83
30,Others,,,"1,082","1,440",(80),,,"2,442"
31,Total income deferred tax asset,,$,"12,986 $","(9,514)  $",(20),,$,"3,452"
32,Deferred income tax liabilities,,,,,,,,
33,Property and equipment,,,"(1,228)",452,—,,,(776)
34,Intangible assets,,,"(47,590)","5,491",284,,,"(41,815)"
35,Others,,,(29),—,—,,,(29)
36,Total deferred income tax liability,,$,"(48,847)  $","5,943 $",284,,$,"(42,620)"
37,,,,,,,,,
38,Net deferred tax (liability),,$,"(35,861)  $","(3,571)  $",264,,$,"(39,168)"
39,"As at March 31, 2018",,,,,,,,
40,Deferred income tax asset,,,,,,,$,351
41,Deferred income tax liability,,,,,,,$,"(39,519)"
