,Unnamed: 0,Unnamed: 1,2019,2019.1,2019.2,Unnamed: 2,2019.3,Unnamed: 3,2018
0,,,Salary,Director Fees,Benefits(1),,Total,,Total
1,,,,,(in thousands),,,,
2,Kishore Lulla,$,"1,432 $",—,$ —,$,"1,432",$,"1,331"
3,Jyoti Deshpande,,—,—,—,,—,,"1,060"
4,Vijay Ahuja(3),,221,—,—,,221,,318
5,Sunil Lulla(2),,683,77,18,,778,,678
6,Naresh Chandra,,—,—,—,,—,,103
7,Dilip Thakkar,,—,78,—,,78,,81
8,David Maisel,,—,95,—,,95,,95
9,Rishika Lulla Singh,,445,—,—,,445,,345
10,Prem Parameswaran,,450,—,35,,485,,—
11,Shailendra Swarup,,—,52,—,,52,,37
12,Total,$,"3,231 $",302,$ 53,$,"3,586",$,"4,048"
13,,,,,,,,,
14,"(1) Health insurance, except for Sunil Lulla (see Note (2) below).",,,,,,,,
15,(2) Sunil Lulla’s fiscal 2019 compensation consisted of the following (Indian Rupees translated to U.S. dollars at a rate of INR,,,,,,,,
16,68.53 per $1.00),,,,,,,,
17,"(3) Vijay Ahuja retired from the company’s Board on December 20th, 2018.",,,,,,,,
18,(4) Prem Parameswaran appointed the company’s Board in December 2018.,,,,,,,,
19,,,,,,,,,
20,Particulars for Mr Sunil Lulla,,,,,,INR,,USD
21,Basic salary,,,,,,"17,569,200",$,"256,369"
22,Reimbursements car/entertainment etc.,,,,,,"2,439,600",,"35,599"
23,Medical reimbursement,,,,,,"15,000",,219
24,Special pay,,,,,,"24,385,008",,"355,825"
25,Company rent accommodation,,,,,,"3,600,000",,"52,531"
26,Total India,,,,,,"48,008,808",$,"700,543"
