,Unnamed: 0,Unnamed: 1,Unnamed: 2,As At March 31,Unnamed: 3
0,,,2019,2018,
1,,,,(in thousands),
2,Goods for resale,$,,435 $,353
3,,$,,435 $,353
4,,,,,
5,"During the year ended March 31, 2019, inventory of $93 (2018: $290 and 2017: $350) was recognised in the consolidate",,,,
6,statements of income as an expense. In addition to the year the company has charged $69 (2018 : Nil) as expense in statement o,,,,
7,income as a result of the write down of inventories. Inventories with a carrying amount of $435 (2018: $340) have been pledged a,,,,
8,security for certain of the Group’s borrowings (Refer note 23).,,,,
9,,,,,
10,19 TRADE AND OTHER RECEIVABLES,,,,
11,,,,,
12,,,,As at,
13,,,"March 31,","March 31,",
14,,,2019,2018,
15,Trade accounts receivables at fair value(*),,,,
16,Trade accounts receivables,$,"156,026",,—
17,Credit impairment (loss),,"(26,133)",,—
18,Fair Value gain/(loss),,"(4,664)",,—
19,Trade accounts receivables net,,"125,229",,—
20,,,,,
21,Trade accounts receivables at amortised cost,,,,
22,Trade accounts receivables,$,"86,331","$ 235,191",
23,Credit impairment (loss),,"(15,202)","(10,193)",
24,Trade accounts receivables net,,"71,129","224,998",
25,,,,,
26,Total Trade accounts receivables,$,"196,358","$ 224,998",
27,,,,,
28,Balance with statutory authorities,,"7,672","5,759",
29,Accrued interest,,"2,188",,843
30,Advance to content vendor,,"3,462","10,761",
31,Derivative asset,,,—,282
32,Prepaid charges,,"1,790","2,700",
33,Unbilled revenues,,"1,717","5,592",
34,Other receivables,,"2,023","3,288",
35,Trade and other receivables,$,"215,210","$ 254,223",
36,,,,,
37,Current,,"205,145","245,079",
38,Non-current,,"10,065","9,144",
39,,$,"215,210","$ 254,223",
40,,,,,
41,(*) Business model is achieved both by collecting contractual cash flows and de-recognition of financial assets arising on,,,,
42,assignment and novation transaction. (Refer Note 32),,,,
43,,,,,
44,The age of account receivables net of credit of credit impairment loss are past due but not impaired were as follows:,,,,
45,,,,,
46,,,,As at,
47,,,"March 31,","March 31,",
48,,,2019,2018,
49,Not more than three months,$,"44,687","$ 40,249",
50,More than three months but not more than six months,,"15,948","21,102",
51,More than six months but not more than one year,,"15,310","15,813",
52,More than one year,,"8,796","37,752",
53,,$,"84,741","$ 114,916",
