,· Expected to be realised or intended to sold or consumed in the normal operating cycle (*)
0,· Held primarily for the purpose of trading
1,· Expected to be realised within twelve months after the reporting period or
2,· Cash or cash equivalent unless restricted from being exchanged or used to settle a liability for at least twelve months
3,after the reporting period
4,
5,All other assets are classified as non-current.
6,
7,"(*) The operating cycle for the business activities of the Group is considered to be twelve months except in case of catalogue sales,"
8,which have been ascertained as two years for the purpose of current / non-current classification of assets.
9,
10,A liability is current when:
11,
12,· It is expected to be settled in the normal operating cycle
13,· It is held primarily for the purpose of trading
14,· It is due to be settled within twelve months after the reporting period or
15,· There is no unconditional right to defer the settlement of the liability for at least twelve months after the reporting
