,Unnamed: 0,Unnamed: 1,Unnamed: 2,Year ended,Unnamed: 3
0,,,,"March 31, 2019",
1,,,Trade,Other,Total
2,,,Receivables,Receivables,Receivables
3,Balance at the beginning of the period,$,"10,193",$ — $,"10,193"
4,Impact of adoption of IFRS 9,,"18,050",447,"18,497"
5,"Balance as on April 1, 2018",,"28,243",447,"28,690"
6,Charged to operations**,,"60,208","7,284","67,492"
7,Unwinding of expected credit loss (included in finance income)***,,"(13,227)",—,"(13,227)"
8,Reversal of expected credit loss (included in other gains/(losses)),,"(20,698)",—,"(20,698)"
9,Translation adjustment,,(160),—,(160)
10,Bad debts,,"(13,031)","(7,284)","(20,315)"
11,Balance at the end of the period,$,"41,335",$ 447 $,"41,782"
12,,,,,
13,"** Of the above, the incremental impact on account of adoption of IFRS 15 and IFRS 9 is $24,273 and $10,673 respectively, in",,,,
14,"addition to $10,194 and $22,352 reported under earlier adopted standards i.e. IAS 18 and IAS 39 respectively.",,,,
15,,,,,
16,"*** Of the above, the incremental impact on account of adoption of IFRS 9 is $2,209, in addition to $11,018 reported under earlier",,,,
17,adopted standard i.e. IAS 39.,,,,
18,,,,,
19,The movement in the allowances for expected credit losses is as follows:,,,,
20,,,,,
21,,,,Year ended,
22,,,,"March 31, 2018",
23,,,Trade,Other,Total
24,,,Receivables,Receivables,Receivables
25,Balance at the beginning of the period,$,163,$ — $,163
26,Charged to operations,,"13,734",—,"13,734"
27,Unwinding of expected credit loss (included in finance income),,(932),—,(932)
28,Bad debts,,"(2,772)",—,"(2,772)"
29,Balance at the end of the period,$,"10,193",$ — $,"10,193"
30,,,,,
31,,,,,
32,20 TRADE AND OTHER PAYABLES,,,,
33,,,,,
34,,,,As At March 31,
35,,,,2019,2018
36,,,,(in thousands),
37,Trade accounts payable,,,"$ 25,299 $","16,886"
38,"Accruals and other payables (includes creditors for content assets of $16,139 (2018: $19,809))",,,"32,888","31,955"
39,Contract liability (deferred revenue),,,"12,260","10,642"
40,Accrued interest,,,"2,395","2,546"
41,Value added taxes and other taxes payable,,,"10,645","10,113"
42,,,,"$ 83,487 $","72,142"
