,Unnamed: 0,Unnamed: 1,Unnamed: 2,Year ended March 31,Unnamed: 3
0,,,2019,2018,2017
1,,,,(in thousands),
2,Revenue by region of domicile of Group’s operation,,,,
3,India,$,"100,387","$ 98,073 $","121,966"
4,Europe,,"63,196","27,028","25,686"
5,North America,,"1,759","1,244","2,549"
6,Rest of the world,,"104,784","134,908","102,793"
7,Total Revenue(*),$,"270,126","$ 261,253 $","252,994"
8,,,,,
9,"Revenue of $81,409 (2018: $103,263 and 2017: $74,006) from the United Arab Emirates is included within Rest of the world an",,,,
10,"revenue of $63,196 (2018: $27,028 and 2017: $25,686) from the United Kingdom and Isle of Man are included under Europe in th",,,,
11,above table.,,,,
12,,,,,
13,,,,Year ended March 31,
14,,,2019,2018,2017
15,,,,(in thousands),
16,Revenue by region of domicile of customer’s location,,,,
17,India,$,"116,078","$ 109,986 $","129,251"
18,Europe,,"2,345","7,739","7,695"
19,North America,,"5,682","5,147","10,132"
20,Rest of the world,,"146,021","138,381","105,916"
21,Total Revenue(*),$,"270,126","$ 261,253 $","252,994"
22,,,,,
23,"Revenue of $62,527 (2018: $67,993 and 2017: $62,966) from the United Arab Emirates is included within Rest of the world an",,,,
24,"revenue of $1,180 (2018: $5,200 and 2017: $5,791) from United Kingdom is included under Europe in the above table.",,,,
25,,,,,
26,"For the year ended March 31, 2019, March 31, 2018 and March 31, 2017, no customers accounted for more than 10% of th",,,,
27,Group’s total revenues.,,,,
28,,,,,
29,,,,Year ended March 31,
30,,,2019,2018,2017
31,,,,(in thousands),
32,Revenue by source  (**),,,,
33,Theatrical,$,"69,542","$ 79,069 $","101,023"
34,Satellite  content licensing,,"77,453","97,168","88,013"
35,Digital and other ancillary,,"123,131","85,016","63,958"
36,Total Revenue(*),$,"270,126","$ 261,253 $","252,994"
37,,,,,
38,"(*) net of significant discounting component $34,467 (2018: $6,816 and 2017: Nil)",,,,
39,"(**) catalogue sales is apportioned in a specified ratio between theatrical, satellite content licensing and digital and other ancillar",,,,
40,revenues.,,,,
41,,,,,
42,Segment assets by region of domicile of Group’s operation:,,,,
43,,,,,
44,,,North,,Rest of the
45,Total,India,America,Europe,World
46,,(in thousands),,,
47,Non-current assets(*),,,,
48,"As of March 31, 2019 $ 722,043","$ 336,431 $",4,"$ 34,217 $","351,391"
49,"As of March 31, 2018 $ 1,032,736","$ 354,843 $",7,"$ 18,678 $","659,208"
