,Unnamed: 0,A Ordinary,B Ordinary,Unnamed: 1
0,"Allotted, called up and fully paid",30p Shares(*),30p Shares(*),(in thousands)
1,"As at March 31, 2017","41,312,202","19,379,382","$ 31,877"
2,"Issue of shares in the quarter ended June 30, 2017","12,000",—,5
3,"Issue of shares in the quarter ended September 30, 2017","288,291",—,114
4,"Issue of shares in the quarter ended December 31, 2017","1,681,520",—,657
5,Transfer of B Ordinary to A Ordinary share,"9,666,667","(9,666,667)",—
6,"Issue of shares in the quarter ended Mar 31, 2018","2,757,743",,"2,681"
7,"As at March 31, 2018","55,718,423","9,712,715","$ 35,334"
8,"Issue of shares in the quarter ended June 30, 2018","2,747,645",—,"1,138"
9,"Issue of shares in the quarter ended September 30, 2018","3,773,385",—,"1,471"
10,"Issue of shares in the quarter ended December 31, 2018","1,659,767",—,641
11,Transfer of B Ordinary to A Ordinary share,"1,500,000","(1,500,000)",—
12,"Issue of shares in the quarter ended March 31, 2019","1,892,518",—,742
13,,,,
14,"As at March 31, 2019","67,291,738","8,212,715","$ 39,326"
