,•,an individual citizen or resident of the United States;
0,•,a corporation (or other entity treated as a corporation for United States federal income tax purposes) created or organized
1,,"in or under the laws of the United States, any state thereof or the District of Columbia;"
2,•,an estate the income of which is subject to United States federal income taxation regardless of its source; or
3,•,a trust if it (1) is subject to the primary supervision of a court within the United States and one or more United States
