,Unnamed: 0,"$ 133,292",$,"87,755"
0,Unsecured borrowings,,,
1,Installments due within one year on long-term borrowings,"75,616",,"64,208"
2,,"$ 208,908",$,"151,963"
3,Short-term borrowings at fair value,"68,349",,"53,500"
4,Short-term borrowings at amortised cost,"$ 140,559",$,"98,463"
5,,,,
6,"(1) Eros International Plc. (“issuer”) issued Senior Convertible Notes (SCN or convertible notes) on December 06, 2017",,,
7,"amounting to $122,500 principal amount and option to purchase warrants up to 2,000 of A ordinary share for a term of 6",,,
8,"months at an offer price of $100,000 by private placement. The notes are payable in equal installments of $3,500 per month",,,
9,"for 35 months starting December 31, 2017. The installments can be paid either in cash or can be converted into A ordinary",,,
10,equity shares of the issuer at the option of the issuer as per the terms of the arrangement.,,,
11,,,,
12,The holder of the notes can defer the payment of the amount due on any instalment dates to another instalment date as,,,
13,well as has the right to accelerate the payment on the notes as per the terms of the agreement,,,
14,,,,
15,The Company has classified the instrument as a financial liability at fair value through profit or loss. The Company has,,,
16,used the Black – Scholes option pricing model to value the share warrants exercisable within six months and the Monte-,,,
17,Carlo simulation model to obtain the fair value of the convertible notes. The initial fair value of the financial liability,,,
18,"recognized on the date of issue was $100,055. Fair value of the financial liability outstanding as at the date of reporting is",,,
19,"$68,349 (2018: $86,010)",,,
20,,,,
21,"The mark-to-market loss and interest expenses for the year ended March 31, 2019 amounting $21,398 (2018: $13,840)",,,
22,"and $10,682 (2018: $4,338) have been recognized within other gain/(losses) and net finance cost, respectively, net in the",,,
23,Statement of Income.,,,
24,,,,
25,The option to purchase warrants has expired in June 2018.,,,
26,,,,
27,"2. Secured by pledge of shares held in the Group’s majority owned subsidiary, Eros International Media Limited, India.",,,
28,,,,
29,"3. The Company has placed time deposits of $56,614 (2018: $7,468) against above several short -term borrowings which has",,,
30,been disclosed as restricted deposits.,,,
31,,,,
32,"4. For the twelve months ended March 31, 2019 capitalization rate of interest was 10.21% (2018: 11.5%)",,,
