,Unnamed: 0,Unnamed: 1,Unnamed: 2,Year ended March 31,Unnamed: 3,Unnamed: 4
0,,,2019,2018,,2017
1,,,,(in thousands),,
2,Publicity and advertisement costs,$,"19,779","$ 12,684",$,"17,152"
3,Film distribution costs,,"5,462","6,739",,"11,772"
4,Amortization expenses,,"130,155","115,285",,"135,316"
5,Personnel costs,,"37,015","35,661",,"42,902"
6,Rent expenses,,"1,916","1,359",,"1,559"
7,Legal and professional expenses,,"6,980","8,204",,"4,697"
8,Provision for trade and other receivables,,—,"1,968",,"2,430"
9,Bad debt,,—,"2,772",,—
10,"Credit impairment loss, net",,"25,741","4,308",,—
11,Depreciation and amortization of other intangibles,,"2,263","2,991",,"2,898"
12,Impairment charge on goodwill (Refer note 14),,—,"1,205",,—
13,Impairment loss on content advances,,—,353,,"1,625"
14,Impairment loss on advances to content vendors,,"7,284",—,,262
15,Other – expenses,,"5,935","9,208",,"6,936"
16,,$,"242,530","$ 202,737",$,"227,549"
17,,,,,,
18,7 PERSONNEL COSTS,,,,,
19,,,,,,
20,,,,Year ended March 31,,
21,,,2019,2018,,2017
22,,,,(in thousands),,
23,Salaries,$,"14,591","$ 16,790",$,"18,590"
24,Social security and other employment charges,,831,916,,792
25,Salaries and other charges,,"15,422","17,706",,"19,382"
26,Share based compensation (Refer Note 28),,"21,561","17,918",,"23,471"
27,Pension charges,,32,37,,49
28,,$,"37,015","$ 35,661",$,"42,902"
29,,,,,,
30,,,,Year ended March 31,,
31,Key management compensation,,2019,2018,,2017
32,,,,(in thousands),,
33,Salaries,$,"4,010","$ 4,919",$,"5,062"
34,Share based compensation,,"13,859","11,519",,"15,946"
35,Pension charges,,21,16,,38
36,,$,"17,890","$ 16,454",$,"21,046"
37,,,,,,
38,8 NET FINANCE COSTS,,,,,
39,,,,,,
40,,,,Year ended March 31,,
41,,,2019,2018,,2017
42,,,,(in thousands),,
43,Interest on borrowings(*),$,"33,530","$ 32,556",$,"25,828"
44,Reclassification of cash flow hedge to consolidated statements of income,,—,375,,804
45,Total interest expense(*),,"33,530","32,931",,"26,632"
46,Capitalized interest on eligible film rights and content advances,,"(9,437)","(13,263)",,"(7,111)"
47,Total finance costs,,"24,093","19,668",,"19,521"
48,Less: Interest income,,,,,
49,Unwinding of interest,,"(13,227)",(932),,—
50,Bank deposits,,"(3,192)",(923),,"(2,365)"
51,Total finance income,,"(16,419)","(1,855)",,"(2,365)"
52,,,,,,
53,,$,"7,674","$ 17,813",$,"17,156"
