,Unnamed: 0,Unnamed: 1,Unnamed: 2,2019,Unnamed: 3,Unnamed: 4,2018,Unnamed: 5,2017
0,,,,,Weighted,,Weighted,,Weighted
1,,,Number,,average,Number,average,Number,average
2,,,of,,exercise,of,exercise,of,exercise
3,,Name of Plan,shares,,price,shares,price,shares,price
4,Outstanding at the beginning of the,Option award scheme,,,,,,,
5,year,2012,"674,045",$,11.00,"674,045",$ 11.00,"674,045",$ 11.00
6,Granted,,—,,—,—,—,—,—
7,Exercised,,—,,—,—,—,—,—
8,Forfeited and lapsed,,"(674,045)",,11.00,—,—,—,—
9,Outstanding at the end of the year,,—,,—,"674,045",11.00,"674,045",11.00
10,Exercisable at the end of the year,,—,,—,"674,045",$ 11.00,"449,363",$ 11.00
11,,,,,,,,,
12,Outstanding at the beginning of the,,,,,,,,
13,year,2014 Share Plan,"399,999",$,17.79,"723,749",$ 18.06,"773,749",$ 17.86
14,Granted,,—,,—,—,—,—,—
15,Exercised,,—,,—,—,—,—,—
16,Forfeited and lapsed,,—,,—,"(323,750)",18.39,"(50,000)",14.97
17,Outstanding at the end of the year,,"399,999",,17.79,"399,999",17.79,"723,749",18.06
18,Exercisable at the end of the year,,"399,999",$,17.79,"289,583",$ 17.67,"288,333",$ 17.80
19,Outstanding at the beginning of the,,,,,,,,
20,year,2015 Share Plan,"211,250",$,16.21,"233,750",$ 16.23,"282,500",$ 16.68
21,Granted,,"1,305,399",,14.86,—,—,—,—
22,Exercised,,"(10,416)",,7.92,"(10,208)",8.71,"(8,750)",8.84
23,Forfeited and lapsed,,"(215,834)",,18.23,"(12,292)",14.64,"(40,000)",18.68
24,Outstanding at the end of the year,,"1,290,399",,14.68,"211,250",16.21,"233,750",16.23
25,Exercisable at the end of the year,,"981,545",$,14.66,"181,354",$ 17.36,"127,604",$ 17.46
26,,,,,,,,,
27,Outstanding at the beginning of the,,,,,,,,
28,year,Other share option plans,"500,000",$,18.88,"500,000",$ 18.88,"1,000,000",18.44
29,Granted,,—,,—,—,—,—,—
30,Exercised,,—,,—,—,—,—,—
31,Forfeited and lapsed,,—,,—,—,—,"(500,000)",18
32,Outstanding at the end of the year,,"500,000",,16.00,"500,000",18.88,"500,000",18.88
33,Exercisable at the end of the year,,"400,000",$,16.00,"300,000",$ 18.88,"200,000",$ 18.88
34,,,,,,,,,
35,Outstanding at the beginning of the,,,,,,,,
36,year,RSU,"837,590",,—,"182,725",—,"72,480",—
37,Granted,,"211,567",,—,"1,044,290",—,"216,735",—
38,Exercised,,"(450,541)",,—,"(366,491)",—,"(95,990)",—
39,Forfeited and lapsed,,"(93,225)",,—,"(22,934)",—,"(10,500)",—
40,Outstanding at the end of the year,,"505,391",,—,"837,590",—,"182,725",—
41,Exercisable at the end of the year,,"32,013",,—,"119,150",—,"12,445",—
42,,,,,,,,,
43,Outstanding at the beginning of the,,,,,,,,
44,year,Management Scheme,"1,513,333",,—,"1,130,000",—,"910,000",—
45,Granted,,"1,400,000",,—,"700,000",—,"670,000",—
46,Exercised,,"(320,000)",,—,"(316,667)",—,"(450,000)",—
47,Forfeited and lapsed,,—,,—,—,—,—,—
48,Outstanding at the end of the year,,"2,593,333",,—,"1,513,333",—,"1,130,000",—
49,Exercisable at the end of the year,,"516,667",,—,"173,333",—,"180,000",—
