,Unnamed: 0,Unnamed: 1,Total,Unnamed: 2,1 year,years,Unnamed: 3,years.1,Unnamed: 4,Unnamed: 5,5 years,Unnamed: 6
0,,,,,,(in thousands),,,,,,
1,"As at March 31, 2019",,,,,,,,,,,
2,Borrowing principal payments(1)(2),$,"281,519",$,"209,180","$ 72,339",$,—,,$,,—
3,Borrowing interest payments,,"29,016",,"21,820","7,196",,—,,,,—
4,Derivative financial instruments,,620,,620,—,,—,,,,—
5,Acceptances,,"8,366",,"8,366",—,,—,,,,—
6,Trade and other payables,,"83,487",,"83,487",—,,—,,,,—
7,,,,,,,,,,,,
8,,,,,Less than,1-3,,3-5,,,More than,
9,,,Total,,1 year,years,,years,,,5 years,
10,,,,,,(in thousands),,,,,,
11,"As at March 31, 2018",,,,,,,,,,,
12,Borrowing principal payments(1),$,"278,156",$,"152,330","$ 50,650",$,"75,176",,$,,—
13,Borrowing interest payments,,"48,750",,"26,024","15,319",,"7,407",,,,—
14,Derivative financial instruments,,—,,—,—,,—,,,,—
15,Acceptances,,"8,898",,"8,898",—,,—,,,,—
16,Trade and other payables,,"72,142",,"72,142",—,,—,,,,—
