,·,"incurring indebtedness and assuming additional liabilities, known and unknown, including liabilities relating to the use of"
0,,"intellectual property we acquire, including costs or liabilities arising from the acquired companies’ failure to comply with"
1,,intellectual property laws and licensing obligations they are subject to;
2,·,"incurring significant additional capital expenditures, transaction and operating expenses and non-recurring acquisition-"
3,,related charges;
4,·,experiencing an adverse impact on our earnings from the amortization or impairment of acquired goodwill and other
5,,intangible assets;
6,·,failing to successfully integrate the operations and personnel of the acquired businesses;
7,·,entering new markets or marketing new products with which we are not entirely familiar;
8,·,"failing to retain key personnel of, vendors to and clients of the acquired businesses;"
