,Unnamed: 0,Isle of Man Law,Delaware Law
0,,,
1,,,·acted in good faith and in a manner he or she
2,,,reasonably believed to be in or not opposed to
3,,,"the best interests of the corporation or, in some"
4,,,"circumstances, at least not opposed to its best"
5,,,interests; and
6,,,
7,,,"·in a criminal proceeding, had no reasonable"
8,,,cause to believe his or her conduct was
9,,,unlawful.
10,,,
11,,,Delaware law permits indemnification by a
12,,,corporation under similar circumstances for
13,,,expenses (including attorneys’ fees) actually and
14,,,reasonably incurred by such persons in connection
15,,,with the defense or settlement of a derivative action
16,,,"or suit, except that no indemnification may be made"
17,,,"in respect of any claim, issue or matter as to which"
18,,,the person is adjudged to be liable to the corporation
19,,,unless the Delaware Court of Chancery or the court
20,,,in which the action or suit was brought determines
21,,,upon application that the person is fairly and
22,,,reasonably entitled to indemnity for the expenses
23,,,which the court deems to be proper.
24,,,
25,,,"To the extent a director, officer, employee or agent"
26,,,"is successful in the defense of such an action, suit or"
27,,,"proceeding, the corporation is required by Delaware"
28,,,law to indemnify such person for reasonable
29,,,expenses incurred thereby. Expenses (including
30,,,attorneys’ fees) incurred by such persons in
31,,,"defending any action, suit or proceeding may be"
32,,,paid in advance of the final disposition of such
33,,,"action, suit or proceeding upon receipt of an"
34,,,undertaking by or on behalf of that person to repay
35,,,the amount if it is ultimately determined that that
36,,,person is not entitled to be so indemnified.
37,,,
38,Appraisal Rights,There is no concept of appraisal rights under,A shareholder of a Delaware corporation
39,,Isle of Man law.,participating in certain major corporate transactions
40,,,"may, under certain circumstances, be entitled to"
41,,,appraisal rights pursuant to which the shareholder
42,,,may receive cash in the amount of the fair value of
43,,,the shares held by that shareholder (as determined
44,,,by a court) in lieu of the consideration the
45,,,shareholder would otherwise receive in the
46,,,transaction.
