,Unnamed: 0,Unnamed: 1,"March 31,"
0,,2019,2018
1,Issuance to Founders Group (**),"1,769,911","1,421,520"
2,Issuance towards settlement of Convertible notes,"4,411,359","2,624,668"
3,Exercise against Restricted Share Unit/ Management scheme (*****),"770,541","683,158"
4,Issuance towards Reliance Industries Limited (***),"3,111,088",—
5,2015 Share Plan (****),"10,416","10,208"
6,Total,"10,073,315","4,739,554"
7,,,
8,(*) Each A ordinary shares is entitled to one vote on all matters and each B shares is entitled to ten votes.,,
9,(**) Average exercise price of $14.69 (2018: $11.6),,
10,(***) Average exercise price of $15 (2018: $Nil),,
11,(****) Average exercise price of $7.92 (2018: $8.71),,
12,"(*****) 183,000 shares (2018: 225,000) exercised price at $0.39 (2018: $0.40)",,
13,,,
14,28 SHARE BASED COMPENSATION PLANS,,
15,,,
16,"The compensation cost recognised with respect to all outstanding plans and by grant of shares, which are all equity settle",,
17,"instruments, is as follows:",,
18,,,
19,,Year ended March 31,
20,,2019 2018,2017
21,,(in thousands),
22,IPO India Plan,"$ 1,198 $ 1,572","$ 2,140"
23,JSOP Plan,—,"615 3,622"
24,Option award scheme 2012,—,197 699
25,2014 Share Plan,47,"(22)  1,427"
26,2015 Share Plan(*),"3,059",100 328
27,Other share option awards(**),"5,346 7,283","4,405"
28,Management scheme (staff share grant) (***),"11,911 8,173","10,850"
29,,"$ 21,561 $ 17,918","$ 23,471"
