,Unnamed: 0,Unnamed: 1,Unnamed: 2,Unnamed: 3,Less than,1-3,Unnamed: 4,3-5,Unnamed: 5,Unnamed: 6,More than,Unnamed: 7
0,,,Total,,1 year,years,,years,,,5 years,
1,,,,,,(in thousands),,,,,,
2,Recorded Contractual Obligations,,,,,,,,,,,
3,Debt,$,"281,519",$,"209,180","$ 72,339",$,—,,$,,—
4,,,,,,,,,,,,
5,Unrecorded Contractual Obligations,,,,,,,,,,,
6,Operating leases,,"1,266",,401,865,,—,,,,—
7,Film entertainment rights purchase,,,,,,,,,,,
8,obligations(1),,"301,660",,"101,001","142,554",,"58,105",,,,—
9,Interest payments on debt (2),,"29,016",,"21,820","7,196",,—,,,,—
10,Total,,"331,942",,"123,222","150,615",,"58,105",,,,—
