,Unnamed: 0,Unnamed: 1,2019,2018
0,,,(in thousands),
1,Film productions,,,
2,Opening balance,$,"10,867 $","3,931"
3,Additions,,"3,413","10,521"
4,Exchange difference,,(775),(17)
5,Transfer to film and content rights,,(444),"(3,568)"
6,Closing balance,$,"13,061 $","10,867"
7,,,,
8,Content advances,,,
9,Opening balance,$,"349,568 $","266,232"
10,Additions (*)(#),,"261,002","221,251"
11,Reclassifications(**),,(65),—
12,Exchange difference,,"(12,314)","(1,100)"
13,Impairment loss (Refer to Note 2 (b)),,"(38,832)",(353)
14,Transfer to film and content rights,,"(219,923)","(136,462)"
15,Closing balance,$,"339,436 $","349,568"
16,,,,
17,Film and content rights,,,
18,Opening balance,$,"638,108 $","634,465"
19,Amortization,,"(130,155)","(115,285)"
20,Exchange difference,,"(7,542)",(414)
21,Impairment loss (Refer to Note 2 (b)),,"(366,703)",—
22,Deconsolidation,,—,"(20,688)"
23,Transfer from film productions and content advances,,"220,367","140,030"
24,Closing balance,$,"354,075 $","638,108"
25,,,,
26,"Film and content rights with a carrying amount of $310,996 (2018: $321,474) have been pledged against secured borrowing",,,
27,(Refer Note 23).,,,
28,,,,
29,"(#) represents non-cash movement on account of de-recognition of financial liabilities amounting to $160,615 (2018: $79,778",,,
30,[Refer Note 32].,,,
31,"(*) represents exchange of film rights for non-cash consideration Nil (2018: $14,795).",,,
32,"(**) includes reclassification from other intangibles amounting to $1,090 and reclassification to loans and advances amounting to",,,
33,"$1,155 (i.e $1,090 less $1,155)",,,
34,,,,
35,16 INTANGIBLE ASSETS- OTHER,,,
36,,,,
37,Other intangibles comprise of software and other intangibles used within the Group’s digital and home entertainment activities an,,,
38,internal accounting activities.,,,
39,,,,
40,The changes in other intangible assets are as follows:,,,
41,,,,
42,,"As At March 31, 2019",,
43,,(in thousands),,
44,,Information,Other,
45,,technology assets,intangibles,Total
46,"Opening net carrying amount as on March 31, 2018","$ 1,449 $","3,831 $","5,280"
47,Exchange difference,—,(148),(148)
48,Additions,—,907,907
49,Disposal and reclassification,59,"(1,090)","(1,031)"
50,Amortization charge,(304),(910),"(1,214)"
51,"Closing net carrying amount as on March 31, 2019","$ 1,204 $","2,590 $","3,794"
52,,,,
53,,"As At March 31, 2019",,
54,,(in thousands),,
55,"Cost or valuation as on March 31, 2019","$ 5,114 $","6,607 $","11,721"
56,Accumulated amortization,"(3,910)","(4,017)","(7,927)"
57,"Net carrying amount as on March 31, 2019","$ 1,204 $","2,590 $","3,794"
