,Goodwill Amount in US$
0,"Balance as at March 31, 2017 $ 4,992"
1,Foreign currency translation 13
2,"Impairment (Refer note 6) (1,205)"
3,"Balance as at March 31, 2018 3,800"
4,Foreign currency translation —
5,"Impairment (Refer note 2 (b)) (3,800)"
6,"Balance as at March 31, 2019 $ —"
7,
8,Goodwill and Trade name has been assessed for impairment at the Group level as the Group is considered as one single cas
9,generating unit and represents the lowest level at which the goodwill is monitored for internal management purposes.
10,
11,The recoverable amount of the cash generating unit has been determined based on value in use. Value in use has been determine
12,"based on future cash flows after considering current economic conditions and trends, estimated future operating results, growt"
13,rates and anticipated future economic conditions.
14,
15,"As of March 31, 2019, for assessing impairment of goodwill and other non-current assets value in use is determined usin"
16,discounted cash flow method. The estimated cash flows for a period of four years were developed using internal forecasts
17,"extrapolated for the fifth year, and a pre-tax discount rate of 21% and terminal growth rate of 4%."
18,
19,Management believes that due to change in the key assumptions with respect to volume growth and discount rate has resulted int
20,"impairment of Goodwill and Trade name amounting to $3,800 and $14,000 respectively. Refer note 2(b) for details of ke"
21,assumptions and sensitivity analysis.
22,
23,15 INTANGIBLE CONTENT ASSETS
24,
25,Gross
26,Content Accumulated Impairment Content
27,Assets Amortization Loss Assets
28,
29,"As at March 31, 2019"
30,"Film and content rights $ 1,675,406 $ (954,628)  $ (366,703)  $ 354,075"
31,"Content advances 378,268 — (38,832)  339,436"
32,"Film productions 13,061 — — 13,061"
33,"Non-current content assets $ 2,066,735 $ (954,628)  $ (405,535)  $ 706,572"
34,
35,"As at March 31, 2018"
36,"Film and content rights $ 1,493,099 (854,991)  — $ 638,108"
37,"Content advances 349,568 — — 349,568"
38,"Film productions 10,867 — — 10,867"
39,"Non-current content assets $ 1,853,534 (854,991)  — $ 998,543"
