,Number,Title,Unnamed: 0
0,4.15,Form of Joint Share Ownership Deed Measured By Earnings Per Share,(c)
1,4.16,Employee Benefit Trust Deed,(c)
2,4.17,"Form of Option Agreement for Option Awards Approved April 17, 2012",(d)
3,4.18,Service Agreement of Jyoti Deshpande as Group Chief Executive Officer and Managing Director of Eros,(e)
4,,"International Plc, date September 5, 2013",
5,4.19,"Letter agreement for Employment between Eros International PLC, Eros Digital FZ LLC and Jyoti Deshpande",(g)
6,,"dated February 17, 2016.",
7,4.20,"Employment Agreement of Jyoti Deshpande as Executive Director of Eros International Media Limited, dated",(d)
8,,"August 29, 2013",
9,4.21,"Service Agreement of Vijay Ahuja as Executive Director of Eros International Pte Ltd, dated April 1, 2013",(d)
10,4.22,"Service Agreement of Pranab Kapadia as President – Europe & Africa of Eros International Ltd., dated December 1,",(d)
11,,2007,
12,4.23,Amended and Restated Service Agreement of Rishika Lulla Singh as Chief Executive Officer – Eros Digital FZ,(g)
13,,"LLC, dated February 17, 2016",
14,4.24,"Service Agreement of Mark Carbeck as Chief Corporate and Strategy Officer, dated April 3, 2014",(g)
15,4.25,"Service Agreement of David Maisel as Non-Executive Director, dated February 13, 2015",(f)
16,4.26,"Service Agreement of Rajeev Misra as Non-Executive Director, dated June 17, 2015",(f)
17,4.27,Form of 2014 Option Agreement for Option Awards,(f)
18,4.28,Form of 2015 Option Agreement for Option Awards,(f)
19,4.29,"Trust Deed constituting the £50 million 6.50% Bonds due 2021, dated October 15, 2014",(f)
20,4.30,"Amended Credit Agreement, between Eros International Plc, Citibank, N.A., London Branch, Lloyds TSB Bank Plc",(f)
21,,"and the Royal Bank of Scotland Plc, dated February 12, 2015",
22,4.31,"Form of Increase Confirmation, dated July 31, 2013, from HSBC Bank Plc to Lloyds TSB Bank Plc as Facility",(d)
23,,agent and Eros International Plc,
24,4.32,"Relationship Agreement dated as of September 20, 2016 between Eros International Media Limited and Eros",(i)
25,,Worldwide FZ LLC,
26,4.33,"Form of Indenture between the Company and Wilmington Savings Fund Society, FSB, as trustee",(j)
27,4.34,"Form of Supplementary Indenture between the Company and Wilmington Savings Fund Society, FSB, as trustee",(j)
28,4.35,Form of Senior Convertible Note (included as Exhibit A to Exhibit 4.34 hereto),(j)
29,4.36,Form of Warrant,(j)
30,8.1,Subsidiaries of Eros International Plc,(a)
31,10.1,Form of Securities Purchase Agreement,(i)
32,10.2,Registration Rights Agreement between Eros International Plc and Reliance Industrial Investments and Holdings,(l)
33,,"Limited, dated August 8, 2018",
34,12.1,Certification of Principal Executive Officer Pursuant to Rule 13a-14(a)/15d-14(a),(a)
35,12.2,Certification of Principal Financial Officer Pursuant to Rule 13a-14(a)/15d-14(a),(a)
36,13.1,Certification of Principal Executive Officer Pursuant to 18 U.S.C. Section 1350,(a)
37,13.2,Certification of Principal Financial Officer Pursuant to 18 U.S.C. Section 1350,(a)
38,15.2,Consent to Use of Federation of Indian Chambers of Commerce and Industry – Indian Media and Entertainment,(a)
39,,Industry Reports,
40,101.INS,XBRL Instance Document,(a)
41,101.SCH,XBRL Taxonomy Extension Schema Document,(a)
42,101.CAL,XBRL Taxonomy Extension Calculation Linkbase Document,(a)
43,101.DEF,XBRL Taxonomy Extension Definition Linkbase Document,(a)
44,101.LAB,XBRL Taxonomy Extension Label Linkbase Document,(a)
45,101.PRE,XBRL Taxonomy Extension Presentation Linkbase Document,(a)
