,Unnamed: 0,Unnamed: 1,2019,2018
0,,,(in thousands),
1,"Debt (net of debt issuance cost of $691 (2018: $1,210))",$,"280,828 $","276,946"
2,Cash and cash equivalents(*),,"135,783","87,762"
3,Net debt,,"145,045","189,184"
4,Equity,,"656,985","1,003,417"
5,Net debt to equity ratio,,22.1%,18.9%
6,,,,
7,"(*) includes $46,666 (2018: Nil) of restricted deposits.",,,
8,,,,
9,Debt is defined as long and short-term borrowings (excluding derivatives). Equity includes all capital and reserves of the Grou,,,
10,that are managed as capital.,,,
11,,,,
12,Categories of financial instruments,,,
13,,,,
14,,,2019,2018
15,,,(in thousands),
16,Financial assets,,,
17,Available-for-sale investments,$,"3,692 $","27,257"
18,Other financial assets (1),,"351,479","340,994"
19,,$,"355,171 $","368,251"
20,Financial liabilities at amortized cost,,,
21,Trade payables and acceptances excluding value added tax and other tax payables,$,"81,208 $","70,927"
22,Borrowings,,"212,479","190,936"
23,Financial Liabilities at fair value through profit or loss,,,
24,Derivatives at fair value through profit or loss - held for trading,,620,—
25,Senior convertible Notes at fair value through profit or loss,,"68,349","86,010"
26,,$,"362,656 $","347,873"
