,Unnamed: 0,Unnamed: 1,2019 2018,2017,Unnamed: 2
0,,,"(in thousands, except per share amounts)",,
1,Profit/(loss) for the year,$,"(410,453)  $ (9,745)",$,"11,455"
2,Other comprehensive income:,,,,
3,Items that will not be subsequently reclassified to profit or loss,,,,
4,Changes in fair value of investments,,"(24,687)",,
5,Revaluation of property and equipment,,"1,745",—,—
6,Items that will be subsequently reclassified to profit or loss,,,,
7,Exchange differences on translating foreign operations,,"(13,934)  (1,153)",,"6,618"
8,Exchange differences on revaluation of property and equipment,,78,6,(27)
9,Reclassification of cash flow hedge to consolidated statements of income,,—,375,804
10,Fair value loss on trade account receivable (FVTOCI),,"(4,664)",—,—
11,Impairment loss on available-for-sale financial assets,,—,—,(384)
12,Total other comprehensive (loss)/income for the year,$,"(41,462)  $",(772)  $,"7,011"
13,"Total comprehensive (loss)/income for the year, net of tax",$,"(451,915)  $ (10,517)",$,"18,466"
14,,,,,
15,Attributable to,,,,
16,Equity holders of Eros International Plc,,"(459,321)  (23,106)",,"8,997"
17,Non-controlling interest,,"7,406 12,589",,"9,469"
