,Unnamed: 0,Unnamed: 1,Unnamed: 2,Other components of equity,Unnamed: 3,Unnamed: 4,Unnamed: 5,Unnamed: 6,Unnamed: 7,Unnamed: 8
0,,,,,,,,Equity,,
1,,,,,,,,Attributable to,,
2,,,,Available,,,,Shareholders,,
3,,,Share,Currency  for sale,,,Share,of EROS,Non-,
4,,Share,premium,translation fair value Revaluation,,JSOP,Application,International controlling,,Total
5,,capital,account,reserve reserves reserve,Reserves,reserve,Reserve,PLC,interest,equity
6,,,,,(in thousands),,,,,
7,"Balance as at March 31, 2018","$35,334","$453,997","$ (56,722) $ 6,238 $ 1,835","$ 422,992","$ (15,985) $","18,000","$ 865,689 $","137,728 $1,003,417",
8,,,,,,,,,,
9,Adoption of IFRS 15/9 (Refer,,,,,,,,,
10,Note 39),—,—,(34)  — —,"(14,270)",—,—,"(14,304)","(3,520)","(17,824)"
11,,,,,,,,,,
12,"Balance as at April 1, 2018","$35,334","$453,997","$ (56,756) $ 6,238 $ 1,835","$ 408,722","$ (15,985) $","18,000","$ 851,385 $","134,208 $","985,593"
13,,,,,,,,,,
14,Profit for the period,—,—,— — —,"(423,867)",—,—,"(423,867)","13,414","(410,453)"
15,,,,,,,,,,
16,Other comprehensive,,,,,,,,,
17,income/(loss) for the period,—,—,"(7,423)  (24,687)  1,097","(4,441)",—,—,"(35,454)","(6,008)","(41,462)"
18,,,,,,,,,,
19,Total comprehensive,,,,,,,,,
20,income/(loss) for the period,—,—,"(7,423)  (24,687)  1,097","(428,308)",—,—,"(459,321)","7,406","(451,915)"
21,,,,,,,,,,
22,Issue of shares,"1,948","70,718",— — —,—,—,"(18,000)","54,666",—,"54,666"
23,,,,,,,,,,
24,Shares issued on exercise of,,,,,,,,,
25,employee stock options and,,,,,,,,,
26,awards,302,"7,299",— — —,"(7,447)",—,—,154,—,154
27,,,,,,,,,,
28,Share based Compensation,—,—,— — —,"21,118",—,—,"21,118",443,"21,561"
29,,,,,,,,,,
30,Changes in ownership interests,,,,,,,,,
31,in subsidiaries that do not result,,,,,,,,,
32,in a loss of control,—,—,— — —,"3,713",—,—,"3,713","(6,528)","(2,815)"
33,,,,,,,,,,
34,Shares issued in lieu of,,,,,,,,,
35,convertible notes,"1,742","47,999",— — —,—,—,—,"49,741",—,"49,741"
36,,,,,,,,,,
37,"Balance as at March 31, 2019","$39,326","$580,013","$ (64,179) $ (18,449) $ 2,932","$ (2,202) $ (15,985) $",,—,"$ 521,456 $","135,529 $","656,985"
