,Unnamed: 0,Unnamed: 1,Unnamed: 2,Unnamed: 3,Page
0,PART I,,,,
1,"ITEM 1. IDENTITY OF DIRECTORS, SENIOR MANAGEMENT AND ADVISERS",,,,1
2,ITEM 2. OFFER STATISTICS AND EXPECTED TIMETABLE,,,,1
3,ITEM 3. KEY INFORMATION,,,,1
4,ITEM 4. INFORMATION ON THE COMPANY,,,,31
5,ITEM 4A. UNRESOLVED STAFF COMMENTS,,,,60
6,ITEM 5. OPERATING AND FINANCIAL REVIEW AND PROSPECTS,,,,60
7,"ITEM 6. DIRECTORS, SENIOR MANAGEMENT AND EMPLOYEES",,,,91
8,ITEM 7. MAJOR SHAREHOLDERS AND RELATED PARTY TRANSACTIONS,,,,105
9,ITEM 8. FINANCIAL INFORMATION,,,,106
10,ITEM 9. THE OFFER AND LISTING,,,,106
11,ITEM 10. ADDITIONAL INFORMATION,,,,108
12,ITEM 11. QUANTITATIVE AND QUALITATIVE DISCLOSURES ABOUT MARKET RISK,,,,118
13,ITEM 12. DESCRIPTION OF SECURITIES OTHER THAN EQUITY SECURITIES,,,,119
14,,,,,
15,PART II,,,,
16,"ITEM 13. DEFAULTS, DIVIDEND ARREARAGES AND DELINQUENCIES",,,,120
17,ITEM 14. MATERIAL MODIFICATIONS TO THE RIGHTS OF SECURITY,HOLDERS AND USE,,OF,120
18,PROCEEDS,,,,
19,ITEM 15. CONTROLS AND PROCEDURES,,,,120
20,ITEM 16A. AUDIT COMMITTEE FINANCIAL EXPERT,,,,121
21,ITEM 16B. CODE OF ETHICS,,,,121
22,ITEM 16C. PRINCIPAL ACCOUNTANT FEES AND SERVICES,,,,122
23,ITEM 16D. EXEMPTIONS FROM THE LISTING STANDARDS FOR AUDIT COMMITTEES,,,,122
24,ITEM 16E. PURCHASES OF EQUITY SECURITIES BY THE ISSUER AND AFFILIATED PURCHASERS,,,,122
25,ITEM 16F. CHANGE IN REGISTRANT’S CERTIFYING ACCOUNTANT,,,,122
26,ITEM 16G. CORPORATE GOVERNANCE,,,,122
27,ITEM 16H. MINE SAFETY DISCLOSURE,,,,123
28,,,,,
29,PART III,,,,
30,ITEM 17. FINANCIAL STATEMENTS,,,,124
31,ITEM 18. FINANCIAL STATEMENTS,,,,124
32,ITEM 19. EXHIBITS,,,,124
33,SIGNATURES,,,,
34,INDEX TO EROS INTERNATIONAL’S CONSOLIDATED FINANCIAL STATEMENTS,,,,F-1
