,Unnamed: 0,Unnamed: 1,"June 30,","September 30, December 31,",Unnamed: 2,Unnamed: 3,"March 31,"
0,,,2018,2018,2018,,2019
1,,,,(in thousands),,,
2,(Loss)/Profit for the year,$,"(9,490)","$ 13,416 $","14,474",$,"(428,853)"
3,Income tax expense,,"2,879","1,711","2,218",,520
4,Net finance costs,,"2,348",(284),"3,925",,"1,685"
5,Depreciation,,248,279,296,,226
6,Amortization(a),,471,288,228,,227
7,EBITDA (Non-GAAP),,"(3,544)","15,410","21,141",,"(426,195)"
8,Share based payments(b),,"4,430","6,686","3,957",,"6,488"
9,Reversal credit impairment losses/(gains),,"(4,581)","(5,982)","(3,895)",,"(6,240)"
10,Loss on de-recognition of financial assets measured at,,,,,,
11,"amortized cost, net",,"1,304","1,464","1,566",,"1,654"
12,"Credit impairment losses, net",,"1,919","2,657","4,350",,"1,747"
13,Loss /(Gain) on sale of property and equipment,,—,—,3,,94
14,Loss on financial liability (convertible notes) measured at fair,,,,,,
15,value through profit and loss,,"21,323","(1,580)","(1,263)",,"2,918"
16,"Adjustment arisen from significant discounting, component",,"6,410","8,837","9,917",,"9,303"
17,Closure of derivative asset,,249,—,—,,—
18,Impairment Loss,,—,—,—,,"423,335"
19,Others,,—,—,—,,(37)
20,Adjusted EBITDA (Non-GAAP),$,"27,510","$ 27,492 $","35,776",$,"13,067"
21,Amortization of intangible film and content rights,,"28,495","31,828","35,835",,"33,997"
22,Gross Adjusted EBITDA (Non-GAAP),$,"56,005","$ 59,320 $","71,611",$,"47,064"
23,_________________,,,,,,
