,Unnamed: 0,IAS 39 Category IFRS 9 Category,carrying value,fair value
0,Financial Assets,,,
1,Cash and cash equivalents,Loans and Receivables At amortized cost,"87,762","87,762"
2,Restricted deposits,Loans and Receivables At amortized cost,"7,468","7,468"
3,,Available for sale Financial assets at,,
4,Investment in equity instruments,financial assets FVTOCI*,"27,257","27,257"
5,Trade and other receivables,Loans and Receivables At amortized cost,"235,726","235,726"
6,Total,,"358,213","358,213"
7,,,,
8,,IAS 39 Category IFRS 9 Category,carrying value  Total,Totalfair value
9,Financial Liabilities,,,
10,Total borrowings (excluding,,,
11,convertible notes),At amortized cost At amortized cost,"190,936","174,533"
12,Convertible notes,Financial liabilities at Financial liabilities at,,
13,,FVTPL FVTPL**,"86,010","86,010"
14,Trade and other payables,At amortized cost At amortized cost,"72,142","72,142"
15,Acceptances,At amortized cost At amortized cost,"8,898","8,898"
16,Total,,"357,986","341,583"
17,,,,
18,* FVTOCI – Fair value through other comprehensive income.,,,
19,** FVTPL – Fair value through profit and loss.,,,
20,,,,
21,Details showing the Classification and Measurement of the Company’s financial instruments on adoption of IFRS 9 as at March 31,,,
22,2019.,,,
23,,,,
24,,,Total,
25,,IAS 39 Category IFRS 9 Category,carrying value,Totalfair value
26,Financial Assets,,,
27,Cash and cash equivalents,Loans and Receivables At amortized cost,"89,117","89,117"
28,Restricted deposits,Loans and Receivables At amortized cost,"56,614","56,614"
29,Investment at fair value,Available for sale financial,,
30,,assets Financial assets at FVTPL**,"1,042","1,042"
31,Investment at amortized cost,Available for sale financial Financial assets at,,
32,,assets FVTOCI*,"2,650","2,650"
33,Trade receivables,Trade Accounts Receivables At amortized cost,"71,129","71,129"
34,Trade receivables,Trade Accounts Receivables Financial assets at,,
35,,FVTOCI*,"125,229","125,229"
36,Total,,"345,781","345,781"
