,•,"Obscuring: The existing definition only focused on omitting or misstating information, however, the Board concluded that"
0,,obscuring material information with information that can be omitted can have a similar effect. Although the term obscuring is
1,,"new in the definition, it was already part of IAS 1 (IAS 1.30A);"
2,•,Could reasonably be expected to influence: The existing definition referred to “could influence” which the Board felt might be
3,,understood as requiring too much information as almost anything “could influence” the decisions of some users even if the
4,,possibility is remote;
5,•,Primary users: The existing definition referred only to ‘users’ which again the Board feared might be understood too broadly as
