,Unnamed: 0,Unnamed: 1,"As At March 31, 2018",Unnamed: 2
0,,,(in thousands),
1,,Information,Other,
2,,technology assets,intangibles,Total
3,"Opening net carrying amount as on March 31, 2017","$ 2,160","$ 2,200 $","4,360"
4,Exchange difference,—,(7),(7)
5,Additions,205,"2,450","2,655"
6,Disposals,—,(2),(2)
7,Amortization charge,(916),(810),"(1,726)"
8,"Closing net carrying amount as on March 31, 2018","$ 1,449","$ 3,831 $","5,280"
9,,,,
10,,,"As At March 31, 2018",
11,,,(in thousands),
12,"Cost or valuation as on March 31, 2018","$ 5,055","$ 6,938 $","11,993"
13,Accumulated amortization,"(3,606)","(3,107)","(6,713)"
14,"Net carrying amount as on March 31, 2018","$ 1,449","$ 3,831 $","5,280"
15,,,,
16,Other intangible assets with a carrying amount of $92 (2018: $143) have been pledged against secured borrowings (Refer Note 23).,,,
17,,,,
18,17 AVAILABLE-FOR-SALE FINANCIAL ASSETS,,,
19,,,,
20,,,As At March 31,
21,,,2019,2018
22,,,(in thousands),
23,Non – Current Investments,,,
24,Valuable Technologies Limited,,"$ 2,000 $","11,097"
25,LMB Holdings Limited,,650,"16,000"
26,Cloudstream Media Inc,,—,160
27,,,"$ 2,650 $","27,257"
28,Current Investments,,,
29,Polyxo Global Limited,,"$ 1,042 $",—
30,,,"$ 1,042 $",—
31,,,"$ 3,692 $","27,257"
32,,,,
33,The movement in the financial assets is as follows:,,,
34,,,,
35,,,Financial Assets Financial Assets,
36,,,at FVTPL,at FVTOCI
37,,,,
38,"As at March 31, 2017",,"$ 29,613 $",—
39,Additions,,80,—
40,Total gain or (losses):,,—,—
41,-profit and loss:,,"(2,436)",—
42,Disposals,,—,—
43,"As at March 31, 2018",,"27,257",—
44,Reclassification (refer note 39),,"(27,257)","27,257"
45,Additions,,"1,005",80
46,Fair valuation gain / (loss),,37,"(24,687)"
47,"As at March 31, 2019",,"$ 1,042 $","2,650"
