,· Report of Independent Registered Public Accounting Firm Grant Thornton India LLP,Unnamed: 0,Unnamed: 1
0,,,
1,"· Consolidated Statements of Financial Position as at March 31, 2019 and 2018",,
2,,,
3,"· Consolidated Statements of Income for the years ended March 31, 2019, 2018, and 2017",,
4,,,
5,"· Consolidated Statements of Comprehensive Income for the years ended March 31, 2019, 2018, and 2017",,
6,,,
7,"· Consolidated Statements of Changes in Equity for the years ended March 31, 2019, 2018, and 2017",,
8,,,
9,"· Consolidated Statements of Cash Flows for the years ended March 31, 2019, 2018, and 2017",,
10,,,
11,· Notes to Consolidated Financial Statements,,
12,,,
13,ITEM 19. EXHIBITS,,
14,,,
15,The following exhibits are filed as part of this annual report:,,
16,,,
17,Exhibit,,
18,Number Title,,
19,1.1 Memorandum of Association,,(c)
20,1.2 Articles of Association,,(c)
21,2.1 Form of A Share Certificate,,(d)
22,"4.1 Relationship Agreement, dated as of December 16, 2009, between Eros International Media Limited, the Company",,(b)
23,and Eros Worldwide FZ-LLC,,
24,"4.2 Shareholders’ Agreement, dated as of January 13,2007, between Eros Multimedia Private Limited and The Group",,(b)
25,and Big Screen Entertainment Private Limited,,
26,"4.3 Shareholders’ Agreement for Ayngaran International Limited, dated as of July 11,2007",,(b)
27,"4.4 Employment Agreement of Sunil Lulla as Executive Vice Chairman of Eros International Medial Limited, dated",,(b)
28,"September 29, 2009",,
29,4.5 Service Agreement of Prem Parameswaran as Chief Financial Officer and President of North America and Group,,(f)
30,"Chief Financial Officer, dated May 26, 2015",,
31,"4.6 Service Agreement of Kishore Lulla, dated February 17, 2016",,(g)
32,"4.7 Service Agreement of Vijay Ahuja as Vice Chairman and President (International) dated June 27, 2006",,(b)
33,"4.8 Rules of the Eros International Plc Bonus Share Plan Unapproved Option Scheme 2006, dated May 17, 2006",,(b)
34,"4.9 Credit Facility, dated January 5, 2012, between Eros International Plc, Citibank, N.A., London Branch, Lloyds TSB",,(b)
35,"Bank Plc and the Royal Bank of Scotland Plc, with Lloyds TSB Bank Plc as Facility Agent, in the original principal",,
36,amount of $125 million,,
37,"4.10 Increase Confirmation, dated January 12, 2012, from UBS AG, Singapore Branch, to Lloyds TSB Bank Plc as",,(b)
38,Facility Agent and Eros International Plc,,
39,4.11 IPO Plan Form of Option Agreement,,(d)
40,4.12 Eros International Media Pvt. Ltd. ESOP 2009,,(c)
41,4.13 Form of Joint Share Ownership Deed Measured By Total Share Return,,(c)
