,Unnamed: 0,Number of Shares of A,Percent of Class,Unnamed: 1,Number of Shares of B,Unnamed: 2,Percent ofClass
0,Directors,,,,,,
1,Kishore Lulla(1),"2,358,071",2.8%,,"15,256,925",,100.0%
2,Sunil Lulla,*,*,,—,,—
3,Dilip Thakkar,*,*,,—,,—
4,David Maisel,*,*,,—,,—
5,Rishika Lulla Singh,*,*,,—,,—
6,Prem Paramsewaran,*,*,,—,,—
7,Senior Management,,,,,,
8,,,,,,,
9,Mark Carbeck,—,—,,—,,—
10,Pranab Kapadia,—,—,,—,,—
11,Surender Sadhwani,*,*,,—,,—
12,All directors and senior management as a group,"5,057,820",5.99%,,"15,256,925",,100.0%
13,,,,,,,
14,* Represents less than 1%.,,,,,,
15,"(1) Kishore Lulla's interest in certain of his shares is by virtue of (i) his holding ownership interests in, and being a potential",,,,,,
16,"beneficiary of, discretionary trusts that hold our shares and (ii) serving as trustee of the Lulla Foundation, a U.K. registered",,,,,,
17,charity that holds our shares.,,,,,,
18,,,,,,,
19,"Kishore Lulla, by virtue of the B ordinary shares he beneficially owns, has different voting rights from holders of A ordinary",,,,,,
20,"shares. Each A ordinary share is entitled to one vote on all matters upon which the ordinary shares are entitled to vote, and each B",,,,,,
21,"ordinary share is entitled to ten votes on such matters. In order to vote at any meeting of shareholders, a holder of B ordinary shares",,,,,,
22,will first be required to certify that it is a permitted holder as defined in our articles.,,,,,,
23,,,,,,,
24,"Options to purchase A ordinary from the Company are granted from time to time to directors, officers and employees of the",,,,,,
25,Company on terms and conditions acceptable to the Board of Directors.,,,,,,
26,,,,,,,
27,"The following table provides option details with respect to the directors and officers as at July 31, 2019.",,,,,,
28,,,,,,,
29,,Number of,,,,,
30,,‘A’ ordinary,,,Exercise,,
31,,Shares,Date of,,Price,,Expiration
32,Name,Options,Grant,,($USD),,Date
33,Prem Parameswaran,"300,000",Sep-15,,$ 18.30,,Jun-21
34,David Maisel,"500,000",Feb-15,,$ 16.00,,Feb-21
35,Mark Carbeck,"70,000",Feb-15,,$ 14.97,,Mar-25
36,Pranab Kapadia,"132,013",Sep-18,,$ 2.00,,Mar-25
37,Rishika Lulla,"242,035",Sep-18,,$ 2.00,,Mar-25
38,Surender Sadhwani,"130,000",Sep-18,,$ 2.00,,Mar-25
39,Surender Sadhwani,"674,045",Jul-19,,$ 2.00,,Mar-25
