,Unnamed: 0,Unnamed: 1,Unnamed: 2,2019,Unnamed: 3,2018,Unnamed: 4,2017,Unnamed: 5
0,,,Basic,Diluted,Basic,Diluted,Basic,,Diluted
1,,,,"(in thousands, except number of shares and earnings per share)",,,,,
2,(Loss)/earnings,,,,,,,,
3,Earnings attributable to the,,,,,,,,
4,equity holders of the parent,$,"(423,867)","(423,867)","$ (22,575)","(22,575)","$ 3,805",,"$ 3,805"
5,Potential dilutive effect,,,,,,,,
6,related to share based,,,,,,,,
7,compensation scheme in,,,,,,,,
8,subsidiary undertaking,,,—  (197),,—  (475),,—,(673)
9,Adjusted earnings,,,,,,,,
10,attributable to equity,,,,,,,,
11,holders of the parent,$,"(423,867)","(424,064)","$ (22,575)","(23,050)","$ 3,805",,"$ 3,132"
12,Number of shares,,,,,,,,
13,Weighted average number,,,,,,,,
14,of shares,"70,706,579",,"70,706,579","62,151,155","62,151,155","59,410,292",,"59,410,292"
15,Potential dilutive effect,,,,,,,,
16,related to share based,,,,,,,,
17,compensation scheme,,,"—  1,463,640",,"—  1,331,211",,—,"1,532,839"
18,Adjusted weighted average,,,,,,,,
19,number of shares,"70,706,579",,"72,170,219","62,151,155","63,482,366","59,410,292",,"60,943,131"
20,(Loss)/earnings per share,,,,,,,,
21,(Loss)/earnings,,,,,,,,
22,attributable to the equity,,,,,,,,
23,holders of the parent per,,,,,,,,
24,share (cents),,(599.5),(599.5),(36.3),(36.3),,6.4,5.1
25,,,,,,,,,
26,The above table does not split the earnings per share separately for the ‘A’ ordinary 30p shares and the ‘B’ ordinary 30p shares as,,,,,,,,
27,there is no variation in their entitlement to participate in undistributed earnings.,,,,,,,,
28,,,,,,,,,
29,The Company excludes options with exercise prices that are greater than the average market price from the calculation of diluted,,,,,,,,
30,"EPS because their effect would be anti-dilutive. In the year ended March 31, 2019, 1,957,035 shares were not included in diluted",,,,,,,,
31,"earnings per share (2018: 1,025,000). Since there is loss for the fiscal year 2019, the potential equity shares resulting from dilutive",,,,,,,,
32,"options are not considered as dilutive and hence, the Diluted EPS is same as Basic EPS.",,,,,,,,
33,,,,,,,,,
34,"Further, the Company have excluded convertible notes 7,567,962 shares because their effect was anti-dilutive (2018 : 12,399,780).",,,,,,,,
35,,,,,,,,,
36,13 PROPERTY AND EQUIPMENT,,,,,,,,
37,,,,,,,,,
38,,,,,,"As At March 31, 2019",,,
39,,,,Land,"Furniture,",,,,
40,,,,and,fittings and,,,,
41,,,,Building,equipment,Vehicles,Machinery,,Total
42,,,,,,(in thousands),,,
43,Opening net carrying amount,,,"$ 8,481",$ 348,$ 698,$,476,"$ 10,003"
44,Exchange difference,,,(292),(12),(43),,(12),(359)
45,Revaluation,,,"1,745",,—,—,—,"1,745"
46,Additions,,,207,,16 116,,394,733
47,Reclassification and other adjustment,,,,(61),,2,—,(59)
48,Disposals,,,(449),(56),,—,(65),(570)
49,Adjustment of depreciation on disposal,,,367,,39,—,61,467
50,Depreciation charge,,,(497),(75),(224),(253),,"(1,049)"
51,"Balance as at March 31, 2019",,,"$ 9,562",$ 199,$ 549,$,601,"$ 10,911"
52,Capital work-in-progress,,,,,,,,$ 10
53,"Net carrying value as at March 31, 2019",,,,,,,,"$ 10,921"
