,"(in millions, except per share data)",Unnamed: 0,2019,Unnamed: 1,2018,Unnamed: 2,2017
0,Net income,$,"11,083",$,"3,587",$,"9,452"
1,Weighted average common shares outstanding,,"3,634",,"4,121",,"4,115"
2,Dilutive effect of employee stock plans,,98,,117,,102
3,Dilutive weighted average common shares outstanding,,"3,732",,"4,238",,"4,217"
4,Basic earnings per share,$,3.05,$,0.87,$,2.30
5,Diluted earnings per share,$,2.97,$,0.85,$,2.24
6,Shares subject to anti-dilutive restricted stock-based awards and stock options excluded from calculation (1),,71,,64,,74
