,Unnamed: 0,Unnamed: 1,Unnamed: 2,Unnamed: 3,Percent Change,Unnamed: 4,Unnamed: 5,Unnamed: 6,Unnamed: 7
0,(Dollars in millions),,2019,Actual,Constant,,,2018.0,
1,Services Revenues:,,,,,,,,
2,Americas,$,"1,576",,-5% -3%,,$,,"1,654"
3,EMEA,,"1,021",,-2% 2%,,,,"1,046"
4,Asia Pacific,,643,,-7% -4%,,,,695
5,Total revenues,,"3,240",,-5% -2%,,,,"3,395"
6,Total Expenses (1),,"2,703",,-1% 2%,,,,"2,729"
7,Total Margin,$,537,,-19% -18%,,$,,666
8,Total Margin %,,17%,,,,,,20%
9,% Revenues by Geography:,,,,,,,,
10,Americas,,49%,,,,,,49%
11,EMEA,,31%,,,,,,31%
12,Asia Pacific,,20%,,,,,,20%
13,,,,,,,,,
14,"(1) Excludes stock-based compensation and certain expense allocations. Also excludes amortization of intangible assets and certain other GAAP-based expenses, which were not allocated to our operati",,,,,,,,
15,"segment results for purposes of reporting to and review by our CODMs, as further described under “Presentation of Operating Segments and Other Financial Information” above.",,,,,,,,
16,"Excluding the effects of currency rate fluctuations, our total services revenues decreased in fiscal 2019 relative to fiscal 2018 primarily due to revenue declines",,,,,,,,
17,"our education services and, to a lesser extent, our consulting services. During fiscal 2019, constant currency increases in our EMEA-based services revenues we",,,,,,,,
18,offset by constant currency services revenue decreases in the Americas and the Asia Pacific regions.,,,,,,,,
19,"In constant currency, total services expenses",increased in fiscal 2019 compared to fiscal 2018 primarily due to an increase in employee related expenses a,,,,,,,
20,"external contractor expenses associated with investments in our consulting services that support our cloud offerings. In constant currency, total margin and tot",,,,,,,,
21,margin as a percentage of total services revenues decreased during fiscal 2019 relative to fiscal 2018 due to decreased revenues and increased expenses for th,,,,,,,,
22,business.,,,,,,,,
23,Research and Development Expenses: research and development expenses consist primarily of personnel related expenditures. We intend to continue to inve,,,,,,,,
24,"significantly in our research and development efforts because, in our judgment, they are essential to maintaining our competitive position.",,,,,,,,
25,,,,"Year Ended May 31,",,,,,
26,,,,,Percent Change,,,,
27,(Dollars in millions),,2019,Actual,Constant,,,2018.0,
28,research and development (1),$,"5,063",,-2% 0%,,$,,"5,163"
29,Stock-based compensation,,963,,5% 5%,,,,921
30,Total expenses,$,"6,026",,-1% 0%,,$,,"6,084"
31,% of Total Revenues,,15%,,,,,,15%
