,(in millions),Unnamed: 0,2019,Unnamed: 1,2018,Unnamed: 2,2017
0,Gross unrecognized tax benefits as of June 1,$,"5,592",$,"4,919",$,"4,561"
1,Increases related to tax positions from prior fiscal years,,772,,200,,128
2,Decreases related to tax positions from prior fiscal years,,(135),,(65),,(218)
3,Increases related to tax positions taken during current fiscal year,,540,,840,,595
4,Settlements with tax authorities,,(153),,(42),,(85)
5,Lapses of statutes of limitation,,(202),,(273),,(47)
6,"Cumulative translation adjustments and other, net",,(66),,13,,(15)
7,Total gross unrecognized tax benefits as of May 31,$,"6,348",$,"5,592",$,"4,919"
