,(in millions),2019,Unnamed: 0,2018,Unnamed: 1,2017
0,Domestic $,"3,774",$,"3,366",$,"3,674"
1,Foreign,"8,494",,"9,058",,"8,006"
2,Income before provision for income taxes $,"12,268",$,"12,424",$,"11,680"
3,,,,,,
4,The provision for income taxes consisted of the following:,,,,,
5,,,"Year Ended May 31,",,,
6,(Dollars in millions),2019,,2018,,2017
7,Current provision:,,,,,
8,Federal $,979,$,"8,320",$,936
9,State,300,,264,,257
10,Foreign,"1,097",,"1,100",,"1,475"
11,Total current provision $,"2,376",$,"9,684",$,"2,668"
12,Deferred benefit:,,,,,
13,Federal $,483,$,(827),$,(158)
14,State,(28),,(26),,(29)
15,Foreign,"(1,646)",,6,,(253)
16,Total deferred benefit $,"(1,191)",$,(847),$,(440)
17,Total provision for income taxes $,"1,185",$,"8,837",$,"2,228"
18,Effective income tax rate,9.7%,,71.1%,,19.1%
19,,,,,,
20,The provision for income taxes differed from the amount computed by applying the federal statutory rate to our income before provision for income taxes a,,,,,
21,follows:,,,,,
22,,,"Year Ended May 31,",,,
23,(Dollars in millions),2019,,2018,,2017
24,U.S. federal statutory tax rate,21.0%,,29.2%,,35.0%
25,Tax provision at statutory rate $,"2,576",$,"3,629",$,"4,088"
26,Impact of the Tax Act of 2017:,,,,,
27,One-time transition tax,(529),,"7,781",,—
28,Deferred tax effects,140,,(911),,—
29,Foreign earnings at other than United States rates,(789),,(995),,"(1,312)"
30,"State tax expense, net of federal benefit",197,,142,,150
31,"Settlements and releases from judicial decisions and statute expirations, net",(132),,(252),,(189)
32,Domestic production activity deduction,—,,(87),,(119)
33,Federal research and development credit,(158),,(174),,(127)
34,Stock-based compensation,(201),,(302),,(149)
35,"Other, net",81,,6,,(114)
36,Total provision for income taxes $,"1,185",$,"8,837",$,"2,228"
