,(1),Our net income and diluted earnings per share were impacted in fiscal 2019 and 2018 by the effects of the U.S. Tax Cuts and Jobs Act of 2017 (the Tax Act). The more significant provisions of the Tax Act
0,,as applicable to us are described below under “Impacts of the U.S. Tax Cuts and Jobs Act of 2017”.
1,(2),"Working capital and total assets decreased in fiscal 2019 primarily due to $36.1 billion of cash used for repurchases of our common stock during fiscal 2019 and also due to dividend payments, partially"
2,,offset by the favorable impacts to our net current assets resulting from our fiscal 2019 net income. Working capital and total assets sequentially increased in nearly all of the fiscal 2015 to 2018 periods
3,,presented primarily due to the favorable impacts to our net current assets resulting from our net income generated during the periods presented and the issuances of long-term senior notes of $10.0
4,,"billion in fiscal 2018, and $14.0 billion in fiscal 2017. These working capital and total assets increases were partially offset by cash used for acquisitions, repurchases of our common stock and dividend"
5,,"payments in the fiscal 2015 to 2018 periods presented. In addition, our total assets were also affected in all periods presented by the repayments of notes payable and other borrowings as discussed"
6,,further below.
7,(3),"Our notes payable and other borrowings, which represented the summation of our notes payable and other borrowings, current, and notes payable and other borrowings, non-current, as reported per"
8,,"our consolidated balance sheets as of the dates listed in the table above, decreased during fiscal 2019 primarily due to repayments of certain short-term borrowings and senior notes. Notes payable and"
