,Unnamed: 0,Unnamed: 1,2019,Unnamed: 2,Unnamed: 3,Unnamed: 4,Unnamed: 5,2018,Unnamed: 6,Unnamed: 7,2017,Unnamed: 8,Unnamed: 9
0,,,Non-operating,,Interest,,Non-operating,,Interest,,Non-operating,,Interest
1,(in millions),,"income, net",,expense,,"income, net",,expense,,"income, net",,expense
2,Consolidated statements of income line amounts in which the hedge,,,,,,,,,,,,
3,effects were recorded,$,815,$,"(2,082)",$,"1,185",$,"(2,025)",$,565,$,"(1,798)"
4,Gain (loss) on hedges recognized in income:,,,,,,,,,,,,
5,Interest rate swaps designated as fair value hedges:,,,,,,,,,,,,
6,Derivative instruments,$,—,$,31,$,—,$,(66),$,—,$,(82)
7,Hedged items,,—,,(31),,—,,66,,—,,82
8,Cross-currency interest rate swaps designated as fair value hedges:,,,,,,,,,,,,
9,Derivative instruments,,(38),,27,,—,,—,,—,,—
10,Hedged items,,38,,(27),,—,,—,,—,,—
11,Cross-currency swap agreements designated as cash flow hedges:,,,,,,,,,,,,
12,Amount of gain (loss) reclassified from accumulated OCI or OCL,,(53),,—,,51,,—,,2,,—
13,Total gain (loss) on hedges recognized in income,$,(53),$,—,$,51,$,—,$,2,$,—
