,Index to Financial Statements,Unnamed: 0,Unnamed: 1,Unnamed: 2,Unnamed: 3,Unnamed: 4,Unnamed: 5,Unnamed: 6
0,,,,,,,Incorporated by Reference,
1,Exhibit,,,,,,,
2,No. Exhibit Description,,,,Form,File No.,Exhibit Filing Date,Filed By
3,10.11* Form of Performance-Based Stock,Unit,Award,,10-Q,001-35992,10.16 9/23/14,Oracle Corporation
4,Agreement under the Amended and restated 2000 Long-,,,,,,,
5,Term Equity Incentive Plan for Section 16 Officers,,,,,,,
6,10.12* Form of restricted Stock Unit Award Agreement,,under,,10-k,001-35992,10.17 6/25/15,Oracle Corporation
7,the Oracle Corporation Amended and,restated,1993,,,,,
8,Directors’ Stock Plan,,,,,,,
9,10.13* Form of Performance-Based Stock Option,Agreement,,,10-Q,001-35992,10.16 9/18/17,Oracle Corporation
10,under the Amended and restated 2000,Long-Term,,,,,,
11,Equity Incentive Plan for Named Executive Officers,,,,,,,
12,10.14* Form of Stock Unit Award Agreement,under,the,,10-Q,001-35992,10.17 9/18/17,Oracle Corporation
13,Amended and restated 2000 Long-Term Equity Incentive,,,,,,,
14,Plan for U.S. Employees (Including Section 16 Officers),,,,,,,
15,21.01‡ Subsidiaries of the registrant,,,,,,,
16,23.01‡ Consent of Independent registered Public,Accounting,,,,,,
17,Firm,,,,,,,
18,31.01‡ rule 13a-14(a)/15d-14(a) Certification,of,Principal,,,,,
19,Executive Officer,,,,,,,
20,31.02‡ rule 13a-14(a)/15d-14(a) Certification,of,Principal,,,,,
21,Executive and Financial Officer,,,,,,,
22,32.01† Section 1350 Certification of Principal Executive Officers,,,,,,,
23,and Principal Financial Officer,,,,,,,
24,,,,,122,,,
