,Unnamed: 0,Number of,Unnamed: 1,Unnamed: 2,Weighted-Average,Unnamed: 3
0,"(in millions, except fair value)",Shares,,,Grant Date Fair Value,
1,"Balance, May 31, 2016",,52,$,,39.29
2,Granted,,42,$,,39.4
3,Assumed,,14,$,,37.83
4,Vested and Issued,,(18),$,,40.39
5,Canceled,,(7),$,,39.73
6,"Balance, May 31, 2017",,83,$,,39.18
7,Granted,,44,$,,47.42
8,Vested and Issued,,(27),$,,39.1
9,Canceled,,(11),$,,41.97
10,"Balance, May 31, 2018",,89,$,,42.93
11,Granted,,53,$,,42.47
12,Vested and Issued,,(31),$,,41.85
13,Canceled,,(12),$,,42.97
14,"Balance, May 31, 2019",,99,$,,43.01
