,"• we may significantly increase our interest expense, leverage and debt service requirements if we incur additional debt to pay for an acquisition and"
0,we may have to delay or not proceed with a substantial acquisition if we cannot obtain the necessary funding to complete the acquisition in a timely
1,manner or on favorable terms;
2,"• to the extent that we issue a significant amount of equity securities in connection with future acquisitions, existing stockholders may be diluted and"
3,earnings per share may decrease; and
4,• we may experience additional or unexpected changes in how we are required to account for our acquisitions pursuant to U.S. generally accepted
5,"accounting principles, including arrangements that we may assume in an acquisition."
6,"rrence of any of these risks could have a material adverse effect on our business, results of operations, financial condition or cash flows, particularly in"
7,of a larger acquisition or several concurrent acquisitions.
8,ware revenues and profitability have declined and could continue to decline. Our hardware business may adversely affect our overall profitability.
9,"not achieve our estimated revenue, profit or other financial projections with respect to our hardware business in a timely manner or at all due to a"
10,"of factors, including:"
11,"• our changes in hardware strategies, offerings and technologies which could adversely affect demand for our hardware products;"
12,"• our hardware business has higher expenses as a percentage of revenues, and thus has been less profitable, than our cloud and license business;"
13,• our focus on our more profitable Oracle Engineered Systems and the de-emphasis of our lower profit margin commodity hardware products could
14,adversely affect our hardware revenues;
15,• changes in strategies and frequency for the development and introduction of new versions or next generations of our hardware products could
16,adversely affect our hardware revenues;
17,"• a greater risk of material charges that could adversely affect our operating results, such as potential write-downs and impairments of our inventories;"
18,higher warranty expenses than what we experience in our cloud and license and services businesses; and amortization and potential impairment of
19,intangible assets associated with our hardware business;
20,• decreased customer demand for related hardware support as hardware products approach the end of their useful lives could adversely affect our
21,hardware revenues; and
22,• we may acquire hardware companies that are strategically important to us but (1) operate in hardware businesses with historically lower operating
