,(in millions),Balance Sheet Location,Unnamed: 0,2019,Unnamed: 1,Unnamed: 2,2018,Unnamed: 3
0,Derivative assets:,,,,,,,
1,Interest rate swap agreements designated as fair value hedges,Other non-current assets,$,,5,$,,24
2,Cross-currency interest rate swap agreements designated as fair value hedges,Other non-current assets,,,—,,,5
3,Total derivative assets,,$,,5,$,,29
4,Derivative liabilities:,,,,,,,
5,Interest rate swap agreements designated as fair value hedges,Other current liabilities,$,,5,$,,7
6,Interest rate swap agreements designated as fair value hedges,Other non-current liabilities,,,—,,,48
7,Cross-currency interest rate swap agreements designated as fair value hedges,Other non-current liabilities,,,17,,,—
8,Cross-currency swap agreements designated as cash flow hedges,Other non-current liabilities,,,208,,,103
9,Total derivative liabilities,,$,,230,$,,158
