,Unnamed: 0,Number of,Unnamed: 1,Unnamed: 2,(Accumulated,Unnamed: 3,Comprehensive,Unnamed: 4,Stockholders',Unnamed: 5,Noncontrolling,Unnamed: 6,Total
0,"(in millions, except per share data)",Shares,,Amount,Deficit),,Loss,,Equity,,Interests,,Equity
1,"Balances as of May 31, 2016","4,131",$,"24,217","$ 23,888",$,(816),$,"47,289",$,501,$,"47,790"
2,Cumulative-effect of accounting change,—,,—,820,,(43),,777,,4,,781
3,Common stock issued under stock-based compensation plans,95,,"2,063",—,,—,,"2,063",,—,,"2,063"
4,Common stock issued under stock purchase plans,3,,118,—,,—,,118,,—,,118
5,Assumption of stock-based compensation plan awards in,,,,,,,,,,,,
6,connection with acquisitions,—,,90,—,,—,,90,,—,,90
7,Stock-based compensation,—,,"1,350",—,,—,,"1,350",,—,,"1,350"
8,repurchase of common stock,(86),,(504),"(2,988)",,—,,"(3,492)",,—,,"(3,492)"
9,Shares repurchased for tax withholdings upon vesting of,,,,,,,,,,,,
10,restricted stock-based awards,(6),,(283),—,,—,,(283),,—,,(283)
11,Cash dividends declared ($0.64 per share),—,,—,"(2,631)",,—,,"(2,631)",,—,,"(2,631)"
12,"Other, net",—,,14,(6),,—,,8,,(247),,(239)
13,"Other comprehensive (loss) income, net",—,,—,—,,(1),,(1),,14,,13
14,Net income,—,,—,"9,452",,—,,"9,452",,118,,"9,570"
15,"Balances as of May 31, 2017","4,137",,"27,065","28,535",,(860),,"54,740",,390,,"55,130"
16,Common stock issued under stock-based compensation plans,105,,"2,277",—,,—,,"2,277",,—,,"2,277"
17,Common stock issued under stock purchase plans,3,,125,—,,—,,125,,—,,125
18,Assumption of stock-based compensation plan awards in,,,,,,,,,,,,
19,connection with acquisitions,—,,3,—,,—,,3,,—,,3
20,Stock-based compensation,—,,"1,607",—,,—,,"1,607",,—,,"1,607"
21,repurchase of common stock,(238),,"(1,632)","(9,871)",,—,,"(11,503)",,—,,"(11,503)"
22,Shares repurchased for tax withholdings upon vesting of,,,,,,,,,,,,
23,restricted stock-based awards,(10),,(506),—,,—,,(506),,—,,(506)
24,Cash dividends declared ($0.76 per share),—,,—,"(3,140)",,—,,"(3,140)",,—,,"(3,140)"
25,"Other, net",—,,11,—,,—,,11,,(24),,(13)
26,"Other comprehensive loss, net",—,,—,—,,(829),,(829),,—,,(829)
27,Net income,—,,—,"3,587",,—,,"3,587",,135,,"3,722"
28,"Balances as of May 31, 2018","3,997",,"28,950","19,111",,"(1,689)",,"46,372",,501,,"46,873"
29,Cumulative-effect of accounting change,—,,—,(110),,—,,(110),,—,,(110)
30,Common stock issued under stock-based compensation plans,103,,"2,033",—,,—,,"2,033",,—,,"2,033"
31,Common stock issued under stock purchase plans,2,,122,—,,—,,122,,—,,122
32,Assumption of stock-based compensation plan awards in,,,,,,,,,,,,
33,connection with acquisitions,—,,8,—,,—,,8,,—,,8
34,Stock-based compensation,—,,"1,653",—,,—,,"1,653",,—,,"1,653"
35,repurchase of common stock,(734),,"(5,354)","(30,646)",,—,,"(36,000)",,—,,"(36,000)"
36,Shares repurchased for tax withholdings upon vesting of,,,,,,,,,,,,
37,restricted stock-based awards,(9),,(503),—,,—,,(503),,—,,(503)
38,Cash dividends declared ($0.81 per share),—,,—,"(2,932)",,—,,"(2,932)",,—,,"(2,932)"
39,"Other, net",—,,—,(2),,—,,(2),,(69),,(71)
40,"Other comprehensive income (loss), net",—,,—,—,,61,,61,,(6),,55
41,Net income,—,,—,"11,083",,—,,"11,083",,152,,"11,235"
42,"Balances as of May 31, 2019","3,359",$,"26,909","$ (3,496)",$,"(1,628)",$,"21,785",$,578,$,"22,363"
