,Unnamed: 0,Unnamed: 1,2019,Unnamed: 2,2018,Unnamed: 3,Unnamed: 4,2017,Unnamed: 5
0,Expected life (in years),,4.6,,,4.7,,,4.8
1,risk-free interest rate,,2.7%,,,2.0%,,,1.0%
2,Volatility,,24%,,,22%,,,23%
3,Dividend yield,,1.7%,,,1.5%,,,1.5%
4,Weighted-average fair value per share,$,10.77,$,,9.34,$,,8.18
5,,,,,,,,,
6,"The expected life input is based on historical exercise patterns and post-vesting termination behavior, the risk-free interest rate input is based on U.S. Treasu",,,,,,,,
7,"instruments, the annualized dividend yield input is based on the per share dividend declared by the Board, and the volatility input is calculated based on t",,,,,,,,
8,implied volatility of our publicly traded options.,,,,,,,,
9,We estimated the fair values of the PSOs granted during fiscal 2018 at approximately $10 per share using a Monte Carlo simulation approach as of the grant da,,,,,,,,
10,"with the following assumptions: risk-free interest rate of 2.14%, expected term of seven years, expected volatility of 22.44% and dividend yield of 1.49%.",,,,,,,,
11,Stock-based compensation expense is included in the following operating expense line items in our consolidated statements of operations:,,,,,,,,
12,,,,"Year Ended May 31,",,,,,
13,(in millions),,2019,,2018,,,2017,
14,Cloud services and license support,$,99,$,,82,$,,54
15,Hardware,,10,,,10,,,11
16,Services,,49,,,52,,,44
17,Sales and marketing,,360,,,361,,,306
18,research and development,,963,,,921,,,770
19,General and administrative,,172,,,180,,,130
20,Acquisition related and other,,—,,,1,,,35
21,Total stock-based compensation,,"1,653",,"1,607",,,"1,350",
22,Estimated income tax benefit included in provision for income taxes,,(358),,,(451),,,(423
23,"Total stock-based compensation, net of estimated income tax benefit",$,"1,295",$,"1,156",,$,,927
