,Unnamed: 0,Unnamed: 1,Unnamed: 2,Unnamed: 3,Percent Change,Unnamed: 4,Unnamed: 5,Unnamed: 6,Unnamed: 7,Unnamed: 8
0,(Dollars in millions),,2019,Actual,,Constant,,,2018.0,
1,Hardware Revenues:,,,,,,,,,
2,Americas,$,"1,889",,-6%,-4%,,$,,"2,003"
3,EMEA,,"1,082",,-10%,-5%,,,,"1,201"
4,Asia Pacific,,733,,-7%,-4%,,,,790
5,Total revenues,,"3,704",,-7%,-5%,,,,"3,994"
6,Expenses:,,,,,,,,,
7,Hardware products and support (1),,"1,327",,-14%,-11%,,,,"1,547"
8,Sales and marketing (1),,520,,-19%,-16%,,,,643
9,Total expenses (1),,"1,847",,-16%,-13%,,,,"2,190"
10,Total Margin,$,"1,857",,3%,6%,,$,,"1,804"
11,Total Margin %,,50%,,,,,,,45%
12,% Revenues by Geography:,,,,,,,,,
13,Americas,,51%,,,,,,,50%
14,EMEA,,29%,,,,,,,30%
15,Asia Pacific,,20%,,,,,,,20%
