,"(in millions, except per share data)",Unnamed: 0,2019,Unnamed: 1,Unnamed: 2,2018,Unnamed: 3,Unnamed: 4,2017,Unnamed: 5
0,revenues:,,,,,,,,,
1,Cloud services and license support,$,,"26,707",$,,"26,222",$,,"23,758"
2,Cloud license and on-premise license,,,"5,855",,,"5,772",,,"6,523"
3,Hardware,,,"3,704",,,"3,994",,,"4,152"
4,Services,,,"3,240",,,"3,395",,,"3,359"
5,Total revenues,,,"39,506",,,"39,383",,,"37,792"
6,Operating expenses:,,,,,,,,,
7,Cloud services and license support (1),,,"3,782",,,"3,606",,,"3,011"
8,Hardware (1),,,"1,360",,,"1,576",,,"1,648"
9,Services (1),,,"2,853",,,"2,878",,,"2,793"
10,Sales and marketing (1),,,"8,509",,,"8,433",,,"8,085"
11,research and development,,,"6,026",,,"6,084",,,"6,153"
12,General and administrative,,,"1,265",,,"1,282",,,"1,172"
13,Amortization of intangible assets,,,"1,689",,,"1,620",,,"1,451"
14,Acquisition related and other,,,44,,,52,,,103
15,restructuring,,,443,,,588,,,463
16,Total operating expenses,,,"25,971",,,"26,119",,,"24,879"
17,Operating income,,,"13,535",,,"13,264",,,"12,913"
18,Interest expense,,,"(2,082)",,,"(2,025)",,,"(1,798)"
19,"Non-operating income, net",,,815,,,"1,185",,,565
20,Income before provision for income taxes,,,"12,268",,,"12,424",,,"11,680"
21,Provision for income taxes,,,"1,185",,,"8,837",,,"2,228"
22,Net income,$,,"11,083",$,,"3,587",$,,"9,452"
23,Earnings per share:,,,,,,,,,
24,Basic,$,,3.05,$,,0.87,$,,2.30
25,Diluted,$,,2.97,$,,0.85,$,,2.24
26,Weighted average common shares outstanding:,,,,,,,,,
27,Basic,,,"3,634",,,"4,121",,,"4,115"
28,Diluted,,,"3,732",,,"4,238",,,"4,217"
