,(in millions),2019,Unnamed: 0,Unnamed: 1,2018,Unnamed: 2
0,Cloud services and license support deferred revenues (1) $,,20,$,,47
1,Acquired deferred sales commissions amortization (2),,—,,,(22)
2,Amortization of intangible assets (3),,"1,689",,,"1,620"
3,Acquisition related and other (4)(6),,44,,,52
4,restructuring (5),,443,,,588
5,"Stock-based compensation, operating segments (6)",,518,,,505
6,"Stock-based compensation, r&D and G&A (6)",,"1,135",,,"1,101"
7,Income tax effects (7),,"(1,406)",,,"(1,431)"
8,Income tax reform (8),,(389),,,"6,870"
9,$,,"2,054",$,,"9,330"
10,,,,,,
11,"(1) In connection with our acquisitions, we have estimated the fair values of the cloud services and license support contracts assumed. Due to our application of business combination accounting rules, we",,,,,
12,did not recognize the cloud services and license support revenue amounts as presented in the above table that would have otherwise been recorded by the acquired businesses as independent entities,,,,,
13,upon delivery of the contractual obligations. To the extent customers for which these contractual obligations pertain renew these contracts with,"us, we expect",to recognize,,revenues,for the full
14,contracts’ values over the respective contracts’ renewal periods.,,,,,
15,(2) Certain acquired companies capitalized sales commissions associated with subscription agreements and amortized these amounts over the related contractual terms. Business combination accounting,,,,,
16,rules generally require us to eliminate these acquired capitalized sales commissions balances as of the acquisition date and our post-combination GAAP sales and marketing expenses generally do not,,,,,
17,"reflect the amortization of these acquired deferred sales commissions balances. This adjustment is intended to include, and thus reflect, the full amount of amortization related to such balances as",,,,,
18,though the acquired companies operated independently in the periods presented.,,,,,
19,"(3) represents the amortization of intangible assets, substantially all of which were acquired in connection with our acquisitions. As of May 31, 2019, estimated future amortization related to intangible",,,,,
20,assets was as follows (in millions):,,,,,
21,Fiscal 2020,,,$,,"1,583"
22,Fiscal 2021,,,,,"1,339"
23,Fiscal 2022,,,,,"1,090"
24,Fiscal 2023,,,,,668
25,Fiscal 2024,,,,,440
26,Thereafter,,,,,159
27,"Total intangible assets, net",,,$,,"5,279"
28,,,,,,
29,"(4) Acquisition related and other expenses primarily consist of personnel related costs and stock-based compensation expenses for transitional and certain other employees, integration related professional",,,,,
30,"services, certain business combination adjustments including certain adjustments after the measurement period has ended and certain other operating items, net.",,,,,
31,(5) restructuring expenses during fiscal 2019 primarily related to employee severance in connection with our Fiscal 2019 Oracle restructuring Plan (2019 restructuring Plan). restructuring expenses during,,,,,
