,(in millions),Unnamed: 0,Total,Unnamed: 1,2020,Unnamed: 2,2021,Unnamed: 3,2022,Unnamed: 4,2023,Unnamed: 5,2024,Unnamed: 6,Thereafter
0,Principal payments on borrowings (1),$,"56,615",$,"4,500",$,"2,631",$,"8,250",$,"3,750",$,"3,500",$,"33,984"
1,Interest payments on borrowings (1),,"25,333",,"1,860",,"1,771",,"1,644",,"1,507",,"1,395",,"17,156"
2,Operating leases (2),,"2,381",,658,,538,,425,,262,,165,,333
3,Tax obligations (3),,"6,462",,416,,576,,576,,576,,"1,080",,"3,238"
4,Purchase obligations and other (4),,"1,045",,661,,57,,22,,23,,23,,259
5,Total contractual obligations,$,"91,836",$,"8,095",$,"5,573",$,"10,917",$,"6,118",$,"6,163",$,"54,970"
