,Unnamed: 0,Unnamed: 1,Unnamed: 2,Unnamed: 3,Unnamed: 4,Percent Change,Unnamed: 5,Unnamed: 6,Unnamed: 7,Unnamed: 8
0,(Dollars in millions),,2019,,Actual,Constant,,,2018.0,
1,Developed technology,$,,857,,13%,14%,$,,758
2,Cloud services and license support agreements and related relationships,,,712,,-3%,-3%,,,731
3,Other,,,120,,-9%,-9%,,,131
4,Total amortization of intangible assets,$,,"1,689",,4%,4%,$,,"1,620"
5,,,,,,,,,,
6,"Amortization of intangible assets increased in fiscal 2019 compared to fiscal 2018 primarily due to additional amortization from intangible assets, which primari",,,,,,,,,
7,"included developed technology that we acquired in connection with our recent acquisitions, partially offset by a reduction in expenses associated with certain",,,,,,,,,
8,our intangible assets that became fully amortized.,,,,,,,,,
9,Acquisition Related and Other Expenses: Acquisition related,and other expenses,consist,of personnel,related,costs and stock-based,,compensation,,fo
10,"transitional and certain other employees, integration related professional services, and certain business combination adjustments including certain adjustmen",,,,,,,,,
11,"after the measurement period has ended and certain other operating items, net. Stock-based compensation expenses included in acquisition related and oth",,,,,,,,,
12,expenses resulted from unvested restricted stock-based awards and stock options assumed from acquisitions whereby vesting was accelerated generally up,,,,,,,,,
13,termination of the employees pursuant to the original terms of those restricted stock-based awards and stock options.,,,,,,,,,
14,,,,,"Year Ended May 31,",,,,,
15,,,,,,Percent Change,,,,
16,(Dollars in millions),,2019,,Actual,Constant,,,2018.0,
17,Transitional and other employee related costs,$,,49,,3%,4%,$,,48
18,Stock-based compensation,,,—,-100%,-100%,,,,1
19,"Professional fees and other, net",,,16,,373% 426%,,,,3
20,"Business combination adjustments, net",,,(21),,*,*,,,—
21,Total acquisition related and other expenses,$,,44,,-15%,-13%,$,,52
