,Index to Financial Statements,Unnamed: 0,Unnamed: 1,Unnamed: 2,Unnamed: 3,Unnamed: 4,Unnamed: 5,Unnamed: 6
0,,,,,,,Incorporated by Reference,
1,Exhibit,,,,,,,
2,No. Exhibit Description,,,,Form,File No.,Exhibit Filing Date,Filed By
3,"4.08 Forms of 2.50% Note due 2022, together with",Officers’,,,8-k,000-51788,4.10 10/25/12,Oracle Corporation
4,"Certificate issued October 25, 2012 setting forth",,the,,,,,
5,terms of the Note,,,,,,,
6,4.09 Forms of 2.25% Note due 2021 and 3.125% Note,due,,,8-k,001-35992,4.11 7/10/13,Oracle Corporation
7,"2025, together with Officers’ Certificate issued",July,"10,",,,,,
8,2013 setting forth the terms of the Notes,,,,,,,
9,"4.10 Forms of Floating-rate Note due 2019, 2.375% Note due",,,,8-k,001-35992,4.12 7/16/13,Oracle Corporation
10,"2019 and 3.625% Note due 2023, together with Officers’",,,,,,,
11,"Certificate issued July 16, 2013 setting forth the terms of",,,,,,,
12,the Notes,,,,,,,
13,"4.11 Forms of Floating-rate Note due 2019, 2.25% Note due",,,,8-k,001-35992,4.13 7/8/14,Oracle Corporation
14,"2019, 2.80% Note due 2021, 3.40% Note due","2024,",,,,,,
15,4.30% Note due 2034 and 4.50% Note due,"2044,",,,,,,
16,together with Officers’ Certificate issued July,"8, 2014",,,,,,
17,setting forth the terms of the Notes,,,,,,,
18,"4.12 Forms of 2.50% Notes due 2022, 2.95% Notes due 2025,",,,,8-k,001-35992,4.13 5/5/15,Oracle Corporation
19,"3.25% Notes due 2030, 3.90% Notes due 2035,",4.125%,,,,,,
20,"Notes due 2045 and 4.375% Notes due 2055, together",,,,,,,
21,"with Officers’ Certificate issued May 5, 2015 setting forth",,,,,,,
22,the terms of the Notes,,,,,,,
23,"4.13 Forms of 1.90% Notes due 2021, 2.40% Notes due 2023,",,,,8-k,001-35992,4.1 7/7/16,Oracle Corporation
24,"2.65% Notes due 2026, 3.85% Notes due 2036 and 4.00%",,,,,,,
25,"Notes due 2046, together with Officers’ Certificate",,,,,,,
26,"issued July 7, 2016 setting forth the terms of the Notes",,,,,,,
27,"4.14 Form of 2.625% Notes due 2023, 2.950% Notes",due,,,8-k,001-35992,4.1 11/9/17,Oracle Corporation
28,"2024, 3.250% Notes due 2027, 3.800% Notes due",2037,,,,,,
29,"and 4.000% Notes due 2047, together with",Officers’,,,,,,
30,"Certificate issued November 9, 2017 setting forth",,the,,,,,
31,terms of the Notes,,,,,,,
32,,,,,120,,,
