,Exhibit,Unnamed: 0,Unnamed: 1,Unnamed: 2,Unnamed: 3,Unnamed: 4,Unnamed: 5,Unnamed: 6,Unnamed: 7,Unnamed: 8,Unnamed: 9
0,No.,,,Exhibit Description,,,Form,File No.,Exhibit,Filing Date,Filed By
1,3.01,Amended,and,restated Certificate of Incorporation,of,,8-k 12G3,000-51788,3.01,2/6/06,Oracle Corporation
2,,Oracle Corporation,,and Certificate of Amendment,of,,,,,,
3,,Amended,and,restated Certificate of Incorporation,of,,,,,,
4,,Oracle Corporation,,,,,,,,,
5,3.02,Amended and restated Bylaws of Oracle Corporation,,,,,8-k,001-35992,3.02,6/16/16,Oracle Corporation
6,4.01,Specimen,Certificate,of Oracle Corporation’s Common,,,S-3 ASr,333-166643,4.04,5/7/10,Oracle Corporation
7,,Stock,,,,,,,,,
8,4.02,"Indenture dated January 13, 2006, among Ozark Holding",,,,,8-k,000-14376,10.34,1/20/06,Oracle Systems
9,,"Inc., Oracle Corporation and Citibank, N.A.",,,,,,,,,Corporation
10,4.03,"First Supplemental Indenture dated May 9, 2007 among",,,,,S-3 ASr,333-142796,4.3,5/10/07,Oracle Corporation
11,,"Oracle Corporation, Citibank, N.A. and The Bank of New",,,,,,,,,
12,,"York Trust Company, N.A.",,,,,,,,,
13,4.04,Form of 6.50%,,"Note due 2038, together with Officers’",,,8-k,000-51788,4.09,4/8/08,Oracle Corporation
14,,"Certificate issued April 9, 2008 setting forth the terms of",,,,,,,,,
15,,the Note,,,,,,,,,
16,4.05,Forms of,5.00%,Note due 2019 and 6.125% Note due,,,8-k,000-51788,4.08,7/8/09,Oracle Corporation
17,,"2039, together",,with Officers’ Certificate issued July,"8,",,,,,,
18,,2009 setting forth the terms of the Notes,,,,,,,,,
19,4.06,Forms of,Original,"2020 Note and Original 2040 Note,",,,10-Q,000-51788,4.08,9/20/10,Oracle Corporation
20,,together with,,"Officers’ Certificate issued July 19, 2010",,,,,,,
21,,setting forth the terms of the Notes,,,,,,,,,
22,4.07,Forms of New 2020 Note and New 2040 Note,,,,,S-4,333-176405,4.5,8/19/11,Oracle Corporation
23,,,,,,,119,,,,
