,Index to Financial Statements,Unnamed: 0,Unnamed: 1,Unnamed: 2,Unnamed: 3,Unnamed: 4,Unnamed: 5,Unnamed: 6,Unnamed: 7,Unnamed: 8
0,,,,,"Year Ended May 31,",,,,,
1,,,,,Percent Change,,,,,
2,(Dollars in millions),,2019.0,,Actual,Constant,,,2018.0,
3,Cloud and License Revenues:,,,,,,,,,
4,Americas (1),$,,"18,410",2%,,3%,$,,"18,030"
5,EMEA (1),,,"9,168",0%,,4%,,,"9,163"
6,Asia Pacific (1),,,"5,004",3%,,7%,,,"4,848"
7,Total revenues (1),,,"32,582",2%,,4%,,,"32,041"
8,Expenses:,,,,,,,,,
9,Cloud services and license support (2),,,"3,597",5%,,6%,,,"3,441"
10,Sales and marketing (2),,,"7,398",3%,,5%,,,"7,213"
11,Total expenses (2),,,"10,995",3%,,6%,,,"10,654"
12,Total Margin,$,,"21,587",1%,,3%,$,,"21,387"
13,Total Margin %,,,66%,,,,,,67%
14,% Revenues by Geography:,,,,,,,,,
15,Americas,,,57%,,,,,,56%
16,EMEA,,,28%,,,,,,29%
17,Asia Pacific,,,15%,,,,,,15%
18,Revenues by Offerings:,,,,,,,,,
19,Cloud services and license support (1),$,,"26,727",2%,,4%,$,,"26,269"
20,Cloud license and on-premise license,,,"5,855",1%,,4%,,,"5,772"
21,Total revenues (1),$,,"32,582",2%,,4%,$,,"32,041"
22,Revenues by Ecosystem:,,,,,,,,,
23,Applications revenues (1),$,,"11,510",4%,,6%,$,,"11,065"
24,Infrastructure revenues (1),,,"21,072",0%,,3%,,,"20,976"
25,Total revenues (1),$,,"32,582",2%,,4%,$,,"32,041"
