,•,"ASU 2018-15, Intangibles—Goodwill and Other—Internal-Use Software (Subtopic 350-40): Customer’s Accounting for Implementation Costs Incurred in"
0,,a Cloud Computing Arrangement That Is a Service Contract (ASU 2018-15);
1,•,"ASU 2018-14, Compensation—Retirement Benefits—Defined Benefit Plans—General (Topic 715-20): Disclosure Framework—Changes to the Disclosure"
2,,Requirements for Defined Benefit Plans (ASU 2018-14);
3,•,"ASU 2018-13, Fair Value Measurement (Topic 820): Disclosure Framework—Changes to the Disclosure Requirements for Fair Value Measurement (ASU"
4,,2018-13);
5,•,"ASU 2018-02, Income Statement—Reporting Comprehensive Income (Topic 220): Reclassification of Certain Tax Effects from Accumulated Other"
6,,Comprehensive Income (ASU 2018-02); and
7,•,"ASU 2016-01, Financial Instruments—Overall (Subtopic 825-10): Recognition and Measurement of Financial Assets and Financial Liabilities (ASU 2016-"
