,Unnamed: 0,Unnamed: 1,Fair Value Measurements,Unnamed: 2,Unnamed: 3,Unnamed: 4,Fair Value Measurements.1,Unnamed: 5,Unnamed: 6
0,,,Using Input Types,,,,Using Input Types,,
1,(in millions),,Level 1 Level 2,,Total,,Level 1 Level 2,,Total
2,Assets:,,,,,,,,
3,Corporate debt securities and other,$,"4,899 $ 17,343",$,"22,242",$,"223 $ 44,079",$,"44,302"
4,Commercial paper debt securities,,— —,,—,,"— 1,647",,"1,647"
5,Money market funds,,"5,700 —",,"5,700",,"6,500 —",,"6,500"
6,Derivative financial instruments,,— 5,,5,,— 29,,29
7,Total assets,$,"10,599 $ 17,348",$,"27,947",$,"6,723 $ 45,755",$,"52,478"
8,Liabilities:,,,,,,,,
9,Derivative financial instruments,$,— $ 230,$,230,$,— $ 158,$,158
