,"(in millions, except per share data)",Unnamed: 0,Unnamed: 1,2019,Unnamed: 2,Unnamed: 3,2018
0,ASSETS,,,,,,
1,Current assets:,,,,,,
2,Cash and cash equivalents,,$,"20,514",,$,"21,620"
3,Marketable securities,,,"17,313",,,"45,641"
4,"Trade receivables, net of allowances for doubtful accounts of $371 and $370 as of May 31, 2019 and May 31, 2018,",,,,,,
5,respectively,,,"5,134",,,"5,136"
6,Prepaid expenses and other current assets,,,"3,425",,,"3,762"
7,Total current assets,,,"46,386",,,"76,159"
8,Non-current assets:,,,,,,
9,"Property, plant and equipment, net",,,"6,252",,,"5,897"
10,"Intangible assets, net",,,"5,279",,,"6,670"
11,"Goodwill, net",,,"43,779",,,"43,755"
12,Deferred tax assets,,,"2,696",,,"1,395"
13,Other non-current assets,,,"4,317",,,"3,975"
14,Total non-current assets,,,"62,323",,,"61,692"
15,Total assets,,$,"108,709",,$,"137,851"
16,LIABILITIES AND EQUITY,,,,,,
17,Current liabilities:,,,,,,
18,"Notes payable and other borrowings, current",,$,"4,494",,$,"4,491"
19,Accounts payable,,,580,,,529
20,Accrued compensation and related benefits,,,"1,628",,,"1,806"
21,Deferred revenues,,,"8,374",,,"8,341"
22,Other current liabilities,,,"3,554",,,"3,957"
23,Total current liabilities,,,"18,630",,,"19,124"
24,Non-current liabilities:,,,,,,
25,"Notes payable and other borrowings, non-current",,,"51,673",,,"56,128"
26,Income taxes payable,,,"13,295",,,"13,429"
27,Other non-current liabilities,,,"2,748",,,"2,297"
28,Total non-current liabilities,,,"67,716",,,"71,854"
29,Commitments and contingencies,,,,,,
30,Oracle Corporation stockholders' equity:,,,,,,
31,"Preferred stock, $0.01 par value—authorized: 1.0 shares; outstanding: none",,,—,,,—
32,"Common stock, $0.01 par value and additional paid in capital—authorized: 11,000 shares; outstanding: 3,359 shares",,,,,,
33,"and 3,997 shares as of May 31, 2019 and May 31, 2018, respectively",,,"26,909",,,"28,950"
34,(Accumulated deficit) retained earnings,,,"(3,496)",,,"19,111"
35,Accumulated other comprehensive loss,,,"(1,628)",,,"(1,689"
