,(in millions),Unnamed: 0,2019,Unnamed: 1,2018,Unnamed: 2,2017
0,Cash flows from operating activities:,,,,,,
1,Net income,$,"11,083",$,"3,587",$,"9,452"
2,Adjustments to reconcile net income to net cash provided by operating activities:,,,,,,
3,Depreciation,,"1,230",,"1,165",,"1,000"
4,Amortization of intangible assets,,"1,689",,"1,620",,"1,451"
5,Allowances for doubtful accounts receivable,,190,,146,,129
6,Deferred income taxes,,"(1,191)",,(847),,(440)
7,Stock-based compensation,,"1,653",,"1,607",,"1,350"
8,"Other, net",,157,,(27),,126
9,"Changes in operating assets and liabilities, net of effects from acquisitions:",,,,,,
10,"(Increase) decrease in trade receivables, net",,(272),,267,,(67)
11,Decrease (increase) in prepaid expenses and other assets,,261,,(258),,(384)
12,(Decrease) increase in accounts payable and other liabilities,,(102),,(260),,230
13,(Decrease) increase in income taxes payable,,(453),,"8,150",,732
14,Increase in deferred revenues,,306,,236,,547
15,Net cash provided by operating activities,,"14,551",,"15,386",,"14,126"
16,Cash flows from investing activities:,,,,,,
17,Purchases of marketable securities and other investments,,"(1,400)",,"(25,282)",,"(25,867)"
18,Proceeds from maturities of marketable securities and other investments,,"12,681",,"20,372",,"15,186"
19,Proceeds from sales of marketable securities,,"17,299",,"2,745",,"2,429"
20,"Acquisitions, net of cash acquired",,(363),,"(1,724)",,"(11,221)"
21,Capital expenditures,,"(1,660)",,"(1,736)",,"(2,021)"
22,Net cash provided by (used for) investing activities,,"26,557",,"(5,625)",,"(21,494)"
23,Cash flows from financing activities:,,,,,,
24,Payments for repurchases of common stock,,"(36,140)",,"(11,347)",,"(3,561)"
25,Proceeds from issuances of common stock,,"2,155",,"2,402",,"2,181"
26,Shares repurchased for tax withholdings upon vesting of restricted stock-based awards,,(503),,(506),,(283)
27,Payments of dividends to stockholders,,"(2,932)",,"(3,140)",,"(2,631)"
28,"Proceeds from borrowings, net of issuance costs",,—,,"12,443",,"17,732"
29,repayments of borrowings,,"(4,500)",,"(9,800)",,"(4,094)"
30,"Other, net",,(136),,(34),,(258)
31,Net cash (used for) provided by financing activities,,"(42,056)",,"(9,982)",,"9,086"
32,Effect of exchange rate changes on cash and cash equivalents,,(158),,57,,(86)
33,Net (decrease) increase in cash and cash equivalents,,"(1,106)",,(164),,"1,632"
34,Cash and cash equivalents at beginning of period,,"21,620",,"21,784",,"20,152"
35,Cash and cash equivalents at end of period,$,"20,514",$,"21,620",$,"21,784"
36,Non-cash investing and financing transactions:,,,,,,
37,Fair values of restricted stock-based awards and stock options assumed in connection with acquisitions,$,8,$,3,$,90
38,Change in unsettled repurchases of common stock,$,(140),$,154,$,(69)
39,Change in unsettled investment purchases,$,—,$,(303),$,73
40,Supplemental schedule of cash flow data:,,,,,,
41,Cash paid for income taxes,$,"2,901",$,"1,562",$,"1,983"
42,Cash paid for interest,$,"2,059",$,"1,910",$,"1,612"
