,Unnamed: 0,Unnamed: 1,Accrued,Unnamed: 2,Unnamed: 3,Unnamed: 4,Unnamed: 5,Unnamed: 6,Unnamed: 7,Unnamed: 8,Unnamed: 9,Unnamed: 10,Unnamed: 11,Accrued.1,Unnamed: 12,Costs,Unnamed: 13,Expected
0,,,"May 31,",,Initial,,Adj. to,,,Cash,,,,"May 31,",,Accrued,,Program
1,(in millions),,2018 (2),,Costs (3),,Cost (4),,,Payments,,Others (5),,2019 (2),,to Date,,Costs
2,Fiscal 2019 Oracle Restructuring Plan (1),,,,,,,,,,,,,,,,,
3,Cloud and license,$,—,$,191,$,(4),,$,(113),$,(2),$,72,$,187,$,245
4,Hardware,,—,,53,,—,,,(35),,—,,18,,53,,65
5,Services,,—,,41,,1,,,(27),,—,,15,,42,,72
6,Other (6),,—,,190,,4,,,(87),,1,,108,,194,,202
7,Total Fiscal 2019 Oracle restructuring Plan,$,—,$,475,$,1,,$,(262),$,(1),$,213,$,476,$,584
8,Total other restructuring plans (7),$,282,$,5,$,(58),,$,(181),$,1,$,49,,,,
9,Total restructuring plans,$,282,$,480,$,(57),,$,(443),$,—,$,262,,,,
