,"(in millions, except per share data)",2019,Unnamed: 0,Unnamed: 1,2018,Unnamed: 2
0,Total revenues $,,"39,512",$,,"39,546"
1,Net income $,,"11,076",$,,"3,500"
2,Basic earnings per share $,,3.05,$,,0.85
3,Diluted earnings per share $,,2.97,$,,0.83
4,,,,,,
5,"3. CASH, CASH EQUIVALENTS AND MARKETABLE SECURITIES",,,,,
6,"Cash and cash equivalents primarily consist of deposits held at major banks, Tier-1 commercial paper debt securities and other securities with original maturiti",,,,,
7,"of 90 days or less. Marketable securities consist of Tier-1 commercial paper debt securities, corporate debt securities and certain other securities.",,,,,
8,"The amortized principal amounts of our cash, cash equivalents and marketable securities approximated their fair values at May 31, 2019 and 2018. We use th",,,,,
9,specific identification method to determine any realized gains or losses from the sale of our marketable securities classified as available-for-sale. Such realize,,,,,
10,"gains and losses were insignificant for fiscal 2019, 2018 and 2017. The following table summarizes the components",of,our cash,equivalents,and marketabl,
11,"securities held, substantially all of which were classified as available-for-sale:",,,,,
12,,,"May 31,",,,
13,(in millions),2019,,,2018,
14,Corporate debt securities and other $,,"22,242",$,,"44,302"
15,Commercial paper debt securities,,—,,,"1,647"
16,Money market funds,,"5,700",,,"6,500"
17,Total investments $,,"27,942",$,,"52,449"
18,Investments classified as cash equivalents $,,"10,629",$,,"6,808"
19,Investments classified as marketable securities $,,"17,313",$,,"45,641"
