,(Dollars in millions) Useful Life,Unnamed: 0,2019,Unnamed: 1,Unnamed: 2,2018,Unnamed: 3,Unnamed: 4
0,"Computer, network, machinery and equipment 1-5 years",$,,"7,214",$,,,"6,156"
1,Buildings and improvements 1-40 years,,,"4,253",,,,"3,893"
2,"Furniture, fixtures and other 5-15 years",,,554,,,,662
3,Land —,,,896,,,,868
4,Construction in progress —,,,158,,,,229
5,"Total property, plant and equipment 1-40 years",,,"13,075",,,,"11,808"
6,Accumulated depreciation,,,"(6,823)",,,,"(5,911"
7,"Total property, plant and equipment, net",$,,"6,252",$,,,"5,897"
8,,,,,,,,
9,6. INTANGIBLE ASSETS AND GOODWILL,,,,,,,
10,"The changes in intangible assets for fiscal 2019 and the net book value of intangible assets as of May 31, 2019 and 2018 were as follows:",,,,,,,
11,"Intangible Assets, Gross Accumulated Amortization",,,"Intangible Assets, Net",,,,Weighted
12,Additions &,,,,,,,Average
13,"May 31, Adjustments May 31, May 31,",,"May 31,","May 31,",,"May 31,",,Useful
14,(Dollars in millions) 2018 net (1) Retirements 2019 2018 Expense Retirements,,2019,2018,,2019,,Life (2)
15,"Developed technology $ 5,309 $ 301 $ (204) $ 5,406 $ (2,814) $ (857) $",204,"$ (3,467)","$ 2,495",$,"1,939",,3
16,Cloud services and license support,,,,,,,
17,agreements and related,,,,,,,
18,"relationships 5,999 (20) (286) 5,693 (2,285) (712)",286,"(2,711)","3,714",,"2,982",,4
19,"Other 1,622 17 (50) 1,589 (1,161) (120)",50,"(1,231)",461,,358,,5
20,"Total intangible assets, net $ 12,930 $ 298 $ (540) $ 12,688 $ (6,260) $ (1,689) $",540,"$ (7,409)","$ 6,670",$,"5,279",,3
