,(in millions),Unnamed: 0,2019,Unnamed: 1,Unnamed: 2,2018,Unnamed: 3
0,Deferred tax assets:,,,,,,
1,Accruals and allowances,$,,541,$,,567
2,Employee compensation and benefits,,,646,,,664
3,Differences in timing of revenue recognition,,,322,,,338
4,"Basis of property, plant and equipment and intangible assets",,,"1,238",,,—
5,Tax credit and net operating loss carryforwards,,,"3,717",,,"2,614"
6,Total deferred tax assets,,,"6,464",,,"4,183"
7,Valuation allowance,,,"(1,266)",,,"(1,308)"
8,"Total deferred tax assets, net",,,"5,198",,,"2,875"
9,Deferred tax liabilities:,,,,,,
10,Unrealized gain on stock,,,(78),,,(78)
11,Acquired intangible assets,,,(973),,,"(1,254)"
12,GILTI deferred,,,"(1,515)",,,—
13,"Basis of property, plant and equipment and intangible assets",,,—,,,(158)
14,Other,,,(200),,,(48)
15,Total deferred tax liabilities,,,"(2,766)",,,"(1,538)"
16,Net deferred tax assets,$,,"2,432",$,,"1,337"
17,recorded as:,,,,,,
18,Non-current deferred tax assets,$,,"2,696",$,,"1,395"
19,Non-current deferred tax liabilities (in other non-current liabilities),,,(264),,,(58)
20,Net deferred tax assets,$,,"2,432",$,,"1,337"
