,Unnamed: 0,Unnamed: 1,Unnamed: 2,2019,Unnamed: 3,Unnamed: 4,Unnamed: 5,2018,Unnamed: 6,Unnamed: 7,Unnamed: 8,2017,Unnamed: 9
0,,,,,Long-Lived,,,,Long-Lived,,,,Long-Lived
1,(in millions),,Revenues,,Assets (1),,Revenues,,Assets (1),,Revenues,,Assets (1)
2,United States,$,"18,596",$,"5,318",$,"18,330",$,"4,976",$,"17,856",$,"4,680"
3,United kingdom,,"2,054",,423,,"2,093",,510,,"1,988",,402
4,Japan,,"1,848",,422,,"1,716",,388,,"1,619",,380
5,Germany,,"1,583",,263,,"1,526",,179,,"1,415",,116
6,Canada,,"1,166",,87,,"1,200",,78,,"1,102",,60
7,Other countries,,"14,259",,"1,356",,"14,518",,"1,223",,"13,812",,"1,090"
8,Total,$,"39,506",$,"7,869",$,"39,383",$,"7,354",$,"37,792",$,"6,728"
