,Index to Financial Statements,Unnamed: 0,Unnamed: 1,Unnamed: 2,Unnamed: 3,Unnamed: 4
0,,,,,Incorporated by Reference,
1,Exhibit,,,,,
2,No. Exhibit Description,,Form,File No.,Exhibit Filing Date,Filed By
3,4.15‡ Description of Oracle Corporation’s Securities registered,,,,,
4,Under Section 12 of the Exchange Act,,,,,
5,10.01* Oracle Corporation Deferred Compensation,"Plan, as",10-Q,001-35992,10.01 9/18/15,Oracle Corporation
6,"amended and restated as of July 1, 2015",,,,,
7,10.02* Oracle Corporation Employee Stock,Purchase Plan,10-k,000-51788,10.02 7/1/10,Oracle Corporation
8,"(1992), as amended and restated as of October 1, 2009",,,,,
9,10.03* Oracle Corporation Amended and,restated 1993,10-k,001-35992,10.03 6/22/16,Oracle Corporation
10,"Directors’ Stock Plan, as amended and restated on April",,,,,
11,"29, 2016",,,,,
12,10.04* Amended and restated 2000 Long-Term Equity Incentive,,8-k,001-35992,10.04 11/17/17,Oracle Corporation
13,"Plan, as approved on November 15, 2017",,,,,
14,10.05* Form of Stock Option Agreement under,the Amended,10-Q,001-35992,10.05 9/18/17,Oracle Corporation
15,and restated 2000 Long-Term Equity,Incentive Plan for,,,,
16,U.S. Executive Vice Presidents and Section 16 Officers,,,,,
17,10.06* Form of Stock Option Agreement under,the Oracle,10-k,001-35992,10.06 6/25/15,Oracle Corporation
18,Corporation Amended and restated,1993 Directors’,,,,
19,Stock Plan,,,,,
20,10.07* Form of Indemnity Agreement for,Directors and,10-Q,000-51788,10.07 12/23/11,Oracle Corporation
21,Executive Officers,,,,,
22,"10.08* Offer letter dated September 2, 2010",to Mark V. Hurd,8-k,000-51788,10.28 9/8/10,Oracle Corporation
23,"and employment agreement dated September 3, 2010",,,,,
24,10.09* Oracle Corporation Amended and restated,Executive,10-Q,001-35992,10.09 3/18/19,Oracle Corporation
25,"Bonus Plan, as amended and restated as of February 12,",,,,,
26,2019,,,,,
27,10.10* Oracle Corporation Stock Unit,Award Deferred,10-Q,001-35992,10.15 9/18/15,Oracle Corporation
28,"Compensation Plan, as amended and restated as of July",,,,,
29,"1, 2015",,,,,
30,,,121,,,
