,Unnamed: 0,Unnamed: 1,Unnamed: 2,Unnamed: 3,Percent Change,Unnamed: 4,Unnamed: 5,Unnamed: 6,Unnamed: 7
0,(Dollars in millions),,2019,Actual,,Constant,,,2018
1,Total Revenues by Geography:,,,,,,,,
2,Americas,$,"21,856",,1%,,2%,$,"21,648"
3,EMEA (1),,"11,270",,-1%,,3%,,"11,409"
4,Asia Pacific,,"6,380",,1%,,5%,,"6,326"
5,Total revenues,,"39,506",,0%,,3%,,"39,383"
6,Total Operating Expenses,,"25,971",,-1%,,2%,,"26,119"
7,Total Operating Margin,$,"13,535",,2%,,5%,$,"13,264"
8,Total Operating Margin %,,34%,,,,,,34%
9,% Revenues by Geography:,,,,,,,,
10,Americas,,55%,,,,,,55%
11,EMEA,,29%,,,,,,29%
12,Asia Pacific,,16%,,,,,,16%
13,Total Revenues by Business:,,,,,,,,
14,Cloud and license,$,"32,562",,2%,,4%,$,"31,994"
15,Hardware,,"3,704",,-7%,,-5%,,"3,994"
16,Services,,"3,240",,-5%,,-2%,,"3,395"
17,Total revenues,$,"39,506",,0%,,3%,$,"39,383"
18,% Revenues by Business:,,,,,,,,
19,Cloud and license,,83%,,,,,,81%
20,Hardware,,9%,,,,,,10%
21,Services,,8%,,,,,,9%
