,Unnamed: 0,Shares Under,Unnamed: 1,Unnamed: 2,Weighted-Average,Unnamed: 3
0,"(in millions, except exercise price)",Stock Option,,,Exercise Price,
1,"Balance, May 31, 2016",,375,$,,29.66
2,Granted (1),,18,$,,40.9
3,Assumed,,2,$,,13.06
4,Exercised,,(77),$,,26.65
5,Canceled,,(6),$,,36.28
6,"Balance, May 31, 2017",,312,$,,29.02
7,Granted (2),,77,$,,50.95
8,Exercised,,(78),$,,28.78
9,Canceled,,(7),$,,45.7
10,"Balance, May 31, 2018",,304,$,,36.11
11,Granted,,7,$,,43.47
12,Exercised,,(72),$,,28.32
13,Canceled,,(17),$,,49.28
14,"Balance, May 31, 2019",,222,$,,37.78
