,•,we may have difficulties,(1),managing,an,acquired,company’s,technologies,Unnamed: 0,or lines,Unnamed: 1,of business;,(2),entering,new,markets,where,we,have,"no,",or
0,,"limited, direct",prior experience,,or where,,competitors,may have,stronger,market,,positions;,or,(3),retaining,key,personnel,from,the,acquired,
1,,companies;,,,,,,,,,,,,,,,,,,,
2,•,"an acquisition may not further our business strategy as we expected, we may not integrate an acquired company or technology as successfully as we",,,,,,,,,,,,,,,,,,,
3,,"expected, we may impose our business practices or alter go-to-market strategies that adversely impact the acquired business or we may overpay for,",,,,,,,,,,,,,,,,,,,
4,,"or otherwise not realize the expected return on our investments, which could adversely affect our business or operating results and potentially cause",,,,,,,,,,,,,,,,,,,
5,,impairment to assets that we recorded as a part of an acquisition including intangible assets and goodwill;,,,,,,,,,,,,,,,,,,,
6,•,our operating,results or financial,,condition,,may be adversely,impacted,by,(1) claims,,or liabilities,,that,we assume,,from an acquired,,company,,or
7,,technology or,that are otherwise,,related,,"to an acquisition,","including,",among,"others,",,claims from,,government,,"agencies,",terminated,,"employees,",,
8,,"current or former customers, former stockholders or other third parties; (2) pre-existing contractual relationships that we assume from an acquired",,,,,,,,,,,,,,,,,,,
9,,company that,we would not,have,otherwise,,"entered into,",the termination,,or modification,,of,which,,may be costly,,or disruptive,to,our,business;,
10,,(3) unfavorable,revenue recognition,,or other,,accounting,treatment,as a result,of an,,acquired,company’s,,practices;,,and (4) intellectual,,,property,
11,,claims or disputes;,,,,,,,,,,,,,,,,,,,
12,•,"we may fail to identify or assess the magnitude of certain liabilities, shortcomings or other circumstances prior to acquiring a company or technology,",,,,,,,,,,,,,,,,,,,
13,,"which could result in (1) unexpected litigation or regulatory exposure, (2) unfavorable accounting treatment, unexpected increases in taxes due, (3)",,,,,,,,,,,,,,,,,,,
14,,"the loss of anticipated tax benefits or (4) other adverse effects on our business, operating results or financial condition;",,,,,,,,,,,,,,,,,,,
15,•,"we may not realize any anticipated increase in our revenues from an acquisition for a number of reasons,",,,,,,,,,,,,,including (1),,if a larger than predicted,,,,
16,,"number of customers decline to renew cloud-based subscription contracts or license support or hardware support contracts, (2) if we are unable to",,,,,,,,,,,,,,,,,,,
17,,sell the acquired,products or,service offerings,,,"to our customer base,",,(3) if acquired,,,customers,do not elect,,to,purchase,our technologies,,,due,to
18,,differing business practices or (4) if contract models utilized by an acquired company do not allow us to recognize revenues on a timely basis;,,,,,,,,,,,,,,,,,,,
19,•,"we may have difficulty incorporating acquired technologies, products, services and their related supply chain operations with our existing lines of",,,,,,,,,,,,,,,,,,,
20,,"business and supply chain infrastructure and maintaining uniform standards, architecture, controls, procedures and policies;",,,,,,,,,,,,,,,,,,,
21,•,"we may have multiple product lines or services offerings as a result of our acquisitions that are offered, priced, delivered and supported differently,",,,,,,,,,,,,,,,,,,,
22,,which could cause customer confusion and delays;,,,,,,,,,,,,,,,,,,,
23,•,we may incur,higher than anticipated,,costs,,"(1) to support,",develop,and deliver,acquired,,products,,or,"services,",(2) for,general,and administrative,,,
24,,"functions that support new business models, or (3) to comply with regulations applicable to an acquired business that are more complicated than we",,,,,,,,,,,,,,,,,,,
25,,had anticipated;,,,,,,,,,,,,,,,,,,,
26,•,"we may be unable to obtain timely approvals from, or may otherwise have certain limitations, restrictions, penalties or other sanctions imposed on",,,,,,,,,,,,,,,,,,,
