,"(in millions, except per share amounts)",Unnamed: 0,August 31,Unnamed: 1,November 30,February 28,Unnamed: 2,Unnamed: 3,May 31
0,revenues,$,"9,193",$,"9,562 $","9,614",,$,"11,136"
1,Gross profit,$,"7,240",$,"7,561 $","7,638",,$,"9,073"
2,Operating income,$,"2,778",$,"3,101 $","3,399",,$,"4,257"
3,Net income,$,"2,265",$,"2,333 $","2,745",,$,"3,740"
4,Earnings per share—basic,$,0.58,$,0.63 $,0.78,,$,1.10
5,Earnings per share—diluted,$,0.57,$,0.61 $,0.76,,$,1.07
6,,,,,,,,,
7,,,,,Fiscal 2018 Quarter Ended (Unaudited),,,,
8,"(in millions, except per share amounts)",,August 31,,November 30,February 28,,,May 31
9,revenues,$,"9,104",$,"9,589 $","9,676",,$,"11,014"
10,Gross profit,$,"7,176",$,"7,629 $","7,680",,$,"8,840"
11,Operating income,$,"2,749",$,"3,039 $","3,315",,$,"4,161"
12,Net income (loss),$,"2,144",$,"2,214 $","(4,047)",,$,"3,276"
13,Earnings (loss) per share—basic,$,0.52,$,0.53 $,(0.98),,$,0.81
14,Earnings (loss) per share—diluted,$,0.50,$,0.52 $,(0.98),,$,0.79
