,Unnamed: 0,Unnamed: 1,"May 31,",Unnamed: 2,Unnamed: 3,Initial,Unnamed: 4,Adj. to,Unnamed: 5,Cash,Unnamed: 6,Unnamed: 7,Unnamed: 8,Unnamed: 9,Unnamed: 10,"May 31,.1"
0,(in millions),,2017,,,Costs (3),,Cost (4),,Payments,,,Others (5),,,2018 (2)
1,Fiscal 2017 Oracle Restructuring Plan (1),,,,,,,,,,,,,,,
2,Cloud and license,$,85,,$,156,$,(12),$,(150),,$,3,,$,82
3,Hardware,,31,,,167,,(15),,(122),,,—,,,61
4,Services,,25,,,48,,(4),,(54),,,1,,,16
5,Other (6),,44,,,267,,(6),,(208),,,(7),,,90
6,Total Fiscal 2017 Oracle restructuring Plan,$,185,,$,638,$,(37),$,(534),,$,(3),,$,249
7,Total other restructuring plans (7),$,79,,$,1,$,(14),$,(37),,$,4,,$,33
8,Total restructuring plans,$,264,,$,639,$,(51),$,(571),,$,1,,$,282
9,,,,,,,,,,,,,,,,
10,Fiscal 2017 Activity,,,,,,,,,,,,,,,
11,,,Accrued,,,,,"Year Ended May 31, 2017",,,,,,,,Accrued
12,,,"May 31,",,,Initial,,Adj. to,,Cash,,,,,,"May 31,"
13,(in millions),,2016,,,Costs (3),,Cost (4),,Payments,,,Others (5),,,2017
14,Fiscal 2017 Oracle Restructuring Plan (1),,,,,,,,,,,,,,,
15,Cloud and license,$,—,,$,184,$,(6),$,(100),,$,7,,$,85
16,Hardware,,—,,,91,,(3),,(57),,,—,,,31
17,Services,,—,,,59,,(1),,(34),,,1,,,25
18,Other (6),,—,,,166,,(4),,(118),,,—,,,44
19,Total Fiscal 2017 Oracle restructuring Plan,$,—,,$,500,$,(14),$,(309),,$,8,,$,185
20,Total other restructuring plans (7),$,283,,$,8,$,(31),$,(169),,$,(12),,$,79
21,Total restructuring plans,$,283,,$,508,$,(45),$,(478),,$,(4),,$,264
