,(in millions),Unnamed: 0,2019,Unnamed: 1,2018,Unnamed: 2,2017
0,Cloud and license:,,,,,,
1,revenues (1),$,"32,582",$,"32,041",$,"30,452"
2,Cloud services and license support expenses,,"3,597",,"3,441",,"2,881"
3,Sales and marketing expenses,,"7,398",,"7,213",,"6,770"
4,Margin (2),$,"21,587",$,"21,387",$,"20,801"
5,Hardware:,,,,,,
6,revenues,$,"3,704",$,"3,994",$,"4,152"
7,Hardware products and support expenses,,"1,327",,"1,547",,"1,618"
8,Sales and marketing expenses,,520,,643,,825
9,Margin (2),$,"1,857",$,"1,804",$,"1,709"
10,Services:,,,,,,
11,revenues,$,"3,240",$,"3,395",$,"3,359"
12,Services expenses,,"2,703",,"2,729",,"2,661"
13,Margin (2),$,537,$,666,$,698
14,Totals:,,,,,,
15,revenues (1),$,"39,526",$,"39,430",$,"37,963"
16,Expenses,,"15,545",,"15,573",,"14,755"
17,Margin (2),$,"23,981",$,"23,857",$,"23,208"
