,(in millions),2019,Unnamed: 0,2018,Unnamed: 1,2017
0,Total revenues for operating segments $,"39,526",$,"39,430",$,"37,963"
1,Cloud and license revenues (1),(20),,(47),,(171)
2,Total revenues $,"39,506",$,"39,383",$,"37,792"
3,,,,,,
4,Total margin for operating segments $,"23,981",$,"23,857",$,"23,208"
5,Cloud and license revenues (1),(20),,(47),,(171)
6,research and development,"(6,026)",,"(6,084)",,"(6,153)"
7,General and administrative,"(1,265)",,"(1,282)",,"(1,172)"
8,Amortization of intangible assets,"(1,689)",,"(1,620)",,"(1,451)"
9,Acquisition related and other,(44),,(52),,(103)
10,restructuring,(443),,(588),,(463)
11,Stock-based compensation for operating segments,(518),,(505),,(415)
12,"Expense allocations and other, net",(441),,(415),,(367)
13,Interest expense,"(2,082)",,"(2,025)",,"(1,798)"
14,"Non-operating income, net",815,,"1,185",,565
15,Income before provision for income taxes $,"12,268",$,"12,424",$,"11,680"
16,,,,,,
17,(1) Cloud and license revenues presented for management reporting included revenues related to cloud and license obligations that would have otherwise been recorded by the acquired businesses a,,,,,
18,independent entities but were not recognized in our consolidated statements of operations for the periods presented due to business,combination,accounting,requirements.,See,Note 9 for a
19,explanation of these adjustments and this table for a reconciliation of our total operating segment revenues to our total revenues as reported in our consolidated statements of operations.,,,,,
20,Disaggregation of Revenues,,,,,
21,"We have considered information that is regularly reviewed by our CODMs in evaluating financial performance, and disclosures presented outside of our financia",,,,,
22,"statements in our earnings releases and used in investor presentations to disaggregate revenues to depict how the nature, amount, timing and uncertainty o",,,,,
23,revenues and cash flows are affected by economic factors. The principal category we use to disaggregate revenues is the nature of our products and services a,,,,,
24,presented in our consolidated statements of operations.,,,,,
25,The following table is a summary of our total revenues by geographic region. The relative proportion of our total revenues between each geographic region a,,,,,
26,"presented in the table below was materially consistent across each of our operating segments’ revenues for each of fiscal 2019, 2018 and 2017:",,,,,
27,,,"Year Ended May 31,",,,
28,(in millions),2019,,2018,,2017
29,Americas $,"21,856",$,"21,648",$,"21,121"
30,EMEA (1),"11,270",,"11,409",,"10,614"
31,Asia Pacific,"6,380",,"6,326",,"6,057"
32,Total revenues $,"39,506",$,"39,383",$,"37,792"
