,"(in millions, except per share amounts)",Unnamed: 0,2019,Unnamed: 1,2018 (4),Unnamed: 2,2017 (4),Unnamed: 3,2016 (4),Unnamed: 4,2015 (4)
0,Consolidated Statements of Operations Data:,,,,,,,,,,
1,Total revenues,$,"39,506",$,"39,383",$,"37,792",$,"37,047",$,"38,226"
2,Operating income,$,"13,535",$,"13,264",$,"12,913",$,"12,604",$,"13,871"
3,Net income (1),$,"11,083",$,"3,587",$,"9,452",$,"8,901",$,"9,938"
4,Earnings per share—diluted (1),$,2.97,$,0.85,$,2.24,$,2.07,$,2.21
5,Diluted weighted average common shares outstanding,,"3,732",,"4,238",,"4,217",,"4,305",,"4,503"
6,Cash dividends declared per common share,$,0.81,$,0.76,$,0.64,$,0.60,$,0.51
7,Consolidated Balance Sheets Data:,,,,,,,,,,
8,Working capital (2),$,"27,756",$,"57,035",$,"50,995",$,"47,105",$,"47,314"
9,Total assets (2),$,"108,709",$,"137,851",$,"136,003",$,"112,180",$,"110,903"
10,Notes payable and other borrowings (3),$,"56,167",$,"60,619",$,"57,909",$,"43,855",$,"41,958"
