,Unnamed: 0,Unnamed: 1,2019,Unnamed: 2,2018,Unnamed: 3
0,Current,$,"(1,527)",$,,"(1,080)"
1,Deferred,,991,,,"18,794"
2,Total,$,(536),$,,"17,714"
3,,,,,,
4,The current income tax expense is primarily attributable to state income taxes and the deferred income tax benefit is primarily,,,,,
5,attributable to a change in state deferred tax rate.,,,,,
6,,,,,,
7,The reconciliations between the U.S. federal statutory income tax rate and the effective tax rate follows:,,,,,
8,,,,,,
9,,,"Years Ended December 31,",,,
10,,,2019,,2018.0,
11,U.S. federal statutory income tax rate,,21.0%,,,21.0%
12,,,,,,
13,Adjustments due to:,,,,,
14,"State taxes, net of federal benefit",,(8.9)%,,,(21.4)%
15,Change in valuation allowance,,0.6%,,,(59.0)%
16,Equity awards,,(1.8)%,,,(14.2)%
17,Return to provision,,(4.5)%,,,(13.8)%
18,Nondeductible expenses,,0.4%,,,(11.4)%
19,Uncertain tax positions and tax examination settlement,,6.8%,,,505.7%
20,U.S. income subject to tonnage tax,,(6.5)%,,,14.0%
21,Other,,(1.3)%,,,(1.7)%
22,Effective tax rate,,5.8%,,,419.2%
