,Unnamed: 0,Unnamed: 1
0,,Net deferred tax assets are recorded to the extent the Company believes these assets will more likely than not be realized.
1,,"In making such a determination, all available positive and negative evidence is considered, including future reversals of"
2,,"existing taxable temporary differences, projected future taxable income, tax-planning strategies, and results of recent"
3,,operations. In the event the Company were to determine that it would be able to realize its deferred income tax assets in
4,,"the future in excess of their net recorded amount, an adjustment would be made to the deferred tax asset valuation"
5,,"allowance, which would reduce the provision for income taxes in the period such determination is made."
6,,
7,,"Uncertain tax positions are recorded in accordance with ASC 740, Income Taxes, on the basis of a two-step process"
8,,whereby (1) the Company first determines whether it is more likely than not that the tax positions will be sustained based
9,,"on the technical merits of the position and (2) for tax positions that meet the more-likely-than-not recognition threshold,"
10,,the Company recognizes the largest amount of tax benefit that is greater than 50% likely to be realized upon ultimate
11,,settlement with the related tax authority.
12,,
13,10.0,Use of estimates - The preparation of financial statements in conformity with accounting principles generally accepted in
14,,"the United States requires management to make estimates and assumptions that affect the amounts of assets, liabilities,"
15,,"equity, revenues and expenses reported in the financial statements and accompanying notes. The most significant"
16,,"estimates relate to the depreciation of vessels and other property, amortization of drydocking costs, estimates used in"
17,,"assessing the recoverability of vessels, intangible assets and other long-lived assets, liabilities incurred relating to pension"
18,,"benefits, and income taxes. Actual results could differ from those estimates."
19,,
20,11.0,Segment information - Operating segments are defined as components of an enterprise that engage in business activities.
21,,The Company has determined that it operates its business as a single segment as its chief operating decision maker and its
22,,management team make decisions about resource allocations and review and measure the Company’s results as one line of
23,,"business with similar regulatory requirements, customers and commodities transported."
24,,
25,12.0,"Inventories -  Inventories are included in the inventories, prepaid expenses and other current assets line item in the"
26,,consolidated balance sheets. Inventories are accounted for on the first in first out basis and consist of fuel on the
27,,Company’s vessels.
28,,
29,13.0,"Recently adopted accounting standards - In February 2016, the FASB issued ASU 2016-02, Leases, which is included in"
