,Name,Date
0,,
1,/s/ SAMUEL H. NORTON,"March 13, 2020"
2,"Samuel H. Norton, Principal",
3,Executive Officer and Director,
4,,
5,/s/ DOUGLAS D. WHEAT,"March 13, 2020"
6,"Douglas D. Wheat, Director",
7,,
8,/s/ JOHN P. REDDY,"March 13, 2020"
9,"John P. Reddy, Director",
10,,
11,/s/ JOSEPH I. KRONSBERG,"March 13, 2020"
12,"Joseph I. Kronsberg, Director",
13,,
14,/s/ JULIE E. SILCOCK,"March 13, 2020"
15,"Julie E. Silcock, Director",
16,,
17,/s/ ANJA L. MANUEL,"March 13, 2020"
18,"Anja L. Manuel, Director",
19,,
20,/s/ GARY EUGENE TAYLOR,"March 13, 2020"
21,"Gary Eugene Taylor, Director",
22,,
23,/s/ TY E. WALLACH,"March 13, 2020"
24,"Ty E. Wallach, Director",
