,Unnamed: 0,Unnamed: 1,"Years Ended December 31,"
0,,,2019 2018
1,Current assets $,,"38,531 $ 38,949"
2,Total assets $,,"38,531 $ 38,949"
3,,,
4,Current liabilities $,,"20,667 $ 21,652"
5,Non-current liabilities,,"18,867 17,286"
6,(Deficiency)/equity,,"(1,003)  11"
7,Total liabilities and equity $,,"38,531 $ 38,949"
8,,,
9,A condensed summary of the results of operations of the equity method investments follows:,,
10,,,
11,,,"Years Ended December 31,"
12,,,2019 2018
13,Shipping revenues $,,"109,006 $ 105,115"
14,Ship operating expenses,,"(100,437)  (95,315)"
15,Income from vessel operations,,"8,569 9,800"
16,Net income $,,"9,342 $ 9,461"
17,,,
18,NOTE 7 — INTANGIBLE ASSETS,,
19,,,
20,"Intangible assets activity for the two years ended December 31, 2019 is summarized as follows:",,
21,,,
22,,,Total
23,"Balance at December 31, 2017",,"$ 41,017"
24,Amortization,,"(4,600)"
25,"Balance at December 31, 2018",,"36,417"
26,Amortization,,"(4,600)"
27,"Balance at December 31, 2019",,"$ 31,817"
