,Unnamed: 0,Unnamed: 1,Pension Benefits,Other Benefits
0,"At December 31,",,2019 2018,2019 2018
1,Change in benefit obligation:,,,
2,Benefit obligation at beginning of year,$,"44,015 $ 48,500 $","3,401 $ 4,548"
3,Cost of benefits earned (service cost),,— —,105 119
4,Interest cost on benefit obligation,,"1,802 1,673",140 142
5,Actuarial losses/(gains),,"3,805 (3,456)","84 (1,206)"
6,Benefits paid,,"(2,686)  (2,702)",(158)  (202)
7,Benefit obligation at year end,,"46,936 44,015","3,572 3,401"
8,Change in plan assets:,,,
9,Fair value of plan assets at beginning of year,,"31,929 35,591",— —
10,Actual return on plan assets,,"6,790 (1,882)",— —
11,Employer contributions,,721 922,158 202
12,Benefits paid,,"(2,686)  (2,702)",(158)  (202)
13,Fair value of plan assets at year end,,"36,754 31,929",— —
14,Unfunded status at December 31,$,"(10,182)  $ (12,086)  $","(3,572)  $ (3,401)"
15,,,,
16,Information for defined benefit pension plans with accumulated benefit obligations in excess of plan assets follows:,,,
17,,,,
18,"At December 31,",,2019,2018
19,Projected benefit obligation,,$,"46,936 $ 44,015"
20,Accumulated benefit obligation,,,"46,936 44,015"
21,Fair value of plan assets,,,"36,754 31,929"
22,,,,
23,Information for defined benefit pension plans and other postretirement benefit plans net periodic cost/(benefit) follows:,,,
24,,,,
25,,,Pension Benefits,Other Benefits
26,"For the year ended December 31,",,2019 2018,2019 2018
27,Components of expense:,,,
28,Cost of benefits earned,$,— $ — $,105 $ 119
29,Interest cost on benefit obligation,,"1,802 1,673",140 142
30,Expected return on plan assets,,"(2,246)  (2,517)",— —
31,Amortization of prior-service costs,,— —,(229)  (229)
32,Recognized net actuarial loss,,588 483,11 45
33,Net periodic benefit cost,$,144 $ (361)  $,27 $ 77
