,Unnamed: 0,Available Information,i
0,,Forward-Looking Statements,i
1,,Supplementary Financial Information,iii
2,,Glossary,iii
3,PART I,,
4,Item 1.,Business,1
5,,Overview and Recent Developments,1
6,,Fleet Operations,2
7,,Employees,5
8,,Competition,5
9,,Environmental and Security Matters,5
10,,Inspection by Classification Societies,15
11,,Insurance,16
12,,Taxation of the Company,16
13,Item 1A.,Risk Factors,17
14,Item 1B.,Unresolved Staff Comments,35
15,Item 2.,Properties,35
16,Item 3.,Legal Proceedings,35
17,Item 4.,Mine Safety Disclosures,35
18,,,
19,PART II,,
20,Item 5.,"Market for Registrant’s Common Equity, Related Stockholder Matters and Issuer Purchases of Equity",
21,,Securities,36
22,Item 6.,Selected Financial Data,37
23,Item 7.,Management’s Discussion and Analysis of Financial Condition and Results of Operations,38
24,Item 7A.,Quantitative and Qualitative Disclosures about Market Risk,47
25,Item 8.,Financial Statements and Supplementary Data,48
26,Item 9.,Changes in and Disagreements with Accountants on Accounting and Financial Disclosure,90
27,Item 9A.,Controls and Procedures,90
28,Item 9B.,Other Information,90
29,,,
30,PART III,,
31,Item 10.,"Directors, Executive Officers and Corporate Governance",91
32,Item 11.,Executive Compensation,92
33,Item 12.,Security Ownership of Certain Beneficial Owners and Management and Related Stockholder Matters,92
34,Item 13.,"Certain Relationships and Related Transactions, and Director Independence",92
35,Item 14.,Principal Accounting Fees and Services,92
36,,,
37,PART IV,,
38,Item 15.,"Exhibits, Financial Statement Schedules",93
39,Item 16.,Form 10-K Summary,100
40,Signatures,,101
