,Unnamed: 0,Unnamed: 1,flow hedges,Unnamed: 2,Unnamed: 3,cost,Unnamed: 4
0,"For the year ended December 31, 2019:",,,,,,
1,Current period change excluding amounts reclassified from accumulated other,,,,,,
2,comprehensive loss,$,,—,$,,(154)
3,Amounts reclassified from accumulated other comprehensive loss,,,—,,,(87)
4,Total change in accumulated other comprehensive loss,$,,—,$,,(241)
5,,,,,,,
6,"For the year ended December 31, 2018:",,,,,,
7,Current period change excluding amounts reclassified from accumulated other,,,,,,
8,comprehensive loss,$,,—,$,,—
9,Amounts reclassified from accumulated other comprehensive loss,,,69,,,—
10,Total change in accumulated other comprehensive loss,$,,69,$,,—
