,Unnamed: 0,Unnamed: 1,2019,Unnamed: 2,2018
0,Shipping Revenues:,,,,
1,Time charter revenues,$,"263,683",$,"213,923"
2,Voyage charter revenues,,"91,864",,"152,240"
3,,,"355,547",,"366,163"
4,Operating Expenses:,,,,
5,Voyage expenses,,"20,414",,"39,456"
6,Vessel expenses,,"134,618",,"134,956"
7,Charter hire expenses,,"90,359",,"91,350"
8,Depreciation and amortization,,"52,499",,"50,512"
9,General and administrative,,"23,399",,"26,880"
10,Bad debt expense,,"4,300",,—
11,"Loss/(gain) on disposal of vessels and other property, including impairments, net",,106,,(877)
12,Total operating expenses,,"325,695",,"342,277"
13,Income from vessel operations,,"29,852",,"23,886"
14,Equity in income of affiliated companies,,"3,552",,"3,538"
15,Operating income,,"33,404",,"27,424"
16,"Other income/(expense), net",,"1,440",,(759)
17,Income before interest expense and income taxes,,"34,844",,"26,665"
18,Interest expense,,"(25,633)",,"(30,890)"
19,Income/(loss) before income taxes,,"9,211",,"(4,225)"
20,Income tax (expense)/benefit,,(536),,"17,714"
21,Net income,$,"8,675",$,"13,489"
22,,,,,
23,Weighted Average Number of Common Shares Outstanding:,,,,
24,Basic - Class A,,"89,251,818",,"88,394,580"
25,Diluted - Class A,,"89,658,938",,"89,045,734"
26,Per Share Amounts:,,,,
27,Basic and diluted net income - Class A,$,0.10,$,0.15
