,Unnamed: 0,Unnamed: 1,2019,Unnamed: 2,Unnamed: 3,2018,Unnamed: 4
0,Net income,$,,"8,675",$,,"13,489"
1,"Other comprehensive income/(loss), net of taxes:",,,,,,
2,Net change in unrealized gains on cash flow hedges,,,—,,,112
3,Defined benefit pension and other postretirement benefit plans:,,,,,,
4,Net change in unrecognized prior service costs,,,(175),,,(262)
5,Net change in unrecognized actuarial gain,,,958,,,903
6,Other comprehensive income,,,783,,,753
7,Comprehensive income,$,,"9,458",$,,"14,242"
