,Unnamed: 0,Unnamed: 1,Unnamed: 2,"December 31,",Unnamed: 3
0,,,2019,,2018
1,"Term loan, due 2023, net of unamortized discount and deferred costs of $6,821 and",,,,
2,"$7,528",$,"291,994",$,"317,472"
3,"Term loans, due 2024, net of unamortized discount and deferred costs of $1,086",,,"48,289",—
4,"Term loan, due 2026, net of unamortized discount and deferred costs",,,"27,075","27,376"
5,"Unsecured senior notes, net of unamortized discount and deferred costs",,,689,687
6,Total debt,,"368,047",,"345,535"
7,Less current installments of long-term debt,,,"31,512","23,240"
8,Total long-term debt,$,"336,535",$,"322,295"
