,Unnamed: 0,Unnamed: 1,2019,Unnamed: 2,Unnamed: 3,2018
0,ASSETS,,,,,
1,Current Assets:,,,,,
2,Cash and cash equivalents,$,"41,503",,$,"80,417"
3,Restricted cash,,60,,,59
4,"Voyage receivables, including unbilled of $5,611 and $10,160, net of reserve for",,,,,
5,doubtful accounts,,"9,247",,,"16,096"
6,Income tax recoverable,,"1,192",,,439
7,Other receivables,,"3,037",,,"3,027"
8,Prepaid expenses,,"1,292",,,"9,886"
9,Inventories and other current assets,,"1,178",,,"2,456"
10,Total Current Assets,,"57,509",,,"112,380"
11,"Vessels and other property, less accumulated depreciation and amortization",,"737,212",,,"597,659"
12,"Deferred drydock expenditures, net",,"23,734",,,"26,099"
13,"Total Vessels, Deferred Drydock and Other Property",,"760,946",,,"623,758"
14,Restricted cash,,114,,,165
15,Investments in and advances to affiliated companies,,"3,599",,,"3,585"
16,"Intangible assets, less accumulated amortization",,"31,817",,,"36,417"
17,Operating lease right-of-use assets,,"286,469",,,—
18,Other assets,,"35,013",,,"51,425"
19,Total Assets,$,"1,175,467",,$,"827,730"
20,,,,,,
21,LIABILITIES AND EQUITY,,,,,
22,Current Liabilities:,,,,,
23,"Accounts payable, accrued expenses and other current liabilities",$,"35,876",,$,"34,678"
24,Current installments of long-term debt,,"31,512",,,"23,240"
25,Current portion of operating lease liabilities,,"90,145",,,—
26,Current portion of finance lease liabilities,,"4,011",,,—
27,Total Current Liabilities,,"161,544",,,"57,918"
28,Reserve for uncertain tax positions,,864,,,220
29,Long-term debt,,"336,535",,,"322,295"
30,"Deferred income taxes, net",,"72,833",,,"73,365"
31,Noncurrent operating lease liabilities,,"219,501",,,—
32,Noncurrent finance lease liabilities,,"23,548",,,—
33,Other liabilities,,"19,097",,,"44,464"
34,Total Liabilities,,"833,922",,,"498,262"
35,,,,,,
36,Commitments and contingencies,,,,,
37,,,,,,
38,Equity:,,,,,
39,"Common stock - Class A ($0.01 par value; 166,666,666 shares authorized;",,,,,
40,"85,713,610 and 84,834,790 shares issued and outstanding)",,857,,,848
41,Paid-in additional capital,,"590,436",,,"587,826"
42,Accumulated deficit,,"(243,339)",,,"(252,014)"
43,,,"347,954",,,"336,660"
44,Accumulated other comprehensive loss,,"(6,409)",,,"(7,192)"
45,Total Equity,,"341,545",,,"329,468"
46,Total Liabilities and Equity,$,"1,175,467",,$,"827,730"
