,"For the year ended December 31, 2019",2018,2019,2018.1
0,Discount rate 4.25%,3.55%,4.40%,3.70%
1,Expected (long-term) return on plan assets 7.25%,7.25%,—,—
2,,,,
3,The assumed health care cost trend rate for measuring the benefit obligation included in Other Benefits above is an increase of,,,
4,"6.50% as of December 31, 2019, with the rate of increase declining to an ultimate trend rate of 4.75% per annum by 2027 Assumed",,,
5,health care cost trend rates have a significant effect on the amounts reported for the health care plans. A 1% change in assumed,,,
6,health care cost trend rates would have the following effects:,,,
7,,,,
8,,,1% increase,1% decrease
9,Effect on total of service and interest cost components in 2019,,$ 38,$ (31)
10,"Effect on postretirement benefit obligation as of December 31, 2019",,$ 384,$ (313)
11,,,,
12,Expected benefit payments are as follows:,,,
13,,,,
14,,Pension Benefits,Other Benefits,
15,2020,$,"2,867 $",156
16,2021,,"2,946",157
17,2022,,"2,978",159
18,2023,,"3,024",164
19,2024,,"3,090",165
20,Years 2025-2029,,"15,335",804
21,Total,$,"30,240 $","1,605"
22,,,,
23,"The expected long-term rate of return on plan assets is based on the current and expected asset allocations. Additionally, the long-",,,
24,"term rate of return is based on historical returns, investment strategy, inflation expectations and other economic factors. The",,,
25,expected long-term rate of return is then applied to the market value of plan assets.,,,
26,,,,
27,"The fair values of the Company’s pension plan assets at December 31, 2019, by asset category are as follows:",,,
28,,,,
29,Description,,Fair Value,Level 1
30,Cash and cash equivalents,,$ 595,$ 595
31,Equity securities:,,,
32,Large cap exchange traded fund,,"13,994","13,994"
33,Small company - mid value,,"2,222","2,222"
34,Small company - mid growth,,"2,167","2,167"
35,International value,,"2,634","2,634"
36,International growth,,"2,656","2,656"
37,Fixed income and preferred stock:,,,
38,Intermediate term bond fund,,"12,418","12,418"
39,Small company - mid value - preferred stock,,68,68
40,Total,,"$ 36,754","$ 36,754"
