,"Balance at December 31, 2017",$,783  $,"584,675  $","(265,758)$",Unnamed: 0,"(6,462)  $","313,238"
0,Adoption of accounting standard -,,,,,,,
1,reclassification adjustment to retained earnings,,—,—,"1,483",,"(1,483)",—
2,Adoption of accounting standard - revenue,,,,,,,
3,recognition,,—,—,"(1,228)",,—,"(1,228)"
4,Net income,,—,—,"13,489",,—,"13,489"
5,"Other comprehensive income, net of taxes",,—,—,—,,753,753
6,Issuance and vesting of restricted stock awards,,9,(9),—,,—,—
7,Forfeitures and cancellation of restricted stock,,,,,,,
8,awards,,—,(569),—,,—,(569)
9,Compensation related to Class A options,,,,,,,
10,granted,,—,838,—,,—,838
11,Compensation related to Class A restricted,,,,,,,
12,stock awards,,—,"2,947",—,,—,"2,947"
13,Conversion of Class A warrants to Class A,,,,,,,
14,common stock,,56,(56),—,,—,—
15,"Balance at December 31, 2018",,848,"587,826","(252,014)",,"(7,192)","329,468"
16,Net income,,—,—,"8,675",,—,"8,675"
17,"Other comprehensive income, net of taxes",,—,—,—,,783,783
18,Issuance and vesting of restricted stock awards,,6,(6),—,,—,—
19,Taxes withheld and forfeitures of restricted,,,,,,,
20,stock awards,,—,(300),—,,—,(300)
21,Compensation related to Class A options,,,,,,,
22,granted,,—,672,—,,—,672
23,Compensation related to Class A restricted,,,,,,,
24,stock awards,,—,"2,247",—,,—,"2,247"
25,Conversion of Class A warrants to Class A,,,,,,,
26,common stock,,3,(3),—,,—,—
27,"Balance at December 31, 2019",$,857  $,"590,436  $","(243,339)  $",,"(6,409)  $","341,545"
