,Unnamed: 0,"N.A, as Warrant Agent (filed as Exhibit 4.2 to Registrant’s Current Report on Form 8-K filed on August 8, 2014, dated"
0,,"August 5, 2014 and incorporated herein by reference)."
1,,
2,4.4,Form of Class B Warrant Certificate (included in Exhibit 4.2).
3,,
4,4.5,"Registration Rights Agreement, dated as of May 2, 2014, between the Registrant and certain stockholders party thereto"
5,,"(filed as Exhibit 4.5 to Registrant’s Registration Statement on Form S-1 filed on August 20, 2014 and incorporated"
6,,herein by reference).
7,,
8,4.6,"Amendment to Registration Rights Agreement, dated as of May 26, 2014, between the Registrant and certain"
9,,"stockholders party thereto (filed as Exhibit 4.6 to Registrant’s Statement on Form S-1 filed on August 20, 2014 and"
10,,incorporated herein by reference).
11,,
12,4.7,"Indenture dated as of March 7, 2003 between the Registrant and Wilmington Trust Company, as trustee, providing for"
13,,the issuance of debt securities of the Registrant from time to time (filed as Exhibit 4(e)(1) to the Registrant’s
14,,"Registration Statement on Form S-4 filed May 5, 2003 and incorporated herein by reference) (No. 333-105018) (filed"
15,,"May 5, 2003). Such Indenture is hereby modified, effective as of January 13, 2004, by deleting all references therein to"
16,,"“Wilmington Trust Company”, “March 7, 2003” and any specific day, month and/or year and substituting therefore"
17,,blank spaces.
18,,
19,4.8,"Form of First Supplemental Indenture dated as of February 19, 2004 between the Registrant and Wilmington Trust"
20,,"Company, as trustee (filed as Exhibit 4.1 to the Registrant’s Current Report on Form 8-K dated February 18, 2004 and"
21,,"incorporated herein by reference) (No. 001-06479) (filed February 18, 2004)."
22,,
23,4.9,"Second Supplemental Indenture dated as of August 5, 2014 between the Registrant and Wilmington Trust Company, as"
24,,"trustee (filed as Exhibit 4.3 to Registrant’s Current Report on Form 8-K dated August 8, 2014 and incorporated herein"
25,,by reference).
26,,
27,4.1,"Third Supplemental Indenture dated as of August 5, 2014 between the Registrant and Wilmington Trust Company, as"
28,,"trustee (filed as Exhibit 4.4 to Registrant’s Current Report on Form 8-K dated August 8, 2014 and incorporated herein"
29,,by reference).
30,,
31,4.11,"Fifth Supplemental Indenture, dated as of December 16, 2015, relating to the 7.50% Senior Notes I due 2021, between"
32,,"Overseas Shipholding Group, Inc. and Wilmington Trust Company, as Trustee (filed as Exhibit 4.2 to Registrant’s"
33,,"Current Report on Form 8-K dated December 16, 2015 and incorporated herein by reference)."
