,"Consolidated Balance Sheets at December 31, 2019 and 2018",49
0,"Consolidated Statements of Operations for the Years Ended December 31, 2019 and 2018",50
1,"Consolidated Statements of Comprehensive Income for the Years Ended December 31, 2019 and 2018",51
2,"Consolidated Statements of Cash Flows for the Years Ended December 31, 2019 and 2018",52
3,"Consolidated Statements of Changes in Equity/(Deficit) for the Years Ended December 31, 2019 and 2018",53
4,Notes to Consolidated Financial Statements,54
5,Reports of Independent Registered Public Accounting Firm,88
