,Unnamed: 0,Unnamed: 1,Unnamed: 2,"December 31,",Unnamed: 3
0,,,2019,,2018
1,Deferred tax liabilities:,,,,
2,Vessels and other property (1),$,"128,026",$,"128,226"
3,Prepaid expenditures,,,"5,621","7,108"
4,Operating lease right-of-use assets,,,"72,298",—
5,Other-net,,,2,4
6,Total deferred tax liabilities,,"205,947",,"135,338"
7,Deferred tax assets:,,,,
8,Loss carryforwards,,,"68,917","66,737"
9,Operating lease liability,,,"71,779",—
10,Finance lease liability,,,"6,333",—
11,Employee compensation and benefit plans,,,"3,869","4,287"
12,Financing and professional fees,,,"2,003","1,859"
13,Accrued expenses and other,,,"1,165",51
14,Total deferred tax assets,,"154,066",,"72,934"
15,Valuation allowance,,,"20,952","10,961"
16,Net deferred tax assets,,"133,114",,"61,973"
17,Net deferred tax liabilities,$,,"72,833 $","73,365"
