,Unnamed: 0,"Statement on Form S-1 filed on August 20, 2014 and incorporated herein by reference)."
0,,
1,*10.30,"Settlement, Release and Indemnity Agreement dated as of February 3, 2015 between the Registrant, certain subsidiaries"
2,,of the Registrant and an executive (filed as Exhibit 10.27 to the Registrant’s Annual Report on Form 10-K for the year
3,,"ended December 31, 2014 and incorporated herein by reference)."
4,,
5,*10.31,"Amendment No. 1 dated as of March 30, 2016 to Employment Agreement dated as of September 29, 2014 between the"
6,,"Registrant and an executive (filed as Exhibit 10.2 to the Registrant’s Current Report on Form 8-K dated April 5, 2016"
7,,and incorporated herein by reference).
8,,
9,*10.32,"Amendment No. 2 dated as of August 3, 2016 to Employment Agreement dated as of September 29, 2014 between the"
10,,Registrant and an executive (filed as Exhibit 10.7 to the Registrant’s Quarterly Report on Form 10-Q for the quarter
11,,"ended September 30, 2016 and incorporated herein by reference)."
12,,
13,*10.33,"Amendment No. 3 dated as of November 7, 2016 to Employment Agreement dated as of September 29, 2014 between"
14,,the Registrant and an executive (filed as Exhibit 10.2 to the Registrant’s Current Report on Form 8-K dated November
15,,"14, 2016 and incorporated herein by reference)."
16,,
17,*10.34,"Amendment No. 1 dated as of March 30, 2016 to Employment Agreement dated as of February 13, 2015 between the"
18,,"Registrant and an executive (filed as Exhibit 10.4 to the Registrant’s Current Report on Form 8-K dated April 5, 2016"
19,,and incorporated herein by reference).
20,,
21,*10.35,"Amendment No. 2 dated as of August 3, 2016 to Employment Agreement dated as of February 13, 2015 between the"
22,,Registrant and an executive (filed as Exhibit 10.8 to the Registrant’s Quarterly Report on Form 10-Q for the quarter
23,,"ended September 30, 2016 and incorporated herein by reference)."
24,,
25,*10.36,"Amendment No. 3 dated as of November 7, 2016 to Employment Agreement dated as of February 13, 2015 between the"
26,,"Registrant and an executive (filed as Exhibit 10.1 to the Registrant’s Current Report on Form 8-K dated November 14,"
27,,2016 and incorporated herein by reference).
28,,
29,*10.37,"Amendment No. 1 dated as of March 30, 2016 to Employment Agreement dated as of September 29, 2014 between the"
30,,"Registrant and an executive (filed as Exhibit 10.1 to the Registrant’s Current Report on Form 8-K dated April 5, 2016"
31,,and incorporated herein by reference).
32,,
33,*10.38,"Amendment No. 2 dated as of August 3, 2016 to Employment Agreement dated as of September 29, 2014 between the"
34,,Registrant and an executive (filed as Exhibit 10.6 to the Registrant’s Quarterly Report on Form 10-Q for the quarter
35,,"ended September 30, 2016 and incorporated herein by reference)."
36,,
37,*10.39,"Letter Agreement dated November 7, 2016 with an executive officer (filed as Exhibit 10.3 to Registrant’s Current"
38,,"Report on Form 8-K dated November 14, 2016 and incorporated herein by reference)."
39,,
40,*10.40,"Amendment No. 1 dated as of March 30, 2016 to Employment Agreement dated as of December 19, 2014 between the"
41,,"Registrant and an executive (filed as Exhibit 10.5 to the Registrant’s Current Report on Form 8-K dated April 5, 2016"
42,,and incorporated herein by reference).
43,,
44,*10.41,"Amendment No. 2 dated as of August 3, 2016 to Employment Agreement dated as of December 19, 2014 between the"
45,,Registrant and an executive (filed as Exhibit 10.9 to the Registrant’s Quarterly Report on Form 10-Q for the quarter
46,,"ended September 30, 2016 and incorporated herein by reference)."
