,Unnamed: 0,Unnamed: 1,2019,Unnamed: 2,Unnamed: 3,2018
0,Cash Flows from Operating Activities:,,,,,
1,Net income,$,"8,675",,$,"13,489"
2,Items included in net income not affecting cash flows:,,,,,
3,Depreciation and amortization,,"52,499",,,"50,512"
4,Bad debt expense,,"4,300",,,—
5,Amortization of debt discount and other deferred financing costs,,"1,965",,,"4,069"
6,"Compensation relating to restricted stock, stock unit and stock option grants",,"1,662",,,"3,785"
7,Deferred income tax benefit,,(991),,,"(18,794)"
8,Interest on finance lease liabilities,,"1,462",,,—
9,Non-cash operating lease expense,,"90,922",,,—
10,Undistributed earnings of affiliated companies,,(14),,,200
11,Other – net,,—,,,"1,961"
12,Items included in net income related to investing and financing activities:,,,,,
13,Loss on repurchases and extinguishment of debt,,72,,,"3,399"
14,"Loss/(gain) on disposal of vessels and other property, net",,106,,,(877)
15,Payments for drydocking,,"(12,278)",,,"(12,902)"
16,Changes in operating assets and liabilities:,,,,,
17,Operating lease liabilities,,"(83,608)",,,—
18,Decrease in receivables,,"2,549",,,"6,531"
19,Decrease in income tax recoverable,,(601),,,"(4,797)"
20,Increase in deferred revenue,,"4,848",,,"1,514"
21,Net change in other operating assets and liabilities,,"1,881",,,"(2,835)"
22,Net cash provided by operating activities,,"73,449",,,"45,255"
23,Cash Flows from Investing Activities:,,,,,
24,Expenditures for vessels and vessel improvements,,"(118,055)",,,"(21,807)"
25,Expenditures for other property,,"(4,459)",,,(386)
26,Proceeds from disposal of vessels and other property,,"3,404",,,"2,367"
27,Deposit for vessel purchases,,"(10,800)",,,—
28,Net cash used in investing activities,,"(129,910)",,,"(19,826)"
29,Cash Flows from Financing Activities:,,,,,
30,Extinguishment and repurchases of debt,,"(3,271)",,,"(427,123)"
31,"Issuance of debt, net of issuance and deferred financing costs",,"47,824",,,"344,801"
32,Payments on debt,,"(23,866)",,,"(28,166)"
33,Tax withholding on share-based awards,,(294),,,(569)
34,Payments on principal portion of finance lease liabilities,,"(2,896)",,,—
35,Net cash provided by/(used in) financing activities,,"17,497",,,"(111,057)"
36,"Net decrease in cash, cash equivalents and restricted cash",,"(38,964)",,,"(85,628)"
37,"Cash, cash equivalents and restricted cash at beginning of year",,"80,641",,,"166,269"
38,"Cash, cash equivalents and restricted cash at end of year",$,"41,677",,$,"80,641"
