,Unnamed: 0,Unnamed: 1,2019,Unnamed: 2,2018
0,"Vessels, at cost",$,"919,212",$,"845,868"
1,Accumulated depreciation,,"(274,900)",,"(248,939)"
2,"Vessels, net",,"644,312",,"596,929"
3,,,,,
4,Construction in progress,,"65,697",,—
5,,,,,
6,"Finance lease right-of-use asset, at cost (Note 15)",,"28,993",,—
7,Accumulated amortization (Note 15),,"(2,053)",,—
8,"Finance lease right-of use asset, net (Note 15)",,"26,940",,—
9,,,,,
10,"Other property, at cost",,"5,552",,"5,895"
11,Accumulated depreciation and amortization,,"(5,289)",,"(5,165)"
12,"Other property, net",,263,,730
13,,,,,
14,Total vessels and other property,$,"737,212",$,"597,659"
