,Debt Facility,2019,Unnamed: 0,Unnamed: 1,2018,Unnamed: 2
0,OBS Facilities $,,428,$,,"29,769"
1,"Term loan, due 2023",,"24,667",,,801
2,"Term loan, due 2026",,"1,772",,,210
3,Unsecured senior notes,,156,,,252
4,"Term loans, due 2024",,785,,,—
5,Total interest expense on debt facilities $,,"27,808",$,,"31,032"
6,,,,,,
7,"Cash paid for interest expense was $24,593 and $29,052 in December 31, 2019 and 2018, respectively.",,,,,
8,,,,,,
9,"As of December 31, 2019, the aggregate annual principal payments required to be made on the Company’s debt are as follows:",,,,,
10,,,,,,
11,2020,,,$,,"31,514"
12,2021,,,,,"31,962"
13,2022,,,,,"31,817"
14,2023,,,,"230,793",
15,2024,,,,,"42,436"
16,Thereafter,,,,,"7,530"
17,Total,,,$,"376,052",
