,Operating leases,Unnamed: 0,Unnamed: 1
0,Vessels chartered-in noncurrent operating lease assets,$,"283,871"
1,Office space noncurrent operating lease assets,,"2,598"
2,Total noncurrent operating lease assets,$,"286,469"
3,,,
4,Vessels chartered-in operating lease liabilities,,
5,Current portion of operating lease liabilities,$,"89,537"
6,Noncurrent operating lease liabilities,,"217,511"
7,,,"307,048"
8,Office space operating lease liabilities,,
9,Current portion of operating lease liabilities,,608
10,Noncurrent operating lease liabilities,,"1,990"
11,,,"2,598"
12,Total operating lease liabilities,$,"309,646"
13,,,
14,Finance lease,,
15,Vessels and other property,$,"28,993"
16,Accumulated amortization,,"(2,053)"
17,"Vessels and other property, less accumulated amortization",$,"26,940"
18,,,
19,Current portion of finance lease liabilities,$,"4,011"
20,Noncurrent finance lease liabilities,,"23,548"
21,Total finance lease liabilities,$,"27,559"
