,Unnamed: 0,Unnamed: 1,Carrying,Unnamed: 2,Fair Value,Unnamed: 3
0,,,Value,Level 1,,Level 2
1,"December 31, 2018:",,,,,
2,Assets,,,,,
3,Cash (1),$,"80,641 $","80,641",$,—
4,Total,$,"80,641 $","80,641",$,—
5,Liabilities,,,,,
6,"Term loan agreement, due 2023",$,"317,472 $",,—$,"325,000"
7,"Term loan agreement, due 2026",,"27,376",,—,"26,500"
8,Unsecured senior notes,,687,,—,525
9,Total,$,"345,535 $",,—$,"352,025"
10,,,,,,
11,"(1) Includes current and non-current restricted cash totaling $174 and $224 at December 31, 2019 and 2018, respectively",,,,,
12,"Restricted cash as of December 31, 2019 and 2018 was related to the Company’s Unsecured Senior Notes.",,,,,
13,,,,,,
14,Nonfinancial Instruments that are Measured at Fair Value on a Nonrecurring Basis,,,,,
15,,,,,,
16,Vessel Impairments,,,,,
17,,,,,,
18,"During the years ended December 31, 2019 and 2018, the Company gave consideration as to whether events or changes i",,,,,
19,circumstances had occurred that could indicate the carrying amounts of the vessels in the Company’s fleet may not be recoverable,,,,,
20,The Company concluded that no such events or changes in circumstances had occurred.,,,,,
21,,,,,,
22,Valuation of Intangible Assets,,,,,
23,,,,,,
24,"The Company’s intangible assets at December 31, 2019 and 2018 consisted of long-term customer relationships acquired as part o",,,,,
25,"the 2006 purchase of Maritrans, Inc. The long-term customer relationships are being amortized on a straight-line basis over 2",,,,,
26,years.,,,,,
27,,,,,,
28,"During the years ended December 31, 2019 and 2018, the Company gave consideration as to whether events or changes i",,,,,
29,circumstances had occurred that could indicate the carrying value of the Company’s intangible assets may not be recoverable. Th,,,,,
30,Company concluded that no such events or changes in circumstances had occurred.,,,,,
31,,,,,,
32,"NOTE 10 — ACCOUNTS PAYABLE, ACCRUED EXPENSES AND OTHER CURRENT LIABILITIES",,,,,
33,,,,,,
34,,,,"Years Ended December 31,",,
35,,,,2019,,2018
36,Accounts payable,,$,"5,944",$,"3,360"
37,Payroll and benefits,,,"8,660",,"12,454"
38,Interest,,,"1,828",,"1,010"
39,Insurance,,,,673,639
40,Accrued drydock and repair costs,,,,115,900
41,Bunkers and lubricants,,,,852,953
42,Charter revenues received in advance,,,"11,580",,"6,731"
43,Accrued vessel expenses,,,"3,441",,"3,304"
44,"Accrued general and administrative, primarily professional fees",,,,799,"1,998"
45,Accrued deferred payment obligation for chartered in vessels,,,,—,"1,944"
46,Other,,,"1,984",,"1,385"
47,,,$,"35,876",$,"34,678"
