,"In August 2018, the FASB issued ASU 2018-13, Fair Value Measurement (Topic 820): Disclosure Framework - Changes"
0,"to the Disclosure Requirements for Fair Value Measurement, which eliminates certain disclosure requirements for fair"
1,"value measurements for all entities, requires public entities to disclose certain new information and modifies some"
2,"disclosure requirements. The new guidance is effective for fiscal years beginning after December 15, 2019 and for interim"
3,"periods within those fiscal years. The Company will adopt this standard on January 1, 2020. The adoption of this standard"
4,is not expected to have a material effect on the Company’s consolidated financial statements.
5,
6,"In June 2016, the FASB issued ASU 2016-13, Financial Instruments – Credit Losses (Topic 326): Measurement of Credit"
7,"Losses on Financial Instruments, which adds a new Topic 326 and removes the thresholds that companies apply to"
8,"measure credit losses on financial instruments measured at amortized cost, such as loans, receivables, and held-to maturity"
9,"debt securities. Under current U.S. GAAP, entities generally recognize credit losses when it is probable that the loss has"
10,been incurred. The revised guidance will remove all recognition thresholds and will require entities to recognize an
11,allowance for credit losses for the difference between the amortized cost basis of a financial instrument and the amount of
12,"amortized cost that the entity expects to collect over the instrument’s contractual life. Subsequently, the FASB issued ASU"
13,"2018-19, Codification Improvements to Topic 326, to clarify that receivables arising from operating leases are within the"
14,scope of lease accounting standards.
15,
16,"In November 2019, the FASB issued ASU 2019-10, Financial Instruments – Credit Losses (Topic 326), Derivatives and"
17,"Hedging (Topic 815) and Leases (Topic 842): Effective Dates, which allows a two-bucket approach for determining the"
18,"effective dates of these accounting standards. Under this approach, the buckets would be defined as follows:"
19,
20,"Bucket 1— All public business entities (“PBEs”) that are SEC filers (as defined in U.S. GAAP), excluding smaller"
21,"reporting companies (“SRCs”) (as defined by the SEC). The credit losses standard would be effective January 1,"
22,2020.
23,
24,"Bucket 2— All other entities, including SRCs, other PBEs that are not SEC filers, private companies, not-for-profit"
25,"organizations, and employee benefit plans. The credit losses standard would be effective January 1, 2023."
26,
27,"At the annual evaluation date on June 30, 2019, the Company met the SEC definition of a smaller reporting company."
28,"Accordingly, the Company plans on adopting the credit losses standard on January 1, 2023."
29,
30,"In December 2019, the FASB issued ASU 2019-12, Income Taxes (Topic 740): Simplifying the Accounting for Income"
