,Unnamed: 0,Unnamed: 1,Carrying,Unnamed: 2,Unnamed: 3,Fair Value,Unnamed: 4
0,,,Value,,Level 1,,Level 2
1,"December 31, 2019:",,,,,,
2,Assets,,,,,,
3,Cash (1),$,"41,677",$,"41,677",$,—
4,Total,$,"41,677",$,"41,677",$,—
5,Liabilities,,,,,,
6,"Term loan agreement, due 2023",$,"291,994",$,,— $,"299,974"
7,"Term loan agreements, due 2024",,"48,289",,,—,"49,015"
8,"Term loan agreement, due 2026",,"27,075",,,—,"27,359"
9,Unsecured senior notes,,689,,,—,722
10,Total,$,"368,047",$,,— $,"377,070"
