,2020 $,"6,387"
0,2021,"4,558"
1,2022,"3,259"
2,2023,"3,235"
3,2024,"2,619"
4,Thereafter,"1,977"
5,Total lease payments,"22,035"
6,Less: imputed interest (1),"(2,776"
7,Present value of lease liabilities $,"19,259"
8,Less: current obligations under leases (accrued liabilities),"5,845"
9,Noncurrent operating lease liabilities $,"13,414"
10,,
11,(1) Calculated using the interest rate for each lease.,
12,"Note: Future minimum lease payments exclude short-term leases as well as payments to landlords for variable common area maintenance, insurance and real",
13,estate taxes.,
14,"As of December 31, 2018, future minimum lease payments were as follows (in thousands):",
15,,Operating Leases
16,2019 $,"6,341"
17,2020,"5,292"
18,2021,"3,441"
19,2022,"3,047"
20,2023,"3,142"
21,Thereafter,"3,518"
22,$,"24,781"
