,Unnamed: 0,Unnamed: 1,2019,Unnamed: 2,2018 (2) 2017,2016 (1),Unnamed: 3,Unnamed: 4,2015
0,,,,,"(in thousands, except per share data)",,,,
1,Consolidated statements of operations data,,,,,,,,
2,Revenue,$,"280,067",$,"406,133 $ 373,732","$ 259,565",,$,"273,300"
3,Total operating expenses,$,"348,775",$,"382,153 $ 405,232","$ 170,177",,$,"111,098"
4,Operating income (loss),$,"(68,708)",$,"23,980 $ (31,500)","$ 89,388",,$,"162,202"
5,Net income (loss),$,"(64,033)",$,"(1,763) $ (56,558)","$ 56,089",,$,"117,016"
6,Net income (loss) attributable to Xperi (3),$,"(62,530)",$,"(289) $ (56,558)","$ 56,089",,$,"117,016"
7,Income (loss) per share attributable to Xperi:,,,,,,,,
8,Basic (4),$,(1.27),$,(0.01) $ (1.15),$ 1.14,,$,2.26
9,Diluted (4),$,(1.27),$,(0.01) $ (1.15),$ 1.12,,$,2.23
10,Cash dividends declared per share,$,0.80,$,0.80 $,0.80 $ 0.80,,$,0.80
11,Weighted average number of shares used in per share calculation-basic,,,,,,,,
12,(4),,"49,120",,"48,823 49,251","49,187",,,"51,802"
13,Weighted average number of shares used in per share calculation-diluted,,,,,,,,
14,(4),,"49,120",,"48,823 49,251","50,190",,,"52,586"
15,,,,,,,,,
16,,,,,"Years Ended December 31,",,,,
17,,,2019,,2018 2017,2016,,,2015
18,,,,,(in thousands),,,,
19,Consolidated statements of cash flows data:,,,,,,,,
20,Net cash provided by operating activities (5),$,"169,253",$,"135,133 $ 147,265","$ 153,860",,$,"147,276"
21,,,,,,,,,
22,,,,,"December 31,",,,,
23,,,2019,,2018 2017,2016,,,2015
24,,,,,(in thousands),,,,
25,Consolidated balance sheets data:,,,,,,,,
26,"Cash, cash equivalents and short-term investments",$,"121,477",$,"154,364 $ 200,692","$ 113,005",,$,"381,744"
27,Working capital,$,"233,096",$,"343,378 $ 148,695","$ 148,924",,$,"390,880"
28,Total assets,$,"1,047,945",$,"1,235,107 $ 1,110,024","$ 1,186,436",,$,"539,352"
29,Debt (6),$,"344,000",$,"494,000 $ 594,000","$ 600,000",,$,—
30,Total Xperi stockholders’ equity,$,"547,911",$,"619,442 $ 435,576","$ 507,785",,$,"515,157"
