,Unnamed: 0,Average,Unnamed: 1,Unnamed: 2,Unnamed: 3,Unnamed: 4,Unnamed: 5,Unnamed: 6,Unnamed: 7,Unnamed: 8,Unnamed: 9,Unnamed: 10
0,,Life,,Gross,Accumulated,,,,Gross,Accumulated,,
1,,(Years),,Assets,Amortization,,Net,,Assets,Amortization,,Net
2,Acquired patents / core technology,3-15,$,"151,184","$ (135,952)",$,"15,232",$,"146,684","$ (128,691)",$,"17,993"
3,Existing technology,5-10,,"206,878","(130,890)",,"75,988",,"206,878","(96,089)",,"110,789"
4,Customer contracts and related relationships,3-9,,"291,769","(174,741)",,"117,028",,"291,769","(121,831)",,"169,938"
5,Trademarks/trade name,4-10,,"40,083","(16,056)",,"24,027",,"40,083","(11,083)",,"29,000"
6,Non-competition agreements,1,,"2,231","(2,231)",,—,,"2,231","(2,231)",,—
7,Total intangible assets,,$,"692,145","$ (459,870)",$,"232,275",$,"687,645","$ (359,925)",$,"327,720"
