,2.1*,"Agreement and Plan of Merger and Reorganization, dated December 18, 2019, by and among the Registrant, TiVo Corporation, XRAY Merger"
0,,"Sub Corporation, TWOLF Merger Sub Corporation and XRAY-TWOLF HoldCo Corporation (filed as Exhibit 2.1 to the Registrant’s Current"
1,,"Report on Form 8-K, filed December 24, 2019, and incorporated herein by reference)"
2,3.1,"Restated Certificate of Incorporation (filed as Exhibit 3.1 to the Registrant’s Current Report on Form 8-K, filed December 1, 2016, and"
3,,incorporated herein by reference)
4,3.2,"Certificate of Amendment of the Restated Certificate of Incorporation dated as of February 22, 2017 (filed as Exhibit 3.1 to the Registrant’s"
5,,"Current Report on Form 8-K, filed February 27, 2017, and incorporated herein by reference)"
6,3.3,"Amended and Restated Bylaws, dated December 1, 2016 (filed as Exhibit 3.2 to the Registrant’s Current Report on Form 8-K, filed December 1,"
7,,"2016, and incorporated herein by reference)"
8,3.4,"Amendment to the Amended and Restated Bylaws, dated as of December 6, 2016 (filed as Exhibit 3.1 to the Registrant’s Current Report on Form"
9,,"8-K, filed December 7, 2016, and incorporated herein by reference)"
10,3.5,"Amendment to the Amended and Restated Bylaws, dated as of April 27, 2017 (filed as Exhibit 3.1 to the Registrant’s Current Report on Form 8-K,"
11,,"filed May 3, 2017, and incorporated herein by reference)"
12,3.6,"Amendment to the Amended and Restated Bylaws, effective as of February 1, 2018 (filed as Exhibit 3.1 to the Registrant’s Current Report on"
13,,"Form 8-K, filed February 7, 2018, and incorporated herein by reference)"
14,3.7,"Amendment to the Amended and Restated Bylaws, effective as of April 27, 2018 (filed as Exhibit 3.1 to the Registrant’s Current Report on Form"
15,,"8-K, filed May 3, 2018, and incorporated herein by reference)"
16,3.8,"Amendment to the Amended and Restated Bylaws, effective as of December 15, 2018 (filed as Exhibit 3.1 to the Registrant’s Current Report on"
17,,"Form 8-K, filed October 30, 2018, and incorporated herein by reference)"
18,10.1,Form of Indemnification Agreement between the Registrant and each of its directors and executive officers (filed as Exhibit 10.1 to the
19,,"Registrant’s Current Report on Form 8-K, filed December 7, 2016, and incorporated herein by reference)"
20,10.2+,"2017 Performance Bonus Plan for Executive Officers and Key Employees (filed as Appendix A to the Registrant’s Definitive Proxy Statement,"
21,,"filed on March 15, 2017 and incorporated herein by reference)"
22,10.3+,"Employee Stock Purchase Plan, as amended and restated effective July 31, 2013 (filed as Appendix B to the Definitive Proxy Statement of the"
23,,"Predecessor Registrant, filed April 16, 2013, and incorporated herein by reference)"
24,10.4+,"Second Amended and Restated International Employee Stock Purchase Plan (filed as Appendix A to the Registrant’s Definitive Proxy Statement,"
25,,"filed March 20, 2019, and incorporated herein by reference)"
26,10.5+,"Sixth Amended and Restated 2003 Equity Incentive Plan (filed as Appendix A to the Predecessor Registrant’s Definitive Proxy Statement, filed"
27,,"March 18, 2015, and incorporated herein by reference)"
28,10.6+,First Amendment to Sixth Amended and Restated 2003 Equity Incentive Plan (filed as Exhibit 10.1 to the Predecessor Registrant’s Quarterly
29,,"Report on Form 10-Q, filed May 2, 2016, and incorporated herein by reference)"
30,10.7+,"Form of Stock Option Agreement for the Tessera Technologies, Inc. Fourth Amended and Restated 2003 Equity Incentive Plan (filed as Exhibit"
31,,"10.2 to the Predecessor Registrant’s Registration Statement on Form S-8, filed June 13, 2008, and incorporated herein by reference)"
32,10.8+,"Form of Stock Option Agreement for the Tessera Technologies, Inc. Fifth Amended and Restated 2003 Equity Incentive Plan (filed as Exhibit 10.2"
33,,"to the Predecessor Registrant’s Registration Statement on Form S-8, filed August 6, 2010, and incorporated herein by reference)"
34,10.9+,"Form of Stock Option Agreement (Board) for the Tessera Technologies, Inc. Fifth Amended and Restated 2003 Equity Incentive Plan (filed as"
35,,"Exhibit 10.3 to the Predecessor Registrant’s Registration Statement on Form S-8, filed August 6, 2010, and incorporated herein by reference)"
36,10.10+,"Form of Stock Option Agreement (Romania) for the Tessera Technologies, Inc. Fifth Amended and Restated 2003 Equity Incentive Plan (filed as"
37,,"Exhibit 10.4 to the Predecessor Registrant’s Registration Statement on Form S-8, filed August 6, 2010, and incorporated herein by reference)"
