,Unnamed: 0,Unnamed: 1,Unnamed: 2,Unnamed: 3,Unnamed: 4,Accumulated,Unnamed: 5,Unnamed: 6,Unnamed: 7,Unnamed: 8
0,,,,Additional,,Other,,,,
1,,Common Stock,,Paid-In,Treasury Stock,Comprehensive,,Retained,Noncontrolling,
2,,Shares Amount,,Capital,Shares Amount,Income (Loss),,Earnings,Interest,Total Equity
3,"Balance at December 31, 2016","48,854 $",59,"$ 644,194","10,742 $ (300,114)",$ (148),$,"163,794",$ —,"$ 507,785"
4,Cumulative-effect adjustment from adoption of,,,,,,,,,
5,ASU 2016-09,—,—,—,— —,—,,829,—,829
6,Net loss,—,—,—,— —,-,,"(56,558)",—,"(56,558)"
7,"Other comprehensive loss, net of tax",—,—,—,— —,(155),,-,—,(155)
8,Cash dividends paid on common stock ($0.80,,,,,,,,,
9,per share),-,—,-,— —,—,,"(39,509)",—,"(39,509)"
10,Issuance of common stock in connection with,,,,,,,,,
11,exercise of stock options,180,—,"4,872",— —,—,,—,—,"4,872"
12,Issuance of common stock in connection with,,,,,,,,,
13,employee stock purchase plan,164,—,"4,132",- -,—,,—,—,"4,132"
14,"Issuance of restricted stock, net of shares",,,,,,,,,
15,canceled,668,1,—,- -,—,,—,—,1
16,"Repurchases of common stock, shares",,,,,,,,,
17,exchanged,(109),—,—,"109 (3,944)",—,,—,—,"(3,944)"
18,Repurchases of common stock,(654),—,-,"654 (15,339)",—,,—,—,"(15,339)"
19,Stock-based compensation expense,—,—,"33,462",— —,—,,—,—,"33,462"
20,"Balance at December 31, 2017","49,103 $",60,"$ 686,660","11,505 $ (319,397)",$ (303),$,"68,556",$ —,"$ 435,576"
21,Cumulative-effect adjustment from adoption of,,,,,,,,,
22,ASU 2014-09,—,—,—,— —,—,,"224,128",—,"224,128"
23,Issuance of subsidiary shares to noncontrolling,,,,,,,,,
24,interest,—,—,(179),— —,—,,—,179,-
25,Net loss,—,—,—,— —,—,,(289),"(1,474)","(1,763)"
26,"Other comprehensive loss, net of tax",—,—,—,— —,(25),,—,—,(25)
27,Cash dividends paid on common stock ($0.80,,,,,,,,,
28,per share),-,—,-,— —,—,,"(39,187)",—,"(39,187)"
29,Issuance of common stock in connection with,,,,,,,,,
30,exercise of stock options,427,1,"8,007",— —,—,,—,—,"8,008"
31,Issuance of common stock in connection with,,,,,,,,,
32,employee stock purchase plan,306,—,"5,196",— —,—,,—,—,"5,196"
33,"Issuance of restricted stock, net of shares",,,,,,,,,
34,canceled,871,1,—,— —,—,,—,—,1
35,"Repurchases of common stock, shares",,,,,,,,,
36,exchanged,(162),—,—,"162 (3,429)",—,,—,—,"(3,429)"
37,Repurchases of common stock,"(2,137)",—,—,"2,137 (41,369)",—,,—,—,"(41,369)"
38,Stock-based compensation expense,—,—,"31,011",— —,—,,—,—,"31,011"
39,"Balance at December 31, 2018","48,408 $",62,"$ 730,695","13,804 $ (364,195)",$ (328),$,"253,208","$ (1,295)","$ 618,147"
40,Issuance of subsidiary shares to noncontrolling,,,,,,,,,
41,interest,—,—,13,— —,—,,—,(13),—
42,Net loss,—,—,—,— —,—,,"(62,530)","(1,503)","(64,033)"
43,"Other comprehensive income, net of tax",—,—,—,— —,275,,—,—,275
44,Other (1),—,—,—,— —,—,,"(2,859)",—,"(2,859)"
45,Cash dividends paid on common stock ($0.80,,,,,,,,,
46,per share),—,—,—,— —,—,,"(39,502)",—,"(39,502)"
47,Issuance of common stock in connection with,,,,,,,,,
48,exercise of stock options,42,—,694,— —,—,,—,—,694
49,Issuance of common stock in connection with,,,,,,,,,
50,employee stock purchase plan,386,1,"5,328",— —,—,,—,—,"5,329"
51,"Issuance of restricted stock, net of shares",,,,,,,,,
52,canceled,982,1,—,— —,—,,—,—,1
53,"Repurchases of common stock, shares",,,,,,,,,
54,exchanged,(198),—,—,"198 (4,506)",—,,—,—,"(4,506)"
55,Stock-based compensation expense,—,—,"31,554",— —,—,,—,—,"31,554"
56,"Balance at December 31, 2019","49,620 $",64,"$ 768,284","14,002 $ (368,701)",$ (53),$,"148,317","$ (2,811)","$ 545,100"
