,Unnamed: 0,"Mar 31,",Unnamed: 1,"Jun 30,",Unnamed: 2,"Sep 30,",Unnamed: 3,"Dec 31, Mar 31,",Unnamed: 4,Unnamed: 5,"Jun 30,.1",Unnamed: 6,"Sep 30,.1",Unnamed: 7,"Dec 31,"
0,,2018,,2018,,2018,,2018 2019,,,2019,,2019,,2019
1,,,,,,,,(in thousands),,,,,,,
2,GAAP operating expenses,"$ 98,023",$,"91,560",$,"92,126",$,"100,444 $ 86,564",,$,"83,431",$,"83,394",$,"95,386"
3,Adjustments to non-GAAP operating expenses:,,,,,,,,,,,,,,
4,Stock-based compensation expense:,,,,,,,,,,,,,,
5,"Research, development and other related costs","(3,094)",,"(3,344)",,"(3,252)",,"(3,478) (3,603)",,,"(3,146)",,"(3,544)",,"(4,350)"
6,"Selling, general and administrative","(4,314)",,"(3,875)",,"(4,201)",,"(5,453) (4,020)",,,"(4,075)",,"(4,444)",,"(4,372)"
7,Amortization of acquired intangibles,"(27,166)",,"(27,199)",,"(27,208)",,"(26,877) (25,459)",,,"(25,314)",,"(25,146)",,"(24,027)"
8,M&A transaction costs,—,,—,,—,,— —,,,—,,—,,"(4,636)"
9,Post acquisition retention bonus to DTS employees:,,,,,,,,,,,,,,
10,"Research, development and other related costs",(41),,(18),,—,,— —,,,—,,—,,—
11,"Selling, general and administrative","(1,439)",,"(1,013)",,—,,— —,,,—,,—,,—
12,Non-GAAP operating expenses,"$ 61,969",$,"56,111",$,"57,465",$,"64,636 $ 53,482",,$,"50,896",$,"50,260",$,"58,001"
13,,,,,,,,,,,,,,,
14,,,,,,,,Three Months Ended,,,,,,,
15,,"Mar 31,","Jun 30,",,"Sep 30,",,"Dec 31,","Mar 31,",,,"Jun 30,",,"Sep 30,",,"Dec 31,"
16,,2018,,2018,,2018,,2018 2019,,,2019,,2019,,2019
17,,,,,,,,(in thousands),,,,,,,
18,"GAAP other income and expense, net","$ 3,154",$,"2,229",$,"1,737",$,"1,475 $ 2,302",,$,"4,806",$,429,$,"1,491"
19,"Adjustments to non-GAAP other income and expense, net:",,,,,,,,,,,,,,
20,Interest income from significant financing components,,,,,,,,,,,,,,
21,under Topic 606,"(2,151)",,"(2,148)",,"(1,576)",,"(1,797) (1,866)",,,"(1,854)",,(906),,"(1,136)"
22,Realized and unrealized loss (gain) on marketable,,,,,,,,,,,,,,
23,equity securities,—,,—,,566,,"1,651 410",,,"(2,032)",,"1,060",,552
24,"Non-GAAP other income and expense, net","$ 1,003",$,81,$,727,$,"1,329 $ 846",,$,920,$,583,$,907
