,Unnamed: 0,Unnamed: 1,2019,2018,Unnamed: 2,Unnamed: 3,2017
0,Revenue:,,,,,,
1,Product licensing segment,$,"198,124 $","219,708",,$,"167,923"
2,Semiconductor and IP licensing segment,,"81,943","186,425",,,"205,809"
3,Total revenue,,"280,067","406,133",,,"373,732"
4,Operating expenses:,,,,,,
5,Product licensing segment,,"181,804","180,727",,,"172,745"
6,Semiconductor and IP licensing segment,,"44,074","73,519",,,"87,838"
7,Unallocated operating expenses (1),,"122,897","127,907",,,"144,649"
8,Total operating expenses,,"348,775","382,153",,,"405,232"
9,Operating income (loss):,,,,,,
10,Product licensing segment,,"16,320","38,981",,,"(4,822)"
11,Semiconductor and IP licensing segment,,"37,869","112,906",,,"117,971"
12,Unallocated operating expenses (1),,"(122,897)","(127,907)",,,"(144,649)"
13,Total operating income (loss),$,"(68,708) $","23,980",,$,"(31,500)"
14,"(1) Unallocated operating expenses consist primarily of selling, general and administrative expenses, such as administration, human resources, finance, information",,,,,,
15,"technology, corporate development and procurement. These expenses are not allocated because these amounts are not considered in evaluating the operating",,,,,,
16,performance of our business segments.,,,,,,
17,"For the year ended December 31, 2019, the unallocated expenses were $122.9 million compared to $127.9 million for the year ended December 31, 2018. The",,,,,,
18,"decrease of $5.0 million was primarily attributable to a $6.8 million decrease in personnel and retention bonus expenses, a $1.1 million decrease in stock-based",,,,,,
19,"compensation, and a $1.1 million decrease in bank fees due to debt modification and repricing activities in the first quarter of 2018, partially offset by $4.6 million",,,,,,
20,transaction costs related to the planned TiVo merger in 2019.,,,,,,
21,The revenue and operating income amounts in this section have been presented on a basis consistent with GAAP applied at the segment level. Of our $385.8,,,,,,
22,"million in goodwill at December 31, 2019, approximately $378.1 million is allocated to our Product Licensing segment and approximately $7.7 million is allocated",,,,,,
23,to our Semiconductor and IP Licensing segment.,,,,,,
24,Product Licensing Segment,,,,,,
25,,,"Years Ended December 31,",,,,
26,,,2019,2018,,,2017
27,,,,(in thousands),,,
28,Revenue:,,,,,,
29,Royalty and license fees,$,"198,124 $","219,708",,$,"167,923"
30,Total revenue,,"198,124","219,708",,,"167,923"
31,Operating expenses:,,,,,,
32,Cost of revenues,,"8,460","13,291",,,"6,308"
33,"Research, development and other related costs",,"83,613","78,892",,,"75,809"
