,Unnamed: 0,Unnamed: 1,2019,Unnamed: 2,2018,Unnamed: 3,Unnamed: 4
0,"Equipment, furniture and other",$,"32,504",$,,,"28,798"
1,Building and improvements,,"18,258",,,,"18,258"
2,Land,,"5,300",,,,"5,300"
3,Leasehold improvements,,"8,103",,,,"6,367"
4,,,"64,165",,,,"58,723"
5,Less: Accumulated depreciation and amortization,,"(31,288)",,,,"(27,686)"
6,,$,"32,877",$,,,"31,037"
7,,,,,,,
8,"Depreciation and amortization expense for the years ended December 31, 2019, 2018 and 2017 amounted to $6.7 million, $6.7 million and $7.2 million,",,,,,,
9,respectively.,,,,,,
10,Other assets consisted of the following (in thousands):,,,,,,
11,,,"December 31,",,,,
12,,,2019,,2018.0,,
13,Non-current income tax receivable (1),$,"64,570",$,,,—
14,Other assets,,"3,106",,,,"3,081"
15,,$,"67,676",$,,,"3,081"
16,,,,,,,
17,(1) See “Note 14 - Income Taxes” for detailed information concerning the year-over-year changes.,,,,,,
18,Accrued liabilities consisted of the following (in thousands):,,,,,,
19,,,"December 31,",,,,
20,,,2019,,2018.0,,
21,Employee compensation and benefits,$,"18,404",$,,,"26,858"
22,Third-party royalties,,"6,165",,,,"7,140"
23,Accrued expenses,,"7,930",,,,"3,994"
24,Current portion of operating lease liabilities,,"5,845",,,,—
25,Other,,"3,089",,,,"7,344"
26,,$,"41,433",$,,,"45,336"
27,,,,,,,
28,Other long-term liabilities consisted of the following (in thousands):,,,,,,
29,,,"December 31,",,,,
30,,,2019,,2018.0,,
31,Long-term income tax payable (1),$,"76,767",$,,,"15,493"
32,Other,,131,,,,130
33,,$,"76,898",$,,,"15,623"
34,,,,,,,
35,(1) See “Note 14 - Income Taxes” for detailed information concerning the year-over-year changes.,,,,,,
36,Accumulated other comprehensive loss consisted of the following (in thousands):,,,,,,
37,,,"December 31,",,,,
38,,,2019,,2018.0,,
39,"Net unrealized loss on available-for-sale debt securities, net of tax",$,(53),$,,,(328)
40,,$,(53),$,,,(328)
