,Unnamed: 0,Unnamed: 1,2019,Unnamed: 2,Unnamed: 3,2018
0,ASSETS,,,,,
1,Current assets:,,,,,
2,Cash and cash equivalents,$,"74,551",,$,"113,625"
3,Short-term investments,,"46,926",,,"40,739"
4,"Accounts receivable, net of allowance for doubtful accounts of $566 and $779 respectively",,"24,177",,,"30,294"
5,Unbilled contracts receivable,,"121,826",,,"195,436"
6,Other current assets,,"13,735",,,"17,434"
7,Total current assets,,"281,215",,,"397,528"
8,Long-term unbilled contracts receivable,,"26,672",,,"86,280"
9,"Property and equipment, net",,"32,877",,,"31,037"
10,Operating lease right-of-use assets,,"17,786",,,—
11,"Intangible assets, net",,"232,275",,,"327,720"
12,Long-term deferred tax assets,,"3,660",,,"3,677"
13,Goodwill,,"385,784",,,"385,784"
14,Other assets,,"67,676",,,"3,081"
15,Total assets,$,"1,047,945",,$,"1,235,107"
16,LIABILITIES AND EQUITY,,,,,
17,Current liabilities:,,,,,
18,Accounts payable,$,"4,650",,$,"2,764"
19,Accrued legal fees,,"1,316",,,"2,920"
20,Accrued liabilities,,"41,433",,,"45,336"
21,Current portion of long-term debt,,—,,,—
22,Deferred revenue,,720,,,"3,130"
23,Total current liabilities,,"48,119",,,"54,150"
24,Long-term deferred tax liabilities,,"29,735",,,"64,994"
25,"Long-term debt, net",,"334,679",,,"482,193"
26,Noncurrent operating lease liabilities,,"13,414",,,—
27,Other long-term liabilities,,"76,898",,,"15,623"
28,Total liabilities,,"502,845",,,"616,960"
29,Commitments and contingencies (Note 15),,,,,
30,Xperi stockholders’ equity:,,,,,
31,"Preferred stock: $0.001 par value; 10,000 shares authorized and no shares issued and outstanding",,—,,,—
32,"Common stock: $0.001 par value; 150,000 shares authorized; 63,622 and 62,212 shares issued,",,,,,
33,"respectively, and 49,620 and 48,408 shares outstanding, respectively",,64,,,62
34,Additional paid-in capital,,"768,284",,,"730,695"
35,"Treasury stock at cost; 14,002 and 13,804 shares of common stock at each period end, respectively",,"(368,701)",,,"(364,195)"
36,Accumulated other comprehensive loss,,(53),,,(328)
37,Retained earnings,,"148,317",,,"253,208"
38,Total Xperi stockholders’ equity,,"547,911",,,"619,442"
39,Noncontrolling interest,,"(2,811)",,,"(1,295)"
40,Total equity,,"545,100",,,"618,147"
41,Total liabilities and equity,$,"1,047,945",,$,"1,235,107"
