,Unnamed: 0,Unnamed: 1,2019,2018,Unnamed: 2,2017
0,U.S.,$,"(53,346) $","16,684",$,8
1,Foreign,,"(29,711)","(9,774)",,"(58,351)"
2,Total income (loss) before taxes from continuing operations,$,"(83,057) $","6,910",$,"(58,343)"
3,The provision for (benefit from) income taxes consisted of the following (in thousands):,,,,,
4,,,"Years Ended December 31,",,,
5,,,2019,2018,,2017
6,Current:,,,,,
7,U.S. federal,$,"68,772 $",290,$,(79)
8,Foreign,,"(42,147)","22,668",,"16,871"
9,State and local,,94,10,,77
10,Total current,,"26,719","22,968",,"16,869"
11,Deferred:,,,,,
12,U.S. federal,,"(41,826)","(10,766)",,"(8,390)"
13,Foreign,,"(4,145)","(3,191)",,"(10,463)"
14,State and local,,228,(338),,199
15,Total deferred,,"(45,743)","(14,295)",,"(18,654)"
16,Provision for (benefit from) income taxes,$,"(19,024) $","8,673",$,"(1,785)"
17,Deferred income taxes reflect the net tax effects of temporary differences between the carrying amount of assets and liabilities for financial reporting purposes and,,,,,
18,the amounts for income tax purposes.,,,,,
19,Significant components of the Company’s deferred tax assets and liabilities are as follows (in thousands):,,,,,
20,,,,"December 31,",,
21,,,,2019,,2018
22,Deferred tax assets,,,,,
23,Net operating losses,,$,"10,142 $",,"10,368"
24,Research tax credits,,,"13,475",,"14,717"
25,Foreign tax credits,,,—,,"27,092"
26,Expenses not currently deductible,,,"14,640",,"14,623"
27,Basis difference in fixed and intangible assets,,,"3,593",,"3,494"
28,Capitalized research expenses,,,"23,785",,"8,965"
29,Gross deferred tax assets,,,"65,635",,"79,259"
30,Valuation allowance,,,"(37,243)",,"(41,942)"
