,Unnamed: 0,2019,Unnamed: 1,2018,Unnamed: 2,2017,Unnamed: 3
0,Revenue:,,,,,,
1,Royalty and license fees,,100%,,100%,,100
2,Total revenue,,100,,100,,100
3,Operating expenses:,,,,,,
4,Cost of revenue,,3,,3,,1
5,"Research, development and other related costs",,40,,26,,28
6,"Selling, general and administrative",,44,,32,,39
7,Amortization expense,,36,,27,,30
8,Litigation expense,,2,,6,,10
9,Total operating expenses,,125,,94,,108
10,Operating income (loss) from continuing operations,,(25),,6,,(8)
11,Interest expense,,(8),,(6),,(8)
12,"Other income and expense, net",,3,,2,,—
13,Income (loss) before taxes,,(30),,2,,(16)
14,Provision for (benefit from) income taxes,,(7),,2,,(1)
15,Net loss,,(23)%,,(0)%,,(15)
