,"Balance at December 31, 2016","1,696",384,"2,080",$,33.91
0,Awards and units granted,"1,049",919,"1,968",$,32.6
1,Awards and units vested / earned,(581),(94),(675),$,33.7
2,Awards and units canceled / forfeited,(150),(90),(240),$,31.07
3,"Balance at December 31, 2017","2,014","1,119","3,133",$,33.35
4,Awards and units granted,"1,087",44,"1,131",$,21.85
5,Awards and units vested / earned,(695),(176),(871),$,34.84
6,Awards and units canceled / forfeited,(257),(230),(487),$,29.35
7,"Balance at December 31, 2018","2,149",757,"2,906",$,29.1
8,Awards and units granted,"1,266",4,"1,270",$,22.79
9,Awards and units vested / earned,(865),(118),(983),$,30.62
10,Awards and units canceled / forfeited,(179),(89),(268),$,27.53
11,"Balance at December 31, 2019","2,371",554,"2,925",$,25.99
