,"Balance at December 31, 2016 1,332",$,24.41,Unnamed: 0,Unnamed: 1,Unnamed: 2
0,Options granted 70,$,22.45,,,
1,Options exercised (180),$,23.04,,,
2,Options canceled / forfeited / expired (50),$,34.73,,,
3,"Balance at December 31, 2017 1,172",$,24.06,,,
4,Options granted —,$,—,,,
5,Options exercised (427),$,18.75,,,
6,Options canceled / forfeited / expired (67),$,34.43,,,
7,"Balance at December 31, 2018 678",$,26.39,,,
8,Options granted —,$,—,,,
9,Options exercised (42),$,16.66,,,
10,Options canceled / forfeited / expired (31),$,33.61,,,
11,"Balance at December 31, 2019 605",$,26.68,3.78,$,130
12,"Vested and expected to vest at December 31, 2019 601",,,3.77,$,130
13,"Exercisable at December 31, 2019 560",,,3.49,$,130
14,,,,,,
15,"The following table summarizes information about stock options outstanding and exercisable under all of the Company’s plans at December 31, 2019:",,,,,
16,Options Outstanding,,,Options Exercisable,,
17,Weighted,,,,,
18,Average,Weighted,,,,Weighted
19,Number Remaining,Average,,Number,,Average
20,Range of Exercise Outstanding Contractual Exercise Price,,,Exercisable,,Exercise Price
21,Prices per Share (in thousands) Life (in years),per Share,,(in thousands),,per Share
22,$12.52 - $19.24 127 3.44 $,,17.86,127,$,17.86
23,$19.34 - $20.43 139 3.65 $,,19.92,139,$,19.92
24,$20.63 - $22.45 122 5.76 $,,22.16,87,$,22.05
25,$22.52 - $38.65 97 5.20 $,,32.30,87,$,33.39
26,$43.77 - $43.77 120 1.13 $,,43.77,120,$,43.77
27,$12.52 - $43.77 605 3.78 $,,26.68,560,$,26.97
