,Deferred income tax asset:,Unnamed: 0,Unnamed: 1,Unnamed: 2,Unnamed: 3,Unnamed: 4,Unnamed: 5,Unnamed: 6,Unnamed: 7
0,Valuation allowance,,,,,,,,
1,2017,"$ 12,847",,$,"13,925",$,,"5,260","$ 32,032"
2,2018,"$ 32,032",,$,"2,794",$,,"7,116","$ 41,942"
3,2019,"$ 41,942",,$,"(4,699)",$,,—,"$ 37,243"
4,,,,,,,,,
5,,,,,Charged,,Charged,,
6,,Balance at,,,(Credited) to,,(Credited) to,,Balance at End of
7,,Beginning of Year,,,Expenses,,Other Accounts,,Year
8,Accounts receivable:,,,,,,,,
9,Allowance for doubtful accounts,,,,,,,,
10,2017,$ —,,$,"2,404",$,,"(1,223)","$ 1,181"
11,2018,"$ 1,181",,$,417,$,,(819),$ 779
12,2019,$ 779,,$,(74),$,,(139),$ 566
