,Unnamed: 0,"as Exhibit 10.2 to the Predecessor Registrant’s Quarterly Report on Form 10-Q, filed November 4, 2010, and incorporated herein by reference)"
0,10.12+,"Form of Stock Option Agreement for the Tessera Technologies, Inc. Sixth Amended and Restated 2003 Equity Incentive Plan (filed as Exhibit"
1,,"10.2 to the Predecessor Registrant’s Quarterly Report on Form 10-Q, filed August 5, 2015, and incorporated herein by reference)"
2,10.13+,"Form of Restricted Stock Agreement for the Tessera Technologies, Inc. Fourth Amended and Restated 2003 Equity Incentive Plan (filed as Exhibi"
3,,"10.3 to the Predecessor Registrant’s Registration Statement on Form S-8, filed June 13, 2008, and incorporated herein by reference)"
4,10.14+,"Form of Restricted Stock Agreement for the Tessera Technologies, Inc. Fifth Amended and Restated 2003 Equity Incentive Plan (filed as Exhibit"
5,,"10.5 to the Predecessor Registrant’s Registration Statement on Form S-8, filed August 6, 2010, and incorporated herein by reference)"
6,10.15+,"Form of Restricted Stock Agreement (Israel) for the Tessera Technologies, Inc. Fifth Amended and Restated 2003 Equity Incentive Plan (filed as"
7,,"Exhibit 10.6 to the Predecessor Registrant’s Registration Statement on Form S-8, filed August 6, 2010, and incorporated herein by reference)"
8,10.16+,"Form of Restricted Stock Agreement (Romania) for the Tessera Technologies, Inc. Fifth Amended and Restated 2003 Equity Incentive Plan (filed"
9,,"as Exhibit 10.7 to the Predecessor Registrant’s Registration Statement on Form S-8, filed August 6, 2010, and incorporated herein by reference)"
10,10.17+,"Form of Restricted Stock Agreement for the Tessera Technologies, Inc. Sixth Amended and Restated 2003 Equity Incentive Plan (filed as Exhibit"
11,,"10.3 to the Predecessor Registrant’s Quarterly Report on Form 10-Q, filed August 5, 2015, and incorporated herein by reference)"
12,10.18+,"Form of Deferred Stock Agreement for the Tessera Technologies, Inc. Fourth Amended and Restated 2003 Equity Incentive Plan (filed as Exhibit"
13,,"10.4 to the Predecessor Registrant’s Registration Statement on Form S-8, filed June 13, 2008, and incorporated herein by reference)"
14,10.19+,"Form of Deferred Stock Agreement for the Tessera Technologies, Inc. Fifth Amended and Restated 2003 Equity Incentive Plan (filed as Exhibit"
15,,"10.8 to the Predecessor Registrant’s Registration Statement on Form S-8, filed August 6, 2010, and incorporated herein by reference)"
16,10.20+,"Form of Deferred Stock Agreement (Performance Vesting) for the Tessera Technologies, Inc. Fifth Amended and Restated 2003 Equity Incentive"
17,,"Plan (filed as Exhibit 10.9 to the Predecessor Registrant’s Registration Statement on Form S-8, filed August 6, 2010, and incorporated herein by"
18,,reference)
19,10.21+,"Form of Deferred Stock Agreement (Ireland) for the Tessera Technologies, Inc. Fifth Amended and Restated 2003 Equity Incentive Plan (filed as"
20,,"Exhibit 10.10 to the Predecessor Registrant’s Registration Statement on Form S-8, filed August 6, 2010, and incorporated herein by reference)"
21,10.22+,"Form of Deferred Stock Agreement (Israel) for the Tessera Technologies, Inc. Fifth Amended and Restated 2003 Equity Incentive Plan (filed as"
22,,"Exhibit 10.11 to the Predecessor Registrant’s Registration Statement on Form S-8, filed August 6, 2010, and incorporated herein by reference)"
23,10.23+,"Form of Deferred Stock Agreement (International) for the Tessera Technologies, Inc. Fifth Amended and Restated 2003 Equity Incentive Plan"
24,,"(filed as Exhibit 10.1 to the Predecessor Registrant’s Quarterly Report on Form 10-Q, filed November 4, 2010, and incorporated herein by"
25,,reference)
26,10.24+,"Employment and Severance Agreement, dated April 28, 2017, by and between the Registrant and Jon Kirchner (filed as Exhibit 10.1 to the"
27,,"Registrant's Quarterly Report on Form 10-Q, filed August 2, 2017, and incorporated herein by reference)"
28,10.25+,"Form of Severance Agreement, dated February 25, 2019, by and between the Registrant and each of Robert Andersen, Geir Skaaden, and Paul"
29,,"Davis (filed as Exhibit 10.1 to the Registrant's Quarterly Report on Form 10-Q, filed May 8, 2019 and incorporated herein by reference)"
30,10.26+,"Form of Change in Control Severance Agreement, dated February 25, 2019, by and between the Registrant and each of Robert Andersen, Geir"
31,,"Skaaden, and Paul Davis (filed as Exhibit 10.2 to the Registrant's Quarterly Report on Form 10-Q, filed May 8, 2019 and incorporated herein by"
32,,reference)
33,10.27+,"Form of Severance Agreement, dated October 16, 2019, by and between the Registrant and Murali Dharan (filed as Exhibit 10.1 to the Registrant’"
34,,"Quarterly Report on Form 10-Q, filed May 8, 2019 and incorporated herein by reference)"
35,10.28+,"Form of Change in Control Severance Agreement, dated October 16, 2019, by and between the Registrant and Murali Dharan (filed as Exhibit"
36,,"10.2 to the Registrant’s Quarterly Report on Form 10-Q, filed May 8, 2019 and incorporated herein by reference)"
