,Unnamed: 0,Financial Goals,Unnamed: 1,Unnamed: 2,Performance Goals,Unnamed: 3,Unnamed: 4
0,,,,"Define,",,,
1,,,,"develop,",,,
2,,,,market and,Secure,,
3,,Company,,successfully,multi-year,,
4,Achievement,Achievement of,,commercialize world,recurring,,
5,of MBO,Non-GAAP,,class,billing IP,,
6,Plan Billings,Operating,MBO,products and,licensing Operational,Bonus,
7,Growth Goal,Profit Goal,Multiplier,technologies,agreements Excellence,Target $,Bonus Achieved
8,(A) (1),(B) (2),(C),(D),(D) Goals (D),(E),[(A+B+D)*C]*E
