,Unnamed: 0,Unnamed: 1,2019,Unnamed: 2,Unnamed: 3,2018,Unnamed: 4,2017,Unnamed: 5
0,,,,,,(in thousands),,,
1,Revenue:,,,,,,,,
2,Royalty and license fees,$,,"81,943",$,"186,425",$,,"205,809"
3,Total revenue,,,"81,943",,"186,425",,,"205,809"
4,Operating expenses:,,,,,,,,
5,"Research, development and other related costs",,,"28,732",,"27,514",,,"30,039"
6,Litigation,,,"3,471",,"26,099",,,"36,209"
7,Amortization,,,"11,871",,"19,906",,,"21,590"
8,Total operating expenses (1),,,"44,074",,"73,519",,,"87,838"
9,Total operating income,$,,"37,869",$,"112,906",$,,"117,971"
