,Unnamed: 0,Unnamed: 1,2019,Unnamed: 2,2018,Unnamed: 3,Unnamed: 4,2017
0,U.S. federal statutory rate,$,"(17,442)",$,"1,451",,$,"(20,420)"
1,"State, net of federal benefit",,281,,59,,,49
2,Stock-based compensation expense,,"2,807",,"3,883",,,"1,706"
3,Executive compensation limitation,,411,,"1,538",,,—
4,Research tax credit,,"(2,038)",,248,,,"(1,851)"
5,Foreign withholding tax,,"10,328",,"33,063",,,"14,719"
6,Transaction costs,,974,,—,,,—
7,Foreign tax rate differential,,"1,907",,474,,,"12,112"
8,Foreign tax credit,,"(7,795)",,"(33,554)",,,"(13,343)"
9,Change in valuation allowance,,"(8,238)",,"7,721",,,"13,497"
10,U.S. tax reform,,"(2,970)",,"(6,333)",,,"(7,868)"
11,Unrecognized tax benefits,,"2,994",,300,,,108
12,Change in estimates,,"(1,300)",,(10),,,(608)
13,Others,,"1,057",,(167),,,114
14,Total,$,"(19,024)",$,"8,673",,$,"(1,785)"
