,Unnamed: 0,Unnamed: 1,2019,Unnamed: 2,2018,Unnamed: 3,Unnamed: 4,2017
0,Cash flows from operating activities:,,,,,,,
1,Net loss,$,"(64,033)",$,"(1,763)",,$,"(56,558)"
2,Adjustments to reconcile net loss to net cash from operating activities:,,,,,,,
3,Depreciation of property and equipment,,"6,721",,"6,676",,,"7,201"
4,Amortization of intangible assets,,"99,946",,"108,450",,,"111,930"
5,Stock-based compensation expense,,"31,554",,"31,011",,,"33,462"
6,Deferred income tax,,"(38,611)",,"(15,578)",,,"(18,294)"
7,Other,,"2,654",,"5,322",,,"3,786"
8,"Changes in operating assets and liabilities, net of business acquisitions:",,,,,,,
9,Accounts receivable,,"6,191",,"(14,381)",,,"(3,551)"
10,"Unbilled contracts receivable, net",,"130,359",,"25,503",,,"48,168"
11,Other assets,,"3,675",,(950),,,"3,458"
12,Accounts payable,,"1,886",,"(1,469)",,,"(3,298)"
13,Accrued and other liabilities,,"(8,679)",,"(8,915)",,,"19,170"
14,Deferred revenue,,"(2,410)",,"1,227",,,"1,791"
15,Net cash from operating activities,,"169,253",,"135,133",,,"147,265"
16,Cash flows from investing activities:,,,,,,,
17,Purchases of property and equipment,,"(8,813)",,"(3,338)",,,"(3,323)"
18,Proceeds from sale of property and equipment,,55,,—,,,235
19,Purchases of short-term investments,,"(40,008)",,"(20,095)",,,"(33,102)"
20,Proceeds from sales of short-term investments,,"6,833",,"8,540",,,"1,035"
21,Proceeds from maturities of short-term investments,,"27,290",,"30,925",,,"16,487"
22,"Acquisition of business, net of cash acquired",,—,,(500),,,—
23,Purchases of intangible assets,,"(4,500)",,"(4,100)",,,(176)
24,Net cash from investing activities,,"(19,143)",,"11,432",,,"(18,844)"
25,Cash flows from financing activities:,,,,,,,
26,Repayment of debt,,"(150,000)",,"(100,000)",,,"(6,000)"
27,Contingent consideration payments after acquisition,,"(1,200)",,(419),,,—
28,Dividend paid,,"(39,502)",,"(39,187)",,,"(39,509)"
29,Proceeds from exercise of stock options,,695,,"8,008",,,"4,873"
30,Proceeds from employee stock purchase program,,"5,329",,"5,196",,,"4,132"
31,Repurchases of common stock,,"(4,506)",,"(44,798)",,,"(19,283)"
32,Net cash from financing activities,,"(189,184)",,"(171,200)",,,"(55,787)"
33,Net increase (decrease) in cash and cash equivalents,,"(39,074)",,"(24,635)",,,"72,634"
34,Cash and cash equivalents at beginning of period,,"113,625",,"138,260",,,"65,626"
35,Cash and cash equivalents at end of period,$,"74,551",$,"113,625",,$,"138,260"
36,Supplemental disclosure of cash flow information:,,,,,,,
37,Interest paid,$,"20,891",$,"23,134",,$,"28,068"
38,"Income taxes paid, net of refunds",$,"15,001",$,"23,679",,$,"15,678"
