,Unnamed: 0,Unnamed: 1,Number of,Number of.1,Unnamed: 2,Unnamed: 3,Number of.2,Market Value,Unearned,of Unearned
0,,,Securities,Securities,,,Shares or,of Shares or,Shares or,"Shares,"
1,,,Underlying,Underlying,,,Units of,Units of,Units or,Units or
2,,,Unexercised,Unexercised,,,Stock That,Stock That,Other Rights,Other Rights
3,,,Options,Options,Option,Option,Have Not,Have Not,That Have,That Have
4,,,Exercisable,Unexercisable,Exercise,Expiration,Vested (#),Vested ($),Not Vested,Not Vested
5,Name,Grant Date,(#),(#),Price ($),Date,(2),(3),(#),($) (3)
