,Unnamed: 0,Unnamed: 1,2019,2018,Unnamed: 2,2017
0,Revenue:,,,,,
1,Product licensing segment,$,"198,124 $","219,708",$,"167,923"
2,Semiconductor and IP licensing segment,,"81,943","186,425",,"205,809"
3,Total revenue,,"280,067","406,133",,"373,732"
4,Operating expenses:,,,,,
5,Product licensing segment,,"181,804","180,727",,"172,745"
6,Semiconductor and IP licensing segment,,"44,074","73,519",,"87,838"
7,Unallocated operating expenses (1),,"122,897","127,907",,"144,649"
8,Total operating expenses,,"348,775","382,153",,"405,232"
9,Operating income (loss):,,,,,
10,Product licensing segment,,"16,320","38,981",,"(4,822)"
11,Semiconductor and IP licensing segment,,"37,869","112,906",,"117,971"
12,Unallocated operating expenses (1),,"(122,897)","(127,907)",,"(144,649)"
13,Total operating income (loss),$,"(68,708) $","23,980",$,"(31,500)"
14,"(1) Unallocated operating expenses consist primarily of selling, general and administrative expenses and stock-based compensation. These expenses are not",,,,,
15,allocated because these amounts are not considered in evaluating the operating performance of the Company’s business segments.,,,,,
16,Amortization and depreciation are included in segment operating income (loss) as shown below (in thousands):,,,,,
17,,,"Years Ended December 31,",,,
18,,,2019,2018,,2017
19,Amortization and depreciation:,,,,,
20,Product licensing segment,$,"93,403 $","93,582",$,"95,823"
21,Semiconductor and IP licensing segment,,"13,264","21,544",,"23,308"
22,Total amortization and depreciation,$,"106,667 $","115,126",$,"119,131"
23,,,,,,
24,"A significant portion of the Company’s revenue is derived from licensees headquartered outside of the U.S., principally in Asia, and it is expected that this revenue",,,,,
25,will continue to account for a significant portion of total revenues in future periods. The table below lists the geographic revenue from continuing operations for the,,,,,
26,periods indicated (in thousands):,,,,,
27,,"Years Ended December 31,",,,,
28,,2019,2018,,2017,
29,Japan,"$ 85,833 31% $","88,513","22% $ 81,688",,22%
30,Korea,"74,790 27 209,245",,"51 50,155",,13
31,U.S.,"74,469 26","53,245","13 164,846",,44
32,Europe and Middle East,"19,638 7","31,864","8 13,632",,4
33,Other,"25,337 9","23,266","6 63,411",,17
34,,"$ 280,067 100% $ 406,133",100%,"$ 373,732",,100%
