,Unnamed: 0,Unnamed: 1,2019,Unnamed: 2,2018,Unnamed: 3,2017
0,Revenue:,,,,,,
1,Royalty and license fees,$,"280,067",$,"406,133",$,"373,732"
2,Total revenue,,"280,067",,"406,133",,"373,732"
3,Operating expenses:,,,,,,
4,Cost of revenue,,"8,460",,"13,291",,"6,308"
5,"Research, development and other related costs",,"112,345",,"106,406",,"105,849"
6,"Selling, general and administrative",,"122,897",,"127,907",,"144,649"
7,Amortization expense,,"99,946",,"108,450",,"111,930"
8,Litigation expense,,"5,127",,"26,099",,"36,496"
9,Total operating expenses,,"348,775",,"382,153",,"405,232"
10,Operating income (loss),,"(68,708)",,"23,980",,"(31,500)"
11,Interest expense,,"(23,377)",,"(25,665)",,"(28,292)"
12,"Other income and expense, net",,"9,028",,"8,595",,"1,449"
13,Income (loss) before taxes,,"(83,057)",,"6,910",,"(58,343)"
14,Provision for (benefit from) income taxes,,"(19,024)",,"8,673",,"(1,785)"
15,Net loss,$,"(64,033)",$,"(1,763)",$,"(56,558)"
16,Less: Net loss attributable to noncontrolling interest,,"(1,503)",,"(1,474)",,—
17,Net loss attributable to Xperi,$,"(62,530)",$,(289),$,"(56,558)"
18,Loss per share attributable to Xperi:,,,,,,
19,Basic,$,(1.27),$,(0.01),$,(1.15)
20,Diluted,$,(1.27),$,(0.01),$,(1.15)
21,Weighted average number of shares used in per share calculations-basic,,"49,120",,"48,823",,"49,251"
22,Weighted average number of shares used in per share calculations-diluted,,"49,120",,"48,823",,"49,251"
