,Unnamed: 0,Unnamed: 1,Unnamed: 2,Unnamed: 3,Gross,Unnamed: 4,Gross.1,Unnamed: 5,Unnamed: 6,Estimated
0,,,,,Unrealized,,Unrealized,,,Fair
1,,,Cost,,Gains,,Losses,,,Values
2,rketable securities,,,,,,,,,
3,Corporate bonds and notes,$,"41,730",$,29,$,(13),,$,"41,746"
4,Commercial paper,,"4,052",,4,,—,,,"4,056"
5,Total debt securities,,"45,782",,33,,(13),,,"45,802"
6,Money market funds,,"2,601",,—,,—,,,"2,601"
7,Marketable equity securities,,"3,405",,—,,"(2,281)",,,"1,124"
8,Total equity securities,,"6,006",,—,,"(2,281)",,,"3,725"
9,Total marketable securities,$,"51,788",$,33,$,"(2,294)",,$,"49,527"
10,orted in:,,,,,,,,,
11,Cash and cash equivalents,,,,,,,,$,"2,601"
12,Short-term investments,,,,,,,,,"46,926"
13,Total marketable securities,,,,,,,,$,"49,527"
14,,,,,,,,,,
15,,,,,"December 31, 2018",,,,,
16,,,,,Gross,,Gross,,,Estimated
17,,,,,Unrealized,,Unrealized,,,Fair
18,,,Cost,,Gains,,Losses,,,Values
19,rketable securities,,,,,,,,,
20,Corporate bonds and notes,$,"28,623",$,—,$,(275),,$,"28,348"
21,Commercial paper,,"2,999",,—,,—,,,"2,999"
22,Treasury and agency notes and bills,,"6,000",,—,,(53),,,"5,947"
23,Total debt securities,,"37,622",,—,,(328),,,"37,294"
24,Money market funds,,"11,499",,—,,—,,,"11,499"
25,Marketable equity securities,,"5,662",,—,,"(2,217)",,,"3,445"
26,Total marketable securities,$,"17,161",$,—,$,"(2,217)",,$,"14,944"
27,Total marketable securities,$,"54,783",$,—,$,"(2,545)",,$,"52,238"
