,"Communications, Media &",Unnamed: 0,Unnamed: 1,Unnamed: 2,Unnamed: 3,Unnamed: 4,Unnamed: 5,Unnamed: 6,Unnamed: 7,Unnamed: 8,Unnamed: 9,Unnamed: 10,Unnamed: 11,Unnamed: 12
0,"Technology $ 775,802",,$,"98,223",$,"(8,516)","$ 865,509",,$,"146,632",$,"(19,398)",,"$ 992,743"
1,"Financial Services 1,151,024",,,"32,390",,"(21,348)","1,162,066",,,"252,870",,"(21,308)",,"1,393,628"
2,"Health & Public Service 934,374",,,"27,816",,"(3,142)","959,048",,,"54,441",,"(8,061)",,"1,005,428"
3,"Products 1,698,140",,,"270,701",,"(20,440)","1,948,401",,,"423,525",,"(43,609)",,"2,328,317"
4,"Resources 443,012",,,"13,163",,"(8,187)","447,988",,,"47,274",,"(9,828)",,"485,434"
5,"Total $ 5,002,352",,$,"442,293",$,"(61,633)","$ 5,383,012",,$,"924,742",$,"(102,204)",,"$ 6,205,550"
6,Goodwill includes immaterial adjustments related to prior period acquisitions.,,,,,,,,,,,,,
7,ntangible Assets,,,,,,,,,,,,,
8,Our definite-lived intangible assets by major asset class were as follows:,,,,,,,,,,,,,
9,,,"August 31, 2018",,,,,,,,"August 31, 2019",,,
10,Gross,,,,,Net,,,Gross,,,,,Net
11,Carrying,,,Accumulated,,Carrying,Carrying,,,,Accumulated,,,Carrying
12,Intangible Asset Class Amount,,,Amortization,,Amount,Amount,,,,Amortization,,,Amount
13,"Customer-related $ 862,418",,,"$ (299,702)",,"$ 562,716",$,,"1,013,976",,"$ (358,130)",,$,"655,846"
14,"Technology 94,844",,,"(55,690)",,"39,154",,,"119,686",,,"(45,851)",,"73,835"
15,"Patents 128,179",,,"(66,659)",,"61,520",,,"127,796",,,"(66,167)",,"61,629"
16,"Other 50,490",,,"(26,770)",,"23,720",,,"78,344",,,"(28,875)",,"49,469"
17,"Total $ 1,135,931",,,"$ (448,821)",,"$ 687,110",$,,"1,339,802",,"$ (499,023)",,$,"840,779"
