,Unnamed: 0,Unnamed: 1,2019,Unnamed: 2,2018,Unnamed: 3,2017
0,Revenues,,,,,,
1,ACI On Premise,$,"579,334",$,"576,755",$,"598,590"
2,ACI On Demand,,"678,960",,"433,025",,"425,601"
3,Total revenue,$,"1,258,294",$,"1,009,780",$,"1,024,191"
4,Segment Adjusted EBITDA,,,,,,
5,ACI On Premise,$,"321,305",$,"323,902",$,"347,094"
6,ACI On Demand,,"66,501",,"12,015",,"(1,832 )"
7,Depreciation and amortization,,"(122,569 )",,"(97,350 )",,"(102,224 )"
8,Stock-based compensation expense,,"(36,763 )",,"(20,360 )",,"(13,683 )"
9,Corporate and unallocated expenses,,"(104,718 )",,"(92,296 )",,"(144,715 )"
10,"Interest, net",,"(52,066 )",,"(30,388 )",,"(38,449 )"
11,"Other, net",,520,,"(3,724 )",,"(2,619 )"
12,Income before income taxes,$,"72,210",$,"91,799",$,"43,572"
13,Depreciation and amortization,,,,,,
14,ACI On Premise,$,"11,992",$,"11,634",$,"13,094"
15,ACI On Demand,,"34,395",,"31,541",,"34,171"
16,Corporate,,"76,182",,"54,175",,"54,959"
17,Total depreciation and amortization,$,"122,569",$,"97,350",$,"102,224"
18,Stock-based compensation expense,,,,,,
19,ACI On Premise,$,"7,651",$,"4,348",$,"2,234"
20,ACI On Demand,,"7,995",,"4,338",,"2,230"
21,Corporate,,"21,117",,"11,674",,"9,219"
22,Total stock-based compensation expense,$,"36,763",$,"20,360",$,"13,683"
