,"Balance as of December 31, 2016",$,702  $,"600,344  $","545,731  $","(297,760)  $","(94,100 ) $","754,917"
0,Net income,,—,—,"5,135",—,—,"5,135"
1,Other comprehensive income,,—,—,—,—,"16,744","16,744"
2,Stock-based compensation,,—,"13,683",—,—,—,"13,683"
3,"Shares issued and forfeited, net,",,,,,,,
4,"under stock plans, including",,,,,,,
5,income tax benefits,,—,"(3,682 )",—,"20,498",—,"16,816"
6,"Repurchase of 1,653,573 shares",,,,,,,
7,of common stock,,—,—,—,"(37,387 )",—,"(37,387 )"
8,Repurchase of stock-based,,,,,,,
9,compensation awards for tax,,,,,,,
10,withholdings,,—,—,—,"(5,311 )",—,"(5,311 )"
11,"Balance as of December 31, 2017",,702,"610,345","550,866","(319,960 )","(77,356 )","764,597"
12,Net income,,—,—,"68,921",—,—,"68,921"
13,Other comprehensive loss,,—,—,—,—,"(15,261 )","(15,261 )"
14,Stock-based compensation,,—,"20,360",—,—,—,"20,360"
15,"Shares issued and forfeited, net,",,,,,,,
16,"under stock plans, including",,,,,,,
17,income tax benefits,,—,"1,530",—,"21,218",—,"22,748"
18,"Repurchase of 2,346,427 shares",,,,,,,
19,of common stock,,—,—,—,"(54,527 )",—,"(54,527 )"
20,Repurchase of stock-based,,,,,,,
21,compensation awards for tax,,,,,,,
22,withholdings,,—,—,—,"(2,588 )",—,"(2,588 )"
23,Cumulative effect of accounting,,,,,,,
24,"change, ASC 606",,—,—,"243,981",—,—,"243,981"
25,"Balance as of December 31, 2018",,702,"632,235","863,768","(355,857 )","(92,617 )","1,048,231"
26,Net income,,—,—,"67,062",—,—,"67,062"
27,Other comprehensive income,,—,—,—,—,"1,034","1,034"
28,Stock-based compensation,,—,"36,763",—,—,—,"36,763"
29,"Shares issued and forfeited, net,",,,,,,,
30,under stock plans including,,,,,,,
31,income tax benefits,,—,"(1,340 )",—,"17,821",—,"16,481"
32,"Repurchase of 1,228,102 shares",,,,,,,
33,of common stock,,—,—,—,"(35,617 )",—,"(35,617 )"
34,Repurchase of stock-based,,,,,,,
35,compensation awards for tax,,,,,,,
36,withholdings,,—,—,—,"(3,986 )",—,"(3,986 )"
37,"Balance as of December 31, 2019",$,702  $,"667,658  $","930,830  $","(377,639)  $","(91,583 ) $","1,129,968"
