,Unnamed: 0,Unnamed: 1,Unnamed: 2,Unnamed: 3,Unnamed: 4,Unnamed: 5,Elimination,Unnamed: 6,Unnamed: 7
0,,,,,,Non-,of,,
1,,,,,,reportable,intersegment,,
2,,Activision,Blizzard,,King,segments,revenues (2),,Total
3,Net revenues by geographic region:,,,,,,,,
4,Americas,"$ 1,622","$ 1,004",$,"1,269",$ 13,$ (28),$,"3,880"
5,EMEA (1),897,692,,599,446,(16),,"2,618"
6,Asia Pacific,219,570,,222,—,(9),,"1,002"
7,Total consolidated net revenues,"$ 2,738","$ 2,266",$,"2,090",$ 459,$ (53),$,"7,500"
8,Change in deferred revenues:,,,,,,,,
9,Americas,$ (163),$ 15,$,(3),$ —,$ —,$,(151)
10,EMEA (1),(127),16,,(1),21,—,,(91)
11,Asia Pacific,10,(6),,—,—,—,,4
12,Total change in deferred revenues,$ (280),$ 25,$,(4),$ 21,$ —,$,(238)
13,Segment net revenues:,,,,,,,,
14,Americas,"$ 1,459","$ 1,019",$,"1,266",$ 13,$ (28),$,"3,729"
15,EMEA (1),770,708,,598,467,(16),,"2,527"
16,Asia Pacific,229,564,,222,—,(9),,"1,006"
17,Total segment net revenues,"$ 2,458","$ 2,291",$,"2,086",$ 480,$ (53),$,"7,262"
