,Unnamed: 0,Unnamed: 1,2019,Unnamed: 2,Unnamed: 3,2018,Unnamed: 4,Unnamed: 5,2017,Unnamed: 6
0,IInntteerreesstt  ienxcpoemnsee from debt and amortization of debtdiscount and deferred financing costs,$,,(9709),$,,1(6450),$,,1(6224)
1,UInnterdiscreoaeslti zeexdp gense from debt and amortization of debtunt and adienf oernr eedq ufiintya nincvinegs tcmoesntst,,,(3980),,,14—0,,,1—62
2,"OUtnhreera leixzepde ngsaei n(i nocno emque)it, yn eintvestment",,,(381),,,—(4),,,—8
3,"OInttheerer setx apnedn soeth (einr ceoxmpeen),s en e(tincome), net",$,,(261),$,,7(41),$,,1468
4,"Interest and other expense (income), net",$,,(26),$,,71,$,,146
