,Unnamed: 0,Unnamed: 1,Unnamed: 2,Unnamed: 3,Unnamed: 4,Unnamed: 5,Unnamed: 6,Unnamed: 7,Unnamed: 8,Unnamed: 9,Unnamed: 10,Unnamed: 11,Unnamed: 12,Unnamed: 13,Unnamed: 14,Unnamed: 15
0,10.4,Loan and,Security,Agreement,dated,as,of,December,"27,",2013,between,Acura,"Pharmaceuticals,","Inc.,",Acura,Pharmaceutical
1,,,,,,,,,,,,,,,,
2,,"Technologies, Inc., and Oxford Finance LLC (incorporated by reference to Exhibit 10.6 to the Form 10-K filed March 3, 2014).",,,,,,,,,,,,,,
3,,,,,,,,,,,,,,,,
4,10.5,"First Amendment to Loan and Security Agreement entered into as of January 7, 2015 between Oxford Finance LLC, the Registrant",,,,,,,,,,,,,,
5,,,,,,,,,,,,,,,,
6,,"and Acura Pharmaceutical Technologies, Inc. (incorporated by reference to Exhibit 10.8 to our Form 10-K filed March 2, 2015).",,,,,,,,,,,,,,
7,,,,,,,,,,,,,,,,
8,10.6,"Second Amendment to Loan and Security Agreement entered into as of October 13, 2016 between Oxford Finance LLC, the",,,,,,,,,,,,,,
9,,"Registrant and Acura Pharmaceutical Technologies, Inc. (incorporated by reference to Exhibit 10.6 to the Registration Statement on",,,,,,,,,,,,,,
10,,"Form S-1 filed February 3, 2017, File No. 333-215885)",,,,,,,,,,,,,,
11,,,,,,,,,,,,,,,,
12,10.7,"Form of Mortgage dated December 27, 2013 (incorporated by reference to Exhibit 10.8 to the Form 10-K filed March 3, 2014).",,,,,,,,,,,,,,
13,,,,,,,,,,,,,,,,
14,10.8,"Collaboration and License Agreement entered into as of January 7, 2015 between the Registrant, Egalet US, Inc., Egalet Limited",,,,,,,,,,,,,,
15,,"and with respect to Section 17.21, Egalet Corporation (certain information has been omitted and filed separately with the Securities",,,,,,,,,,,,,,
16,,,,,,,,,,,,,,,,
17,,and Exchange Commission and confidential treatment has been granted with respect to the omitted portion) (incorporated by,,,,,,,,,,,,,,
18,,"reference to Exhibit 10.13 to the Form 10-K for the year ending December 31, 2014, filed March 2, 2015).",,,,,,,,,,,,,,
19,,,,,,,,,,,,,,,,
20,10.9,"License and Development Agreement dated as of June 5, 2015 between the Registrant and Bayer HealthCare LLC (certain",,,,,,,,,,,,,,
21,,information has been omitted and filed separately with the Securities and Exchange Commission and confidential treatment has,,,,,,,,,,,,,,
22,,,,,,,,,,,,,,,,
23,,"been granted with respect to the omitted portion) (incorporated by reference to Exhibit 10.1 to our Form 10-Q/A filed February 16,",,,,,,,,,,,,,,
24,,2016).,,,,,,,,,,,,,,
25,,,,,,,,,,,,,,,,
26,10.1,"Amended and Restated Voting Agreement dated as of February 6, 2004 among the Registrant, Care Capital Investments II, LP,",,,,,,,,,,,,,,
27,,"Essex Woodlands Health Ventures V, L.P., Galen Partners III, L.P., and others (incorporated by reference to Exhibit 10.5 of the Form",,,,,,,,,,,,,,
28,,"8-K filed on February 10, 2004 (the “February 2004 Form 8-K”)).",,,,,,,,,,,,,,
29,,,,,,,,,,,,,,,,
30,10.11,"Joinder and Amendment to Amended and Restated Voting Agreement dated November 9, 2005 between the Registrant, GCE",,,,,,,,,,,,,,
31,,"Holdings,",Essex Woodlands,Health,Ventures,,,"V, L.P.,",Care,Capital,Investments,,"II, LP, Galen Partners",,"III, L.P.",and others
32,,"(incorporated by reference to Exhibit 10.1 to the Form 8-K filed November 10, 2005).",,,,,,,,,,,,,,
33,,,,,,,,,,,,,,,,
34,10.12,"Second Amendment to Amended and Restated Voting Agreement dated as of January 24, 2008 between the Registrant and GCE",,,,,,,,,,,,,,
35,,,,,,,,,,,,,,,,
36,,"Holdings, LLC (incorporated by reference to Exhibit 10.1 to the Form 8-K filed January 28, 2008).",,,,,,,,,,,,,,
37,,,,,,,,,,,,,,,,
38,10.13,"Third Amendment to Amended and Restated Voting Agreement dated as of October 1, 2012 between the Registrant, Care Capital",,,,,,,,,,,,,,
39,,"Investments II, LP, Essex Woodlands Health Ventures V, L.P., Galen Partners III, L.P., and others (incorporated by reference to",,,,,,,,,,,,,,
40,,"Exhibit 10.1 of the Form 8-K filed on October 3, 2012).",,,,,,,,,,,,,,
41,,,,,,,,,,,,,,,,
42,10.14,"Second Amended and Restated Voting Agreement executed July 2017 and dated as of July 24, 2017 (incorporated by reference to",,,,,,,,,,,,,,
43,,,,,,,,,,,,,,,,
44,,"Exhibit 10.1 to the 8-K dated filed August 1, 2017)",,,,,,,,,,,,,,
