,"Incentive compensation, cash and stock-based",Unnamed: 0,Unnamed: 1,Unnamed: 2,Unnamed: 3,Unnamed: 4,Unnamed: 5,10%
0,Base compensation and related benefits associated with headcount,,,,,,,7
1,Various individually insignificant items,,,,,,,3
2,Total change,,,,,,,20%
3,perating Expenses,,,,,,,
4,,,,,,,,% Change
5,(dollars in millions),,2019,,2018,,2017,2019-2018
6,Research and development,$,"1,930.2",$,"1,537.8",$,"1,224.1",26%
7,Percentage of total revenue,,17%,,17%,,17%,
8,Sales and marketing,,"3,244.4",,"2,620.8",,"2,197.6",24%
9,Percentage of total revenue,,29%,,29%,,30%,
10,General and administrative,,880.6,,744.9,,624.7,18%
11,Percentage of total revenue,,8%,,8%,,9%,
12,Amortization of intangibles,,175.3,,91.1,,76.5,92%
13,Percentage of total revenue,,2%,,1%,,1%,
14,Total operating expenses,$,"6,230.5",$,"4,994.6",$,"4,122.9",25%
