,Unnamed: 0,Unnamed: 1,Unnamed: 2,Paid-In,Retained,Comprehensive,Unnamed: 3,Unnamed: 4,Unnamed: 5,Unnamed: 6,Unnamed: 7
0,,Shares,Amount,Capital,Earnings,Income (Loss),Shares,,Amount,,Total
1,"Balances at December 2, 2016","600,834",$ 61,"$ 4,616,331","$ 8,114,517","$ (173,602)","(106,580)",$,"(5,132,472)",$,"7,424,835"
2,Net income,—,—,—,"1,693,954",—,—,,—,,"1,693,954"
3,Other comprehensive income,,,,,,,,,,
4,"(losses), net of taxes",—,—,—,—,"61,781",—,,—,,"61,781"
5,Re-issuance of treasury stock,,,,,,,,,,
6,under stock compensation plans,—,—,"1,768","(234,601)",—,"5,194",,"151,058",,"(81,775)"
7,Purchase of treasury stock,—,—,—,—,—,"(8,186)",,"(1,100,000)","(1,100,000)",
8,Equity awards assumed for,,,,,,,,,,
9,acquisition,—,—,"10,348",—,—,—,,—,,"10,348"
10,Stock-based compensation,—,—,"453,748",—,—,—,,—,,"453,748"
11,Value of shares in deferred,,,,,,,,,,
12,compensation plan,—,—,—,—,—,—,,"(3,022)",,"(3,022)"
13,"Balances at December 1, 2017","600,834",$ 61,"$ 5,082,195","$ 9,573,870","$ (111,821)","(109,572)",$,"(6,084,436)",$,"8,459,869"
14,Net income,—,—,—,"2,590,774",—,—,,—,,"2,590,774"
15,Other comprehensive income,,,,,,,,,,
16,"(losses), net of taxes",—,—,—,—,"(36,309)",—,,—,,"(36,309)"
17,Re-issuance of treasury stock,,,,,,,,,,
18,under stock compensation plans,—,—,"(1,125)","(348,729)",—,"5,087",,"147,651",,"(202,203)"
19,Purchase of treasury stock,—,—,—,—,—,"(8,686)",,"(2,050,000)","(2,050,000)",
20,Equity awards assumed for,,,,,,,,,,
21,acquisition,—,—,"2,784",—,—,—,,—,,"2,784"
22,Stock-based compensation,—,—,"601,483",—,—,—,,—,,"601,483"
23,Value of shares in deferred,,,,,,,,,,
24,compensation plan,—,—,—,—,—,—,,"(3,966)",,"(3,966)"
25,Impacts of the U.S. Tax Act,—,—,—,(318),—,—,,—,,(318)
26,"Balances at November 30, 2018","600,834",$ 61,"$ 5,685,337","$11,815,597","$ (148,130)","(113,171)",$,"(7,990,751)",$,"9,362,114"
27,Impacts of adoption of the new,,,,,,,,,,
28,revenue standard,—,—,—,"442,319",—,—,,—,,"442,319"
29,Net income,—,—,—,"2,951,458",—,—,,—,,"2,951,458"
30,Other comprehensive income,,,,,,,,,,
31,"(losses), net of taxes",—,—,—,—,"(39,904)",—,,—,,"(39,904)"
32,Re-issuance of treasury stock,,,,,,,,,,
33,under stock compensation plans,—,—,"48,686","(380,812)",—,"4,559",,"125,074",,"(207,052)"
34,Purchase of treasury stock,—,—,—,—,—,"(9,883)",,"(2,750,000)","(2,750,000)",
35,Stock-based compensation,—,—,"770,777",—,—,—,,—,,"770,777"
36,Value of shares in deferred,,,,,,,,,,
37,compensation plan,—,—,—,—,—,—,,443,,443
38,"Balances at November 29, 2019","600,834",$ 61,"$ 6,504,800","$14,828,562","$ (188,034)","(118,495)","$(10,615,234)",,"$10,530,155",
