,Unnamed: 0,Unnamed: 1,"(in thousands, except average price per share)",Unnamed: 2,Unnamed: 3
0,Beginning repurchase authority,,$,"6,100,054",
1,"August 31 — September 27, 2019",,,,
2,Shares repurchased,885,$ 282.43 885 $,"(250,054)",
3,"September 28 — October 25, 2019",,,,
4,Shares repurchased,927,$ 274.12 927 $,"(254,032)",(2)
5,"October 26 — November 29, 2019",,,,
6,Shares repurchased,954,$ 279.52 954 $,"(266,779)",(2)
7,Total,"2,766","2,766 $","5,329,189",
8,_________________________________________,,,,
