,(In thousands) Amount Reclassified from Accumulated,Unnamed: 0,Affected Line Item in theStatement Where Net
0,Details about Accumulated Other  Other Comprehensive,,Income
1,Comprehensive Loss Components Loss,,Is Presented
2,Unrealized gains on available-for-sale securities:,,
3,Net realized gain on sales of securities $804,,Net investment gain (loss)
4,Defined benefit plan adjustments – actuarial losses (196) (1),,
5,"Total reclassifications for the period, before tax 608",,
6,Tax expense (148),,
7,"Total reclassifications for the period, net of tax $460",,
8,(1) Included in the computation of net periodic pension cost. See Note 14 for additional information.,,
9,,,2017
10,(In thousands) Amount Reclassified from Accumulated,,Affected Line Item in theStatement Where Net
11,Details about Accumulated Other  Other Comprehensive,,Income
12,Comprehensive Loss Components Loss,,Is Presented
13,Unrealized gains (losses) on available-for-sale securities:,,
14,"Net realized gain on sales of securities $4,864",,Net investment gain (loss)
15,Impairment expense (180),,Net investment gain (loss)
16,Net losses on derivatives designated as,,
17,(897),,Cost of sales
