,Unnamed: 0,Unnamed: 1,Quoted Prices Significant Other,Significant
0,,,in Active Markets Observable,Unobservable
1,,,for Identical Inputs,Inputs
2,(In thousands),Fair Value,Assets (Level 1) (Level 2),(Level 3)
3,Cash and cash equivalents,$691,$691 $ —,$ —
4,Available-for-sale securities,,,
5,Bond funds:,,,
6,Government bonds,"6,645","6,645 —",—
7,Corporate bonds,"5,514","5,514 —",—
8,Emerging markets bonds,531,531 —,—
9,Equity funds:,,,
10,Global equity,"11,071","11,071 —",—
11,Emerging markets,956,956 —,—
12,Balanced fund,863,863 —,—
13,Large-cap value,312,312 —,—
14,Global real estate fund,902,902 —,—
15,Managed futures fund,531,531 —,—
16,Available-for-sale securities,"27,325","27,325 —",—
17,Total,"$28,016","$28,016 $ —",$ —
18,,,"Fair Value Measurements at December 31, 2018, Using",
19,,,Quoted Prices Significant Other,Significant
20,,,in Active Markets Observable,Unobservable
21,,,for Identical Inputs,Inputs
22,(In thousands),Fair Value,Assets (Level 1) (Level 2),(Level 3)
23,Cash and cash equivalents,"$1,010","$1,010 $ —",$ —
24,Available-for-sale securities,,,
25,Bond funds:,,,
26,Government bonds,"6,268","6,268 —",—
27,Corporate bonds,"4,840","4,840 —",—
28,Emerging markets bonds,443,443 —,—
29,Equity funds:,,,
30,Global equity,"7,743","7,743 —",—
31,Emerging markets,"1,188","1,188 —",—
32,Balanced fund,815,815 —,—
33,Large-cap value,262,262 —,—
34,Global real estate fund,926,926 —,—
35,Managed futures fund,664,664 —,—
36,Available-for-sale securities,"23,149","23,149 —",—
37,Total,"$24,159","$24,159 $ —",$ —
