,Other receivables,"16,566","36,699"
0,"Inventory, net","98,305","99,848"
1,Prepaid expenses and other current assets,"7,892","10,744"
2,Total Current Assets,"320,310","355,426"
3,"Property, plant and equipment, net","73,708","80,635"
4,"Deferred tax assets, net","7,561","37,187"
5,Goodwill,"6,968","7,106"
6,"Intangibles, net","27,821","33,183"
7,Other assets,"14,261","5,668"
8,Long-term investments,"94,489","108,822"
9,Total Assets,"$545,118","$628,027"
10,Liabilities and Stockholders’ Equity,,
11,Current Liabilities,,
12,Accounts payable,"$44,870","$60,054"
13,Bonds payable,"24,600","1,000"
14,Unearned revenue,"11,963","17,940"
15,Accrued expenses and other current liabilities,"13,876","11,746"
16,Accrued wages and benefits,"13,890","14,752"
17,"Income tax payable, net","3,512","12,518"
18,Total Current Liabilities,"112,711","118,010"
19,Non-current unearned revenue,"6,012","5,296"
20,Pension liability,"15,886","13,086"
21,Deferred compensation liability,"21,698","18,256"
22,Other non-current liabilities,"8,385","2,500"
23,Bonds payable,—,"24,600"
24,Total Liabilities,"164,692","181,748"
25,Commitments and contingencies (see Note 16),,
26,Stockholders' Equity,,
27,"Common stock, par value $0.01 per share; 200,000 shares authorized;",,
28,"79,652 shares issued and 48,020 shares outstanding as of December 31, 2019 and",,
29,"779,652 shares issued and 47,751 shares outstanding as of December 31, 2018",797,797
30,Additional paid-in capital,"274,632","267,670"
