,Unnamed: 0,Unnamed: 1,Unnamed: 2,Unnamed: 3,Unnamed: 4,Unnamed: 5,Incorporated by Reference
0,Exhibit,,,Filed,Furnished,,
1,Number,,Exhibit Description,Herewith,Herewith,Form,Exhibit Filing Date
2,,,,,,,
3,2.1,*,"Contribution and Investment Agreement, dated as of March 20, 2016, by",,,8-K,"2.1 March 23, 2016"
4,,,"and among Allscripts Healthcare Solutions, Inc., GI Netsmart Holdings",,,,
5,,,"LLC, Nathan Holding LLC and Andrews Henderson LLC",,,,
6,,,,,,,
7,2.2,*,"Agreement and Plan of Merger, dated as of March 20, 2016, by and among",,,8-K,"2.2 March 23, 2016"
8,,,"Nathan Intermediate LLC, Nathan Merger Co., Netsmart, Inc. and Genstar",,,,
9,,,"Capital Partners V, L.P.",,,,
10,,,,,,,
11,2.3,*,"Purchase Agreement, dated as of August 1, 2017, by and between",,,8-K,"2.1 August 4, 2017"
12,,,"McKesson Corporation and Allscripts Healthcare, LLC.",,,,
13,,,,,,,
14,2.4,,"Amendment No. 1 to Purchase Agreement, dated as of October 2, 2017, by",,,10-Q,"2.3 November 9, 2017"
15,,,"and between McKesson Corporation and Allscripts Healthcare, LLC.",,,,
16,,,,,,,
17,2.5,*,"Asset Purchase Agreement, dated as of August 3, 2017, between Allscripts",,,8-K,"2.1 August 31, 2017"
18,,,"Healthcare Solutions, Inc. and NantHealth, Inc.",,,,
19,,,,,,,
20,2.6,*,"Asset Purchase Agreement, dated as of February 15, 2018, by and among",,,8-K,"2.1 February 16, 2018"
21,,,"Hyland Software, Inc., Allscripts Healthcare, LLC, PF2 EIS LLC, Allscripts",,,,
22,,,"Software, LLC and Allscripts Healthcare Solutions, Inc.",,,,
23,,,,,,,
24,2.7,*,"Agreement and Plan of Merger, dated as of January 5, 2018, by and among",,,10-Q,"2.2 May 8, 2018"
25,,,"Allscripts Healthcare, LLC, Presidio Sub, Inc., Practice Fusion, Inc. and",,,,
26,,,"Fortis Advisors LLC, as representative of the Holders",,,,
27,,,,,,,
28,,,,,,,
29,2.8,*,"Agreement and Plan of Merger, dated as of April 27, 2018, by and among",,,10-Q,"2.2 August 6, 2018"
30,,,"Allscripts Healthcare, LLC, FollowMyHealth Merger Sub, Inc., Health Grid",,,,
31,,,"Holding Company, the persons listed on the schedules thereto and Raj Toleti",,,,
32,,,in his capacity as the representative of the Stockholders,,,,
33,,,,,,,
34,2.9,*,"Unit Purchase Agreement, dated as of December 7, 2018, by and among",,,8-K,"2.1 December 11, 2018"
35,,,"Allscripts Healthcare, LLC, Allscripts Next, LLC, Allscripts Healthcare",,,,
36,,,"Solutions, Inc. and the Purchasers named in the schedules thereto.",,,,
37,,,,,,,
38,3.1,,Fifth Amended and Restated Certificate of Incorporation of Allscripts,,,10-K,"3.1 February 29, 2016"
39,,,,,,,
40,,,"Healthcare Solutions, Inc.",,,,
41,3.2,,"By-Laws of Allscripts Healthcare Solutions, Inc.",,,8-K,"3.1 August 20, 2015"
42,4.1,,"Indenture dated as of June 18, 2013, between Allscripts Healthcare",,,8-K,"4.1 June 18, 2013"
43,,,,,,,
44,,,"Solutions, Inc. and Wells Fargo Bank, National Association, as Trustee",,,,
45,,,,,,,
46,4.2,,Form of 1.25% Cash Convertible Senior Note due 2020 (included in Exhibit,,,8-K,"4.2 June 18, 2013"
47,,,,,,,
48,,,4.1),,,,
49,,,,,,,
50,4.3,,"Indenture, dated as of December 9, 2019, by and between Allscripts",,,8-K,"4.1 December 4, 2019"
51,,,,,,,
52,,,"Healthcare Solutions, Inc. and U.S. Bank National Association",,,,
53,,,,,,,
54,4.4,,Form of 0.875% Convertible Senior Note due 2027 (included in Exhibit 4.3),,,8-K,"4.2 December 4, 2019"
55,,,,,,,
56,4.5,,Description of the Registrant’s Securities Registered Pursuant to Section 12,,,,
57,,,,X,,,
58,,,of the Securities Exchange Act of 1934,,,,
