,•,"changes in local political, economic, social and labor conditions;"
0,•,"natural disasters, acts of war, terrorism, pandemics or security breaches;"
1,•,"different employee/employer relationships, existence of workers’ councils and labor unions, and other challenges caused by distance, language"
2,,and cultural differences;
3,•,"restrictions on foreign ownership and investments, and stringent foreign exchange controls that may prevent us from repatriating, or make it"
4,,"cost-prohibitive for us to repatriate, cash earned in countries outside of the United States;"
5,•,"import and export requirements, tariffs, trade disputes and barriers;"
6,•,"longer payment cycles in some countries, increased credit risk and higher levels of payment fraud;"
7,•,"uncertainty regarding liability for our products and services, including uncertainty as a result of local laws and lack of legal precedent;"
8,•,different or lesser protection of our intellectual property;
9,•,different legal and regulatory requirements that may apply to our products and/or how we operate;
10,•,the discontinuation of the London Interbank Offered Rate (LIBOR”) after 2021 and the replacement with an alternative reference rate may
11,,adversely impact interest rates; and
12,•,"localization of our products and services, including translation into foreign languages and associated expenses."
