,Unnamed: 0,Contributed,Unnamed: 1,Unnamed: 2,Unnamed: 3
0,,Equity,Reserves,Retained Profit,Total equity
1,Consolidated,US$’000,US$’000,US$’000,US$’000
2,Balance at 1 July 2017,"125,177","12,275","2,510","139,962"
3,Profit after income tax expense for the year,-,-,"37,489","37,489"
4,"Other comprehensive income for the year, net of tax",-,"(1,136)",-,"(1,136)"
5,Total comprehensive income for the year,-,"(1,136)","37,489","36,353"
6,Transactions with owners in their capacity as owners:,,,,
7,Share-based payments (note 32),-,"1,486",-,"1,486"
8,"Shares issued on acquisition of Upverter Inc, net of",,,,
9,,458,-,-,458
10,transaction costs,,,,
11,Dividends paid (note 21),-,-,"(25,633)","(25,633)"
12,Balance at 30 June 2018,"125,635","12,625","14,366","152,626"
