,Unnamed: 0,Unnamed: 1,Consolidated,Unnamed: 2
0,,2019,,2018
1,,US$000,,US$000
2,Deferred tax asset comprises temporary differences attributable to:,,,
3,Amounts recognised in profit or loss:,,,
4,Tax losses,"2,068",,688
5,"Property, plant and equipment",(176),,58
6,Employee benefits,608,,235
7,Employee entitlements,714,,-
8,Intellectual property,"79,260",,"79,011"
9,Revenue received in advance,633,,"1,019"
10,Provisions,"1,054",,328
11,Foreign currency translation,613,,534
12,Tax credits,17,,-
13,Deferred rent,82,,163
14,,"84,873",,"82,036"
15,Amounts recognised in equity:,,,
16,Transaction costs on share issue,-,,84
17,Deferred tax asset,"84,873",,"82,120"
18,Amount expected to be recovered within 12 months,"26,588",,"26,995"
19,Amount expected to be recovered after more than 12 months,"58,285",,"55,125"
20,Movements:,,,
21,Opening balance,"82,120",,"82,946"
22,Credited/(charged) to profit or loss (note 5),"2,440",,(933)
23,Additions through business combinations (note 28),314,,105
24,Translation differences,(1),,2
25,Closing balance,"84,873",,"82,120"
