,Year ended,Unnamed: 0,Unnamed: 1,Unnamed: 2,Unnamed: 3,Unnamed: 4,Latin,Total,Unnamed: 5,Unnamed: 6,Unnamed: 7,Unnamed: 8
0,"December 31, 2018",U.S.,Asia,,Africa,Europe,America,Property,Services,,Other,Total
1,Segment revenues (1),"$ 3,822.1","$ 1,540.5",$,545.5,$ 141.8,"$ 1,264.8","$ 7,314.7",$ 125.4,,,"$ 7,440.1"
2,Segment operating,,,,,,,,,,,
3,expenses (2),771.0,710.9,,208.0,30.1,406.3,"2,126.3",48.2,,,"2,174.5"
4,"Interest expense, TV",,,,,,,,,,,
5,"Azteca, net",—,—,,—,—,(0.1),(0.1),—,,,(0.1)
6,Segment gross margin,"3,051.1",829.6,,337.5,111.7,858.4,"5,188.3",77.2,,,"5,265.5"
7,"Segment selling,",,,,,,,,,,,
8,"general, administrative",,,,,,,,,,,
9,and development,,,,,,,,,,,
10,expense (2),165.2,110.7,,48.0,21.1,83.5,428.5,14.4,,,442.9
11,Segment operating,,,,,,,,,,,
12,profit,"$ 2,885.9",$ 718.9,$,289.5,$ 90.6,$ 774.9,"$ 4,759.8",$ 62.8,,,"$ 4,822.6"
13,Stock-based,,,,,,,,,,,
14,compensation expense,,,,,,,,,$,137.5,137.5
15,"Other selling, general,",,,,,,,,,,,
16,administrative and,,,,,,,,,,,
17,development expense,,,,,,,,,,156.1,156.1
18,"Depreciation,",,,,,,,,,,,
19,amortization and,,,,,,,,,,,
20,accretion,,,,,,,,,,"2,110.8","2,110.8"
21,Other expense (3),,,,,,,,,,"1,263.6","1,263.6"
22,Income from,,,,,,,,,,,
23,continuing operations,,,,,,,,,,,
24,before income taxes,,,,,,,,,,,"$ 1,154.6"
25,Capital expenditures,,,,,,,,,,,
26,(4),$ 376.9,$ 101.0,$,212.5,$ 20.2,$ 220.7,$ 931.3,$ —,$,13.9,$ 945.2
27,_______________,,,,,,,,,,,
