,Unnamed: 0,Aggregate,Unnamed: 1,Unnamed: 2,Unnamed: 3,Unnamed: 4,Unnamed: 5
0,,Principal,,,Interest,,
1,,Amount,2019,2018,payments due (2),Issue Date,Par Call Date (3)
2,2.800% Notes,$ 750.0,$ (0.6),$ (2.2),June 1 and December 1,"May 7, 2015","May 1, 2020"
3,3.300% Notes,750.0,(1.5),(2.8),February 15 and August 15,"January 12, 2016","January 15, 2021"
4,3.450% Notes,650.0,(2.3),(3.7),March 15 and September 15,"August 7, 2014",N/A
5,5.900% Notes (4),500.0,(1.1),(1.6),May 1 and November 1,"October 6, 2011",N/A
6,2.250% Notes (5),600.0,(7.9),(27.3),January 15 and July 15,"September 30, 2016",N/A
7,4.70% Notes,700.0,(1.8),(2.6),March 15 and September 15,"March 12, 2012",N/A
8,3.50% Notes,"1,000.0",(5.7),(7.4),January 31 and July 31,"January 8, 2013",N/A
9,3.000% Notes (6),700.0,4.9,(12.5),June 15 and December 15,"December 8, 2017",N/A
10,5.00% Notes (7),"1,000.0",1.7,2.1,February 15 and August 15,"August 19, 2013",N/A
11,3.375% Notes,650.0,(5.6),—,May 15 and November 15,"March 15, 2019","April 15, 2024"
12,2.950% Notes,650.0,(8.7),—,January 15 and July 15,"June 13, 2019","December 15, 2024"
13,1.375% Notes (8),560.6,(7.6),(9.3),April 4,"April 6, 2017","January 4, 2025"
14,4.000% Notes,750.0,(6.8),(7.9),June 1 and December 1,"May 7, 2015","March 1, 2025"
15,4.400% Notes,500.0,(3.4),(3.9),February 15 and August 15,"January 12, 2016","November 15, 2025"
16,1.950% Notes (8),560.6,(6.2),(7.3),May 22,"May 22, 2018","February 22, 2026"
17,3.375% Notes,"1,000.0",(12.1),(13.7),April 15 and October 15,"May 13, 2016","July 15, 2026"
18,3.125% Notes,400.0,(2.4),(2.7),January 15 and July 15,"September 30, 2016","October 15, 2026"
19,2.750% Notes,750.0,(6.5),—,January 15 and July 15,"October 3, 2019","November 15, 2026"
20,3.55% Notes,750.0,(5.9),(6.5),January 15 and July 15,"June 30, 2017","April 15, 2027"
21,3.600% Notes,700.0,(7.4),(8.1),January 15 and July 15,"December 8, 2017","October 15, 2027"
22,3.950% Notes,600.0,(10.4),—,March 15 and September 15,"March 15, 2019","December 15, 2028"
23,3.800% Notes,"1,650.0",(18.3),—,February 15 and August 15,"June 13, 2019","May 15, 2029"
24,3.700% Notes,600.0,(8.2),—,April 15 and October 15,"October 3, 2019","April 15, 2049"
25,_______________,,,,,,
