,Unnamed: 0,Unnamed: 1,"As of June 30, Fiscal Year Ended June 30,",Unnamed: 2
0,,,2019 2018 2019,2018
1,,,(U.S. $ in thousands),
2,,,*As Adjusted,*As Adjusted
3,Depreciation for tax purposes,$,"35 $ 2,537 $ (2,564)","$ 1,415"
4,"Provisions, accruals and prepayments",,"(454) 7,241 (7,164)",95
5,Deferred revenue,,"(3,073) 22,650 (23,932)","10,714"
6,Unrealized foreign currency exchange (gains) losses,,(428) (410) (101),(226)
7,Unrealized investment (gains) losses,,"(8,213) 1,644 (405)",—
8,Carried forward tax losses (gains),,"2,034 850 (409)","(34,221)"
9,Carried forward tax credits—credited to profit and loss,,"2,452 5,456 (3,005)","(41,546)"
10,Intangible assets,,"9,943 16,620 13,095","50,680"
11,Tax benefit (expense) from share plans—income,,551 216 331,"(30,379)"
12,Tax benefit (expense) from share plans—equity,,889 127 300,(123)
13,Deferred foreign taxes,,"— (9,460) 10,605","(10,605)"
14,"Other, net",,"(524) (411) (2,668)",899
15,Deferred tax benefit,,"— — $ (15,917)","$ (53,297)"
16,"Deferred tax assets, net",$,"3,212 $ 47,060",
17,Reflected in the consolidated statements of financial position,,,
18,as follows:,,,
19,Deferred tax assets,$,"17,084 $ 59,220",
20,Deferred tax liabilities,,"(13,872) (12,160)",
21,"Deferred tax assets, net",$,"3,212 $ 47,060",
22,Items for which no deferred tax asset has been recognized:,,,
23,Depreciation and amortization for tax purposes,,"4,804 2,221",
24,"Provisions, accruals and prepayments",,"13,421 314",
25,Deferred revenue,,"37,342 15,723",
26,Unrealized foreign currency exchange gains,,— 215,
27,Unused tax losses,,"401,108 161,513",
28,Intangible assets,,"1,963,534 2,054,530",
29,Tax benefit from share plans- income,,"45,849 30,114",
30,Tax benefit from share plans- equity,,"109,061 62,719",
31,Capital loss,,"1,391 1,391",
32,Carried forward tax credits- credited to profit and loss,,"47,537 30,418",
33,Unrealized loss on investments,,"1,076 160",
34,"Other, net",,"10,610 5,800",
35,,"$ 2,635,733","$2,365,118",
