,Unnamed: 0,Class A,Unnamed: 1,Class B,Unnamed: 2,Unnamed: 3,% of Total
0,,,,,,,Voting
1,Name of Beneficial Owner,Shares,%,Shares,%,,Power (1)
2,5% Shareholders:,,,,,,
3,Entities affiliated with Artisan Partners Limited Partnership (2),"8,664,465",7.33%,-,-,,*
4,Entities affiliated with Baillie Gifford & Co. (3),"7,610,193",6.44%,-,-,,*
5,Entities affiliated with Capital Research Global Investors (4),"10,790,810",9.13%,-,-,,*
6,Entities affiliated with FMR LLC (5),"7,813,171",6.61%,-,-,,*
7,Entities affiliated with Sands Capital Management (6),"6,493,358",5.49%,-,-,,*
8,"Entities affiliated with T. Rowe Price Associates, Inc. (7)","10,349,989",8.76%,-,-,,*
9,Directors and Executive Officers:,,,,,,
10,Michael Cannon-Brookes (8),-,-,"61,742,279",49.5%,,45.22%
11,Scott Farquhar (9),-,-,"61,742,279",49.5%,,45.22%
12,Jay Simons (10),"1,003,000",*,"333,000",,*,*
13,James Beer (11),"23,342",*,-,-,,*
14,Tom Kennedy (12),"58,855",*,-,-,,*
15,Sri Viswanath (13),"247,279",*,-,-,,*
16,Helen Russell (14),"14,796",*,-,-,,*
17,Shona Brown (15),"25,350",*,-,-,,*
18,Heather Mirjahangir Fernandez (16),"14,025",*,-,-,,*
19,Jay Parikh (17),"15,000",*,-,-,,*
20,Enrique Salem (18),"125,807",*,-,-,,*
21,Steven Sordello (19),"39,364",*,-,-,,*
22,Sasan Goodarzi (20),"3,564",*,-,-,,*
23,Richard P. Wong (21),"141,210",*,-,-,,*
24,All directors and executive officers as a group (14),,,,,,
25,persons) (22),"1,711,592",1.44%,"123,817,558",99.27%,,90.77%
26,_________,,,,,,
