,•,"The financial projections we may provide to the public, any changes in these projections or our failure to"
0,,meet these projections;
1,•,"Failure of securities analysts to initiate or maintain coverage of Atlassian, publication of inaccurate or"
2,,"unfavorable research about our business, changes in financial estimates or ratings changes by any"
3,,securities analysts who follow Atlassian or our failure to meet these estimates or the expectations of
4,,investors;
5,•,"Announcements by us or our competitors of significant technical innovations, new products, acquisitions,"
6,,"strategic partnerships, joint ventures or capital commitments;"
7,•,"Changes in operating performance and stock market valuations of other technology companies generally,"
8,,or those in our industry in particular;
9,•,"Price and volume fluctuations in the overall stock market from time to time, including as a result of trends"
10,,in the economy as a whole;
11,•,Actual or anticipated developments in our business or our competitors’ businesses or the competitive
12,,landscape generally;
13,•,"Developments or disputes concerning our intellectual property or our products, or third-party proprietary"
