,Unnamed: 0,Unnamed: 1,2019 2018,Unnamed: 2
0,,,(U.S. $ in thousands),
1,,,*As Adjusted,
2,Prepaid expenses,$,"23,588 $ 21,278",
3,Accrued interest income on short-term investments,,"3,072","2,582"
4,Other receivables,,"1,977","3,059"
5,Other current assets,,"1,599","2,816"
6,Total prepaid expenses and other current assets,$,"30,236 $ 29,735",
7,Other receivables generally arise from transactions outside the normal operating activities of the Group.,,,
8,ollateral is not normally required.,,,
9,ther non-current assets,,,
10,Other non-current assets consisted of the following:,,,
11,,,"As of June 30,",
12,,,2019 2018,
13,,,(U.S. $ in thousands),
14,,,*As Adjusted,
15,Marketable equity securities,$,"58,932 $",—
16,Non-marketable equity securities,,"3,000",—
17,Security deposits,,"5,010","5,248"
18,Other,,"9,703","8,218"
19,,$,"76,645 $ 13,466",
20,As adjusted to reflect the impact of the full retrospective adoption of IFRS 15. See Note 2 for further details.,,,
21,"As of June 30, 2019 and 2018, the Group had certificates of deposit and time deposits totaling $3.7 million and",,,
22,3.7 million which were classified as long-term and were included in security deposits. Included in the Group’s other,,,
23,"on-current assets balance as of June 30, 2019  and 2018 were $7.1 million and $6.6 million respectively, of restricted",,,
24,ash used for commitments of standby letters of credit related to facility leases and were not available for the Group’s,,,
25,se in its operations.,,,
26,rade and other payables,,,
27,Trade and other payables consisted of the following:,,,
28,,,"As of June 30,",
29,,,2019 2018,
30,,,(U.S. $ in thousands),
31,Trade payables,$,"24,993 $ 17,119",
32,Accrued expenses,,"53,802 42,905",
33,Accrued compensation and employee benefits,,"54,507 28,302",
34,Sales and indirect taxes,,"9,158","8,076"
35,Operating lease payable,,"1,613","1,420"
36,Customer deposit,,"7,943","6,319"
37,Other payables,,"7,471","3,751"
38,,$,"159,487 $ 107,892",
