,Unnamed: 0,Notes,Unnamed: 1,2019,2018,2017
0,,,,,*As Adjusted,*As Adjusted
1,Net loss,,$,"(637,621)","$ (113,432)","$ (37,449)"
2,Items that will not be reclassified to profit or loss in subsequent,,,,,
3,periods:,,,,,
4,Net change in unrealized gain on investments classified at,,,,,
5,fair value through other comprehensive income,5.0,,"38,662",—,—
6,Income tax effect,,,"(8,813)",—,—
7,Other comprehensive income for items that will not be,,,,,
8,"reclassified to profit or loss, net of tax",,,"29,849",—,—
9,Items that will be reclassified to profit or loss in subsequent,,,,,
10,periods:,,,,,
11,Foreign currency translation adjustment,,,(35),118,140
12,Net change in unrealized gain (loss) on investments classified,,,,,
13,at fair value through other comprehensive income (loss),5.0,,"1,340",(586),(945)
14,Net gain (loss) on derivatives designated as hedging,,,,,
15,instruments,5.0,,"1,539","(8,341)","3,164"
16,Income tax effect,,,(553),"2,502",(812)
17,Other comprehensive income (loss) after tax that will be,,,,,
18,reclassified to profit or loss in subsequent periods,,,"2,291","(6,307)","1,547"
19,Other comprehensive income (loss),,,"32,140","(6,307)","1,547"
20,"Total comprehensive loss, net of tax",,$,"(605,481)","$ (119,739)","$ (35,902)"
21,Total comprehensive loss attributable to:,,,,,
22,Owners of Atlassian Corporation Plc,,$,"(605,481)","$ (119,739)","$ (35,902)"
