,"Options outstanding at January 31, 2018",0.2,$,40.49,Unnamed: 0,Unnamed: 1,Unnamed: 2
0,Assumed from acquisitions,0.7,,20.82,,,
1,Granted,—,,—,,,
2,Exercised,(0.1),,37.64,,,
3,Canceled/Forfeited,—,,—,,,
4,"Options vested, exercisable and outstanding at January 31, 2019",0.8,$,23.95,7.7,$,100.7
5,"Options vested and exercisable at January 31, 2019",0.2,$,37.10,2.6,$,17.2
6,"Options vested and exercisable as of January 31, 2019 and expected to",,,,,,
7,vest thereafter,0.8,$,23.95,7.7,$,100.7
8,"Shares available for grant at January 31, 2019",19.4,,,,,
9,_______________,,,,,,
