,Unnamed: 0,Unnamed: 1,2019,Unnamed: 2,2018,Unnamed: 3,2017
0,,,,(Unaudited),,,
1,Gross profit,$,"2,283.9 $",,"1,753.2",$,"1,689.1"
2,Stock-based compensation expense,,17.6,,15.9,,14.1
3,Amortization of developed technologies,,15.5,,16.4,,40.0
4,Non-GAAP gross profit,$,"2,317.0 $",,"1,785.5",$,"1,743.2"
5,Gross margin,,89 %,,85 %,,83 %
6,Stock-based compensation expense,,1 %,,1 %,,1 %
7,Amortization of developed technologies,,1 %,,1 %,,2 %
8,Non-GAAP gross margin (1),,90 %,,87 %,,86 %
9,Loss from operations,$,(25.0) $,,(509.1),$,(499.6)
10,Stock-based compensation expense,,249.5,,245.0,,221.8
11,Amortization of developed technologies,,15.5,,16.4,,40.0
12,Amortization of purchased intangibles,,18.0,,20.2,,31.8
13,CEO transition costs (2),,(0.1),,21.4,,—
14,Acquisition related costs,,16.2,,—,,—
15,"Restructuring and other exit costs, net",,41.9,,94.1,,80.5
16,Non-GAAP income (loss) from operations,$,316.0 $,,(112.0),$,(125.5)
17,Operating margin,,(1)%,,(25)%,,(25)%
18,Stock-based compensation expense,,10 %,,12 %,,11 %
19,Amortization of developed technologies,,1 %,,1 %,,2 %
20,Amortization of purchased intangibles,,1 %,,1 %,,2 %
21,CEO transition costs (2),,— %,,1 %,,— %
22,Acquisition related costs,,1 %,,— %,,— %
23,"Restructuring and other exit costs, net",,1 %,,5 %,,4 %
24,Non-GAAP operating margin (1),,12 %,,(5)%,,(6)%
25,Net loss,$,(80.8) $,,(566.9),$,(582.1)
26,Stock-based compensation expense,,249.5,,245.0,,221.8
27,Amortization of developed technologies,,15.5,,16.4,,40.0
28,Amortization of purchased intangibles,,18.0,,20.2,,31.8
29,CEO transition costs (2),,(0.1),,21.4,,—
30,Acquisition related costs,,16.2,,—,,—
31,"Restructuring and other exit costs, net",,31.7,,94.1,,80.5
32,(Gain) loss on strategic investments,,(12.5),,16.5,,(0.3)
33,Discrete tax provision items,2019 Annua(3l 1R.4e) port,,,(20.7),,(2.7)
34,Income tax effect of non-GAAP adjustments,,17.2,,67.7,,100.0
35,Non-GAAP net income (loss),$,223.3 $,,(106.3),$,(111.0)
