,Unnamed: 0,Unnamed: 1,2019,Unnamed: 2,Unnamed: 3,2018,Unnamed: 4,2017
0,Operating activities,,,,,,,
1,Net loss,$,(80.8),$,,(566.9),$,(582.1)
2,Adjustments to reconcile net loss to net cash provided by operating activities:,,,,,,,
3,"Depreciation, amortization, and accretion",,95.2,,,108.4,,139.2
4,Stock-based compensation expense,,249.5,,,261.4,,221.8
5,Deferred income taxes,,(6.8),,,(39.1),,(38.8)
6,"Restructuring and other exit costs, net",,31.7,,,94.1,,80.5
7,Other operating activities,,2.2,,,7.3,,(7.7)
8,"Changes in operating assets and liabilities, net of business combinations:",,,,,,,
9,Accounts receivable,,(25.4),,,13.3,,201.5
10,Prepaid expenses and other current assets,,7.5,,,(9.9),,(13.5)
11,Accounts payable and accrued liabilities,,(58.5),,,(13.9),,2.7
12,Deferred revenue,,197.0,,,168.3,,267.0
13,Accrued income taxes,,(34.5),,,(22.1),,(100.9)
14,Net cash provided by operating activities,,377.1,,,0.9,,169.7
15,Investing activities,,,,,,,
16,Purchases of marketable securities,,(138.2),,,(514.0),,"(1,867.9)"
17,Sales of marketable securities,,319.6,,,489.0,,"1,257.7"
18,Maturities of marketable securities,,211.4,,,594.3,,"1,057.2"
19,"Acquisitions, net of cash acquired",,"(1,040.2)",,,—,,(85.2)
20,Capital expenditures,,(67.0),,,(50.7),,(76.0)
21,Other investing activities,,4.0,,,(12.2),,(13.8)
22,Net cash (used in) provided by investing activities,,(710.4),,,506.4,,272.0
23,Financing activities,,,,,,,
24,Proceeds from issuance of common stock,,90.9,,,94.4,,119.6
25,Taxes paid related to net share settlement of equity awards,,(143.4),,,(143.1),,(76.2)
26,Repurchase and retirement of common shares,,(293.5),,,(699.0),,(621.7)
27,"Proceeds from debt, net of discount",,500.0,,,496.9,,—
28,Repayments of debt,,—,,,(400.0),,—
29,Other financing activities,,(2.1),,,(5.8),,—
30,Net cash provided by (used in) financing activities,,151.9,,,(656.6),,(578.3)
31,Effect of exchange rate changes on cash and cash equivalents,,(10.6),,,14.2,,(3.3)
32,Net decrease in cash and cash equivalents,,(192.0),,,(135.1),,(139.9)
33,Cash and cash equivalents at beginning of fiscal year,,"1,078.0",,,"1,213.1",,"1,353.0"
34,Cash and cash equivalents at end of fiscal year,$,886.0,$,,"1,078.0",$,"1,213.1"
35,Supplemental cash flow information: 2019 Annual Report,,,,,,,
36,Cash paid during the year for interest,$,59.0,$,,54.6,$,47.6
37,"Cash paid for income taxes, net of tax refunds",$,78.0,$,,84.5,$,77.7
38,Non-cash investing and financing activities:,,,,,,,
39,Fair value of equity awards assumed (See Note 6),$,10.3,$,,—,$,—
40,Fair value of common stock issued as consideration for business combination,,,,,,,
41,(See Note 6),$,44.8,$,,—,$,—
