,Unnamed: 0,Unnamed: 1,2019,Unnamed: 2,Unnamed: 3,2018,Unnamed: 4
0,Deferred tax assets:,,,,,,
1,Net operating loss carryforward,$,"171,192",,$,,"91,529"
2,Stock-based compensation,,"8,015",,,,"8,219"
3,Deferred revenue,,186,,,,"2,186"
4,"Research and development credit, net of",,,,,,
5,uncertain tax position reserve,,"6,342",,,,"4,182"
6,Operating lease liabilities,,"16,437",,,,—
7,Definite lived intangibles,,434,,,,—
8,Other,,"5,831",,,,"7,134"
9,Total deferred tax assets,,"208,437",,,,"113,250"
10,Deferred tax liabilities:,,,,,,
11,Deferred commissions,,"(9,581)",,,,—
12,Operating lease right-of-use assets,,"(12,037)",,,,—
13,Fixed assets,,"(3,876)",,,,"(3,716)"
14,Definite lived intangibles,,—,,,,(590)
15,Indefinite-lived intangibles,,"(2,154)",,,,"(1,652)"
16,Other,,(13),,,,—
17,Total deferred tax liabilities,,"(27,661)",,,,"(5,958)"
18,Net deferred tax assets before valuation,,,,,,
19,allowance,,"180,776",,,,"107,292"
20,Valuation allowance,,"(181,113)",,,,"(107,852)"
21,Net deferred tax liability,$,(337),,$,,(560)
