,Unnamed: 0,Unnamed: 1,Unnamed: 2,Unnamed: 3
0,,,,"As of March 31,"
1,,,,2018 2019
2,Assets:,,,
3,Electronic Components,,$,"632,014  $ 659,933"
4,"Interconnect, Sensing and Control Devices",,,"241,959265,682"
5,"Cash, A/R, and investments in securities",,,"1,111,7161,070,701"
6,Goodwill - Electronic Components,,,"278,247271,374"
7,"Goodwill - Interconnect, Sensing and Control Devices",,,"38,05145,301"
8,Corporate activities,,,"370,779500,287"
9,Total,,$,"2,672,766  $ 2,813,278"
10,,,,
11,,,"Fiscal Year Ended March 31,",
12,,,2017,2018 2019
13,Capital expenditures:,,,
14,Electronic Components,$,"50,983  $","61,581  $ 84,329"
15,"Interconnect, Sensing and Control Devices",,"14,054","38,04042,505"
16,Corporate activities,,"1,251","9162,821"
17,Total,$,"66,288  $","100,537  $ 129,655"
18,,,,
19,"During the fiscal years ended March 31, 2019 and March 31, 2018, no customers accounted for more than 10% of our sales",,,
20,"As of March 31, 2019 and 2018, no customer represented more than 10% of our accounts receivable balance.",,,
21,,,,
22,The following geographic data is based upon net sales generated by operations located within that geographic area and th,,,
23,physical location of long-lived assets. Substantially all of the sales in the Americas region were generated in the United States.,,,
24,,,,
25,,"Fiscal Year Ended March 31,",,
26,,2017,2018,2019
27,Net sales:,,,
28,Americas,"$ 381,695  $","399,963  $","484,936"
29,Europe,"352,064","581,255","743,822"
30,Asia,"578,902","581,256","563,032"
31,Total,"$ 1,312,661  $","1,562,474  $","1,791,790"
32,,,,
33,"Property, plant and equipment, net:",,,
34,Americas,"$ 110,235  $","134,656  $","142,736"
35,Europe,"77,981","191,727","191,981"
36,Asia,"51,735","91,903","121,040"
37,Total,"$ 239,951  $","418,286  $","455,757"
38,,,,
39,,,,
40,18. Summary of Quarterly Financial Information (Unaudited):,,,
41,,,,
42,"Quarterly financial information for the fiscal years ended March 31, 2018 and 2019 is as follows:",,,
43,,,,
44,,First Quarter,,Second Quarter
45,,2018,2019,2018 2019
46,Net sales,"$ 331,354","$ 454,116","$ 352,693 $ 456,328"
47,Gross profit,"73,846","108,333","77,273 126,476"
48,Net income,"31,484","55,963","34,818 72,069"
49,Basic earnings per share,0.19,0.33,0.21 0.43
50,Diluted earnings per share,0.19,0.33,0.21 0.43
51,,,,
52,`,Third Quarter,,Fourth Quarter
53,,2018,2019,2018 2019
54,Net sales,"$ 431,795","$ 442,395","$ 446,632 $ 438,951"
55,Gross profit,"82,103","126,154","85,640 121,920"
56,Net income (loss),"(93,212)","74,297","31,820 69,484"
57,Basic earnings (loss) per share,(0.55),0.44,0.19 0.41
58,Diluted earnings (loss) per share,(0.55),0.44,0.19 0.41
