,Unnamed: 0,Unnamed: 1,"Fiscal Year Ended March 31,"
0,,,U.S. Plans International Plans
1,,,2018 2019 2018 2019
2,Change in benefit obligation:,,
3,Benefit obligation at beginning of year,$,"38,625 $ 36,234 $ 169,921 $ 178,498"
4,Service cost,,131 - 959 823
5,Interest cost,,"1,408 1,309 4,383 4,076"
6,Actuarial loss (gain),,"(633)  621 (11,077)  500"
7,Benefits paid,,"(3,297)  (2,207)  (8,420)  (7,169)"
8,Foreign currency exchange rate changes,,"- - 22,732 (12,149)"
9,Benefit obligation at end of year,$,"36,234 $ 35,957 $ 178,498 $ 164,579"
10,Change in plan assets:,,
11,Fair value of plan assets at beginning of year,$,"36,689 $ 36,007 $ 161,726 $ 191,662"
12,Actual return (loss) on assets,,"2,355 453 8,121 7,502"
13,Employer contributions,,"261 2,289 7,761 7,222"
14,Benefits paid,,"(3,298)  (2,207)  (7,702)  (7,137)"
15,Foreign currency exchange rate changes,,"- - 21,756 (12,916)"
16,Fair value of plan assets at end of year,,"36,007 36,542 191,662 186,333"
17,Funded status,$,"(227)  $ 585 $ 13,164 $ 21,754"
18,,,
19,"The combined accumulated benefit obligation at March 31, 2018 and 2019 was $214,732 and $200,536 respectively.",,
20,,,
21,Our assumptions used in determining the pension assets and liabilities were as follows:,,
22,,,
23,,,"As of March 31,"
24,,,2018 2019
25,Assumptions:,,
26,Discount rates,,0.3-3.8% 0.2-3.5%
27,,,
28,"The following table shows changes in accumulated comprehensive income, excluding the effect of income taxes, related t",,
29,amounts recognized in other comprehensive income during fiscal 2018 and 2019 and amounts reclassified to the statement o,,
30,operations as a component of net periodic pension cost during fiscal 2018 and 2019.,,
31,,,
32,,,"Fiscal Year Ended March 31,"
33,,,U.S. Plans International Plans
34,,,2018 2019 2018 2019
35,Beginning balance,$,"12,323 $ 9,993 $ 46,201 $ 36,881"
36,Net loss (gain) incurred during the year,,"(1,187)  1,740 (13,766)  (1,211)"
37,Amortization of net actuarial gain (loss),,"(1,143)  (884)  (1,974)  (901)"
38,Foreign currency exchange rate changes,,"- - 6,420 (2,638)"
