,Unnamed: 0,Unnamed: 1,Unnamed: 2,2019,Unnamed: 3,Unnamed: 4,Unnamed: 5,Unnamed: 6,2018,Unnamed: 7,Unnamed: 8
0,,Q4,Q3,,Q2,Q1,Q4,Q3,,Q2,Q1
1,Operating revenues,,,,,,,,,,
2,Service,"5,276","5,185",,"5,231","5,045","5,231","5,117",,"5,129","4,964"
3,Product,"1,040",799,,699,689,984,760,,657,626
4,Total operating revenues,"6,316","5,984",,"5,930","5,734","6,215","5,877",,"5,786","5,590"
5,Adjusted EBITDA,"2,508","2,594",,"2,595","2,409","2,394","2,457",,"2,430","2,254"
6,"Severance, acquisition and other costs",(28),(23),,(39),(24),(58),(54),,(24),–
7,Depreciation,(865),(861),,(888),(882),(799),(779),,(787),(780)
8,Amortization,(228),(230),,(223),(221),(216),(220),,(221),(212)
9,Finance costs,,,,,,,,,,
10,Interest expense,(286),(282),,(281),(283),(259),(255),,(246),(240)
11,Interest on post-employment,,,,,,,,,,
12,benefit obligations,(16),(16),,(15),(16),(18),(17),,(17),(17)
13,Other (expense) income,(119),61,,(56),101,(158),(41),,(88),(61)
14,Income taxes,(243),(321),,(276),(293),(244),(224),,(292),(235)
15,Net earnings,723,922,,817,791,642,867,,755,709
16,Net earnings attributable to common shareholders,672,867,,761,740,606,814,,704,661
17,Net earnings per common share,,,,,,,,,,
18,Basic and diluted,0.74,0.96,,0.85,0.82,0.68,0.90,,0.79,0.73
19,Average number of common shares,,,,,,,,,,
20,outstanding – basic (millions),903.8,901.4,,899.5,898.4,898.1,898.0,,898.0,900.2
21,OTHER INFORMATION,,,,,,,,,,
22,Cash flows from operating activities,"2,091","2,258",,"2,093","1,516","1,788","2,043",,"2,057","1,496"
23,Free cash flow,894,"1,189",,"1,093",642,"1,022","1,014",,994,537
24,Capital expenditures,"(1,153)","(1,013)",,(972),(850),(974),"(1,010)",,"(1,056)",(931)
