,Unnamed: 0,FUNDED,Unnamed: 1,PARTIALLY FUNDED (1),UNFUNDED (2),Unnamed: 2,Unnamed: 3,TOTAL,Unnamed: 4
0,FOR THE YEAR ENDED DECEMBER 31,2019 2018,,2019 2018,2019,2018,2019,,2018
1,Present value of post-employment,,,,,,,,
2,benefit obligations,"Notes to conso(l2id4a,9te6d1 ) (22,765)",,"(1,918) (1,816)",(300),(292),"(27,179)",,"(24,873)"
3,,financial statements,,,,,,,
4,Fair value of plan assets,"25,474 23,018",,376 340,–,–,"25,850",,"23,358"
5,Plan surplus (deficit),513 253,,"(1,542) (1,476)",(300),(292),"(1,329)",,"(1,515)"
