,"decisions, policies and other initiatives of the CRTC, ISED, the",The failure to comply with any of the above or other legal or regulatory
0,"Competition Bureau and other governmental agencies, as well as","obligations could expose us to litigation, including pursuant to class"
1,laws of a regulatory nature,"actions, and significant fines and penalties, as well as result in"
2,• Consumer protection legislation,reputational harm.
3,"• Privacy legislation, such as Canada’s anti-spam legislation (CASL) and","For a description of important legal proceedings involving us, please"
4,"the Personal Information Protection and Electronic Documents Act,",see the section entitled Legal proceedings contained in the BCE 2019 AIF.
5,as well as other privacy legislation we may become subject to via,
6,mandatory flow-through of privacy-related obligations by our,"Finally, the failure of our employees, suppliers or other business partners"
7,customers,"to comply with applicable legal and ethical standards including, without"
8,,"limitation, anti-bribery laws, as well as our policies and contractual"
9,• Tax legislation,
10,,"obligations, could also expose us to litigation and significant fines and"
11,• Corporate and securities legislation,"penalties, and result in reputational harm or being disqualified from"
