,Parliament to formally launch a review of the Copyright Act. This review,"Science and Technology released its report on June 3, 2019. Each"
0,"is mandated by the Copyright Act itself, which requires that the legislation",Committee made a series of recommendations in respect of the rights of
1,"be examined every five years. The Standing Committee on Industry,",Canadian copyright holders and users and the effectiveness of Canadian
2,"Science and Technology, working in collaboration with the Standing","copyright law. At this time, it is not known whether these reports"
3,"Committee on Canadian Heritage, led the process, which began in",will lead to amendments to the Copyright Act and the impact of any
