,"from contracts with customers, including estimating the stand-alone",plant and equipment. These impairment charges relate to broadcast
0,selling prices of products and services.,licences and certain assets for various radio markets within our Bell
1,,Media segment. The impairment charges were a result of continued
2,"For bundled arrangements, we account for individual products and",
3,,advertising demand and ratings pressures in the industry resulting
4,services when they are separately identifiable and the customer can,
5,,"from audience declines, as well as competitive pressure from streaming"
6,benefit from the product or service on its own or with other readily,
7,,services. The charges were determined by comparing the carrying
8,available resources. The total arrangement consideration is allocated to,
9,,value of the cash generating units (CGUs) to their fair value less cost of
10,each product or service included in the contract with the customer based,
11,,disposal. We estimated the fair value of the CGUs using both discounted
12,on its stand-alone selling price. We generally determine stand-alone,
13,,"cash flows and market-based valuation models, which include five-year"
14,selling prices based on the observable prices at which we sell products,
15,,cash flow projections derived from business plans reviewed by senior
16,separately without a service contract and prices for non-bundled,
17,,"management for the period of January 1, 2020 to December 31, 2024,"
18,"service offers with the same range of services, adjusted for market",
19,,using a discount rate of 7.5% and a perpetuity growth rate of nil as well
20,"conditions and other factors, as appropriate. When similar products",
21,,as market multiple data from public companies and market transactions.
22,"and services are not sold separately, we use the expected cost plus",
23,,"The carrying value of these CGUs was $464 million at December 31, 2019."
24,margin approach to determine stand-alone selling prices. Products,
25,and services purchased by a customer in excess of those included in,Impairment charges in 2018 included $145 million allocated to indefinite-
26,the bundled arrangement are accounted for separately.,"life intangible assets, and $14 million allocated to finite-life intangible"
27,,assets. These impairment charges primarily relate to our French TV
28,IMPAIRMENT OF NON-FINANCIAL ASSETS,
29,,channels within our Bell Media segment. These impairments were the
30,Goodwill and indefinite-life intangible assets are tested for impairment,result of revenue and profitability declines from lower audience levels
31,annually or when there is an indication that the asset may be impaired.,and subscriber erosion. The charges were determined by comparing
32,"Property, plant and equipment and finite-life intangible assets are",the carrying value of the CGUs to their fair value less costs of disposal.
33,"tested for impairment if events or changes in circumstances, assessed",We estimated the fair value of the CGUs using both discounted cash
34,"at each reporting period, indicate that their carrying amount may not","flows and market-based valuation models, which include five-year"
35,"be recoverable. For the purpose of impairment testing, assets other",cash flow projections derived from business plans reviewed by senior
36,than goodwill are grouped at the lowest level for which there are,"management for the period of January 1, 2019 to December 31, 2023,"
37,separately identifiable cash inflows.,using a discount rate of 8.0% to 8.5% and a perpetuity growth rate of
38,Impairment losses are recognized and measured as the excess of the,"nil, as well as market multiple data from public companies and market"
39,carrying value of the assets over their recoverable amount. An asset’s,transactions. The carrying value of these CGUs was $515 million at
40,recoverable amount is the higher of its fair value less costs of disposal,"December 31, 2018. In the previous year’s impairment analysis, the"
41,"and its value in use. Previously recognized impairment losses, other",company’s French Pay and French Specialty TV channels were tested
42,"than those attributable to goodwill, are reviewed for possible reversal","for recoverability separately. In 2018, the CGUs were grouped to form"
43,"at each reporting date and, if the asset’s recoverable amount has",one French CGU which reflects the evolution of the cash flows from our
44,"increased, all or a portion of the impairment is reversed.",content strategies as well as the CRTC beginning to regulate Canadian
45,,broadcasters under a group licence approach based on language.
