,Unnamed: 0,DB PENSION PLANS,OPEB PLANS,Unnamed: 1,Unnamed: 2,TOTAL,Unnamed: 3
0,,2019 2018,2019 2018,,2019,,2018
1,"Post-employment benefit obligations, January 1","(23,404) (24,404)","(1,469) (1,653)",,"(24,873)",,"(26,057)"
2,Current service cost,(193) (213),(3) (3),,(196),,(216)
3,Interest on obligations,(872) (864),(55) (56),,(927),,(920)
4,Actuarial (losses) gains (1),"(2,498) 750",(80) 163,,"(2,578)",,913
5,Net curtailment losses,– (4),– –,,–,,(4)
6,Benefit payments,"1,326 1,342",77 80,,"1,403",,"1,422"
7,Employee contributions,(10) (11),– –,,(10),,(11)
8,Other,1 –,1 –,,2,,–
9,"Post-employment benefit obligations, December 31","(25,650) (23,404)","(1,529) (1,469)",,"(27,179)",,"(24,873)"
10,"Fair value of plan assets, January 1","23,071 23,945",287 299,,"23,358",,"24,244"
11,Expected return on plan assets (2),853 841,11 10,,864,,851
12,Actuarial gains (losses) (1),"2,742 (817)",27 (17),,"2,769",,(834)
13,Benefit payments,"(1,326) (1,342)",(77) (80),,"(1,403)",,"(1,422)"
14,Employer contributions,180 433,72 75,,252,,508
15,Employee contributions,10 11,– –,,10,,11
16,"Fair value of plan assets, December 31","25,530 23,071",320 287,,"25,850",,"23,358"
17,Plan deficit,(120) (333),"(1,209) (1,182)",,"(1,329)",,"(1,515)"
18,Effect of asset limit,(20) (20),– –,,(20),,(20)
19,"Post-employment benefit liability, December 31",(140) (353),"(1,209) (1,182)",,"(1,349)",,"(1,535)"
20,Post-employment benefit assets included in other non-current assets,558 331,– –,,558,,331
21,Post-employment benefit obligations,(698) (684),"(1,209) (1,182)",,"(1,907)",,"(1,866)"
