,ote 12 Contract assets and liabilities,Unnamed: 0,Unnamed: 1
0,he table below provides a reconciliation of the significant changes in the contract assets and the contract liabilities balances.,,
1,,CONTRACT ASSETS (1) CONTRACT LIABILITIES,
2,FOR THE YEAR ENDED DECEMBER 31,2019 2018 2019,2018
3,"Opening balance, January 1","1,493 1,263 899",894
4,Revenue recognized included in contract liabilities at the beginning of the year,– – (666),(625)
5,Revenue recognized from contract liabilities included in contract assets,,
6,at the beginning of the year,131 154 –,–
7,Increase in contract liabilities during the year,– – 644,628
8,Increase in contract liabilities included in contract assets during the year,(175) (168) –,–
9,Increase in contract assets from revenue recognized during the year,"1,915 1,770 –",–
10,Contract assets transferred to trade receivables,"(1,461) (1,321) 47",–
