,"noted. Please refer to section 10.2, Non-GAAP financial measures and key website or in any other site referred to in BCE’s website or in this MD&A"
0,performance indicators (KPIs) on pages 105 to 108 for a list of defined are not part of this MD&A and are not incorporated by reference herein.
1,"non-GAAP financial measures and key performance indicators. This MD&A comments on our business operations, performance, financial"
2,"Please refer to BCE’s audited consolidated financial statements for the position and other matters for the two years ended December 31, 2019"
3,"year ended December 31, 2019 when reading this MD&A. and 2018."
4,"In preparing this MD&A, we have taken into account information available"
5,"to us up to March 5, 2020, the date of this MD&A, unless otherwise stated."
6,CAUTION REGARDING FORWARD-LOOKING STATEMENTS
7,"BCE’s 2019 annual report, including this MD&A and, in particular, but without including in this MD&A, for the purpose of assisting investors and others"
8,"limitation, section 1.3, Key corporate developments, section 1.4, Capital in understanding our objectives, strategic priorities and business outlook"
9,"markets strategy, section 2, Strategic imperatives, section 3.2, Business as well as our anticipated operating environment. Readers are cautioned,"
10,"outlook and assumptions, section 5, Business segment analysis and section however, that such information may not be appropriate for other purposes."
11,"6.7, Liquidity of this MD&A, contains forward-looking statements. These We have made certain economic, market and operational assumptions"
12,"forward-looking statements include, without limitation, statements relating in preparing the forward-looking statements contained in BCE’s 2019"
13,"to our projected financial performance for 2020, BCE’s dividend growth annual report and, in particular, but without limitation, the forward-"
14,"objective, common share dividend payout policy and 2020 annualized looking statements contained in the previously mentioned sections of this"
15,"common share dividend, BCE’s financial policy targets and our intended MD&A. These assumptions include, without limitation, the assumptions"
16,"progress towards meeting those targets, the sources of liquidity we expect described in the various sections of this MD&A entitled Business outlook"
17,"to use to meet our anticipated 2020 cash requirements, our expected post- and assumptions, which sections are incorporated by reference in this"
18,"employment benefit plans funding, our network deployment and capital cautionary statement. We believe that our assumptions were reasonable"
19,"investment plans, the expected timing and completion of the proposed at March 5, 2020. If our assumptions turn out to be inaccurate, our actual"
20,acquisition of conventional television (TV) network V and related digital results could be materially different from what we expect.
21,"assets, BCE’s business outlook, objectives, plans and strategic priorities,"
22,"and other statements that do not refer to historical facts. A statement we Important risk factors including, without limitation, regulatory, competitive,"
23,"make is forward-looking when it uses what we know and expect today security, technological, operational, economic, financial and other risks"
24,to make a statement about the future. Forward-looking statements are that could cause actual results or events to differ materially from those
25,"typically identified by the words assumption, goal, guidance, objective, expressed in, or implied by, the previously-mentioned forward-looking"
26,"outlook, project, strategy, target and other similar expressions or future statements and other forward-looking statements contained in BCE’s 2019"
27,"or conditional verbs such as aim, anticipate, believe, could, expect, intend, annual report, and in particular in this MD&A, include, but are not limited"
28,"may, plan, seek, should, strive and will. All such forward-looking statements to, the risks described or referred to in section 9, Business risks, which"
29,are made pursuant to the safe harbour provisions of applicable Canadian section is incorporated by reference in this cautionary statement.
30,"securities laws and of the United States (U.S.) Private Securities Litigation Forward-looking statements contained in BCE’s 2019 annual report,"
31,"Reform Act of 1995. including in this MD&A, for periods beyond 2020 assume, unless otherwise"
32,"Unless otherwise indicated by us, forward-looking statements in BCE’s 2019 indicated, that the relevant assumptions and risks described in this MD&A"
33,"annual report, including in this MD&A, describe our expectations as at will remain substantially unchanged during such periods."
34,"March 5, 2020 and, accordingly, are subject to change after that date. We caution readers that the risks described in the previously mentioned"
35,"Except as may be required by applicable securities laws, we do not undertake section and in other sections of this MD&A are not the only ones that could"
36,"any obligation to update or revise any forward-looking statements, whether affect us. Additional risks and uncertainties not currently known to us or"
37,"as a result of new information, future events or otherwise. that we currently deem to be immaterial may also have a material adverse"
38,"Forward-looking statements, by their very nature, are subject to inherent effect on our financial position, financial performance, cash flows, business"
39,"risks and uncertainties and are based on several assumptions, both or reputation. Except as otherwise indicated by us, forward-looking"
40,"general and specific, which give rise to the possibility that actual results statements do not reflect the potential impact of any special items or of"
