,Unnamed: 0,SOFTWARE,DATA AND,Unnamed: 1,Unnamed: 2,Unnamed: 3
0,,SOLUTIONS,ANALYTICS,,,
1,"(in millions, except per share data)",,,2019,2018,2017
2,Revenues,,,"$1,177.2","$1,114.0","$1,051.6"
3,Adjusted Revenues(1),,,"$1,177.7","$1,116.5","$1,056.1"
4,Earnings before equity in losses of unconsolidated affiliates,,,$182.8,$168.5,$254.2
5,Net earnings(2),,,$108.8,$168.5,$254.2
6,Net earnings margin,,,9.2%,15.1%,24.2%
7,Net earnings attributable to Black Knight,,,$108.8,$168.5,$182.3
8,"Net earnings attributable to Black Knight, per diluted share",,,$0.73,$1.14,$1.47
9,Adjusted Net Earnings(1),,,$295.4,$277.9,$209.6
10,Adjusted EPS(1),,,$1.99,$1.87,$1.38
11,Adjusted EBITDA(1),,,$583.4,$542.5,$505.8
12,Adjusted EBITDA Margin(1),,,49.5%,48.6%,47.9%
