,Unnamed: 0,Unnamed: 1,Unnamed: 2,Effect of,Amounts without
0,,,As reported,ASC  606 adoption,adoption of ASC 606
1,Revenues,$,"1,114.0",$ (11.6) $,"1,102.4"
2,Operating expenses,,625.4,4.5,629.9
3,Depreciation and amortization,,217.0,(1.1),215.9
4,Income tax expense,,37.7,(3.9),33.8
5,Net earnings,,168.5,(11.1),157.4
6,Earnings per share:,,,,
7,Basic,$,1.14,$ (0.07) $,1.07
8,Diluted,$,1.14,$ (0.08) $,1.06
9,The following table summarizes the effect of adopting ASC 606 on our Consolidated Statement of Cash Flow (in millions):,,,,
10,,,"Year ended December 31, 2018",,
11,,,,Effect of,Amounts without
12,,,As reported,ASC  606 adoption,adoption of ASC 606
13,Cash flows from operating activities:,,,,
14,Net earnings,$,168.5,$ (11.1) $,157.4
15,Certain adjustments to reconcile net earnings to net cash,,,,
16,provided by operating activities:,,,,
17,Depreciation and amortization,,217.0,(1.1),215.9
18,"Deferred income taxes, net",,(7.5),(3.9),(11.4)
19,Changes in assets and liabilities:,,,,
20,"Trade and other receivables, including receivables from",,,,
21,related parties,,44.5,(1.8),42.7
22,Prepaid expenses and other assets,,(41.5),6.3,(35.2)
23,Deferred contract costs,,(44.8),4.5,(40.3)
24,Deferred revenues,,(6.4),4.7,(1.7)
