,Unnamed: 0,Unnamed: 1,Option Awards,Unnamed: 2,Stock Awards
0,,,,,Market
1,,Number of,Number of,,Number Value of
2,,Securities,Securities,,of Shares Shares or
3,,Underlying,Underlying,,or Units Units of
4,,Unexercised,Unexercised Option,,of Stock Stock That
5,,Options,Options Exercise,Option,That Have Have Not
6,,(#),(#) Price,Expiration,Not Vested Vested
7,Name,Exercisable,Unexercisable ($),Date,(#) ($)(1)
8,Chaim Lebovits,"369,619",- 2.45,9/28/2025,"15,593(2) 66,736"
9,,,,,"23,389(3) 100,104"
10,,,,,"31,185(4) 133,472"
11,Ralph Kern,-,- -,-,"17,943(5) 76,794"
12,,,,,"26,914(6) 115,191"
13,,,,,"35,885(7) 153,588"
14,Preetam Shah,-,"100,000(8) 3.96",9/05/2029,"25,000(9) 107,000"
15,,-,"100,000(8) 6.00",9/05/2029,
