,·,"On June 11, 2019, we established an at-the-market Common Stock offering program (the “ATM Program”) to sell shares of our Common Stock, having"
0,,an aggregate offering amount of up to $20 million. This program provides additional financial flexibility and an alternative mechanism to access the
1,,"capital markets at an efficient cost, as and when the Company needs financing. From June 11, 2019 through December 31, 2019, we sold an aggregate of"
2,,"724,215 shares of common stock pursuant to the ATM Distribution Agreement at an average price of $4.01 per share, raising gross proceeds of"
3,,"approximately $2.91 million. From June 11, 2019 through December 31, 2019, we sold an aggregate of 724,215 shares of common stock pursuant to the"
4,,"ATM Distribution Agreement at an average price of $4.01 per share, raising gross proceeds of approximately $2.91 million. As of December 31, 2019,"
5,,"the Company had received gross proceeds of approximately $2.14 million from these ATM sales. In summary , from the initiation of the ATM through"
6,,"February 14, 2019, we sold an aggregate of 3,914,792 shares of common stock at an average price of $4.75 per share, raising gross proceeds of"
7,,approximately $18.58 million.
8,·,"On August 2, 2019, the Company entered into a Warrant Exercise Agreement which generated gross cash proceeds to the Company of approximately"
