,Assets,Unnamed: 0,Unnamed: 1,Unnamed: 2,Unnamed: 3
0,Prepaid expenses and other current assets (1) $,"12,000","1,891",$,"13,891"
1,Deferred income tax assets,"31,581",532,,"32,113"
2,Other assets (1),"18,829","3,145",,"21,974"
3,,,,,
4,Liabilities and Stockholders' Equity,,,,
5,Deferred revenue $,"17,757","2,156",,"19,913"
6,Other non-current liabilities,"24,249","5,007",,"29,256"
7,,,,,
8,Stockholders' equity,,,,
9,Accumulated deficit $,"(19,459)","(1,595)",,"(21,054)"
10,(1) Deferred product costs included in Prepaid expenses and other current assets and Other assets amounted,,,,
11,"to $5.4 million and $6.0 million, respectively, as of March 1, 2018.",,,,
12,"In accordance with the requirements of ASC 606, the disclosure of the impact of adoption on our consolidate",,,,
13,"balance sheet as of the fiscal year ended February 28, 2019 is as follows:",,,,
14,,"As of February 28, 2019",,,
15,,,ASC 606,Without ASC 606,
16,,As reported,Adjustments,,Adoption
17,Assets,,,,
18,Prepaid expenses and other current assets (1) $,"19,373","(1,473)",$,"17,900"
19,Deferred income tax assets,"22,626",(532),,"22,094"
20,Other assets (1),"22,510","(3,319)",,"19,191"
21,,,,,
22,Liabilities and Stockholders' Equity,,,,
23,Deferred revenue (2) $,"24,264","(1,945)",,"22,319"
24,Other non-current liabilities (2),"38,476","(5,353)",,"33,123"
25,,,,,
26,Stockholders' equity:,,,,
27,Accumulated deficit $,"(2,227)","1,689",,(538)
