,Unnamed: 0,of year expenses,Deductions,Other,Unnamed: 1,year
0,Allowance for doubtful accounts:,,,,,
1,Fiscal 2017,622 541,(201),-,,962
2,Fiscal 2018,962 685,(461),-,,"1,186"
3,Fiscal 2019,"1,186 1,230",(660),,,"1,756"
4,Warranty reserve:,,,,,
5,Fiscal 2017 (1),"1,892 1,305","(2,562)","5,883",,"6,518"
6,Fiscal 2018,"6,518 1,331","(2,115)",-,,"5,734"
7,Fiscal 2019,"5,734 1,126","(5,462)",,,"1,398"
8,Deferred tax assets valuation allowance:,,,,,
9,Fiscal 2017 (1),"1,618 1,391",-,"3,578",,"6,587"
10,Fiscal 2018 (2),"6,587 -","(4,835)","15,092",,"16,844"
11,Fiscal 2019,"16,844 799","(6,714)",-,,"10,929"
12,,,,,,
13,(1) Amounts under “Other” represent the reserves and valuation allowance assumed in acquisition of LoJack,,,,,
14,The warranty reserve is included in the Other Current Liabilities in the consolidated balance sheets.,,,,,
15,(2) Amount under “Other” represents the valuation allowance previously netted against deferred tax assets o,,,,,
16,"foreign net deferred tax assets not recorded on the balance sheet, which were disclosed narratively in th",,,,,
17,fiscal 2018 Form 10-K (see Note 12). Deferred tax assets and valuation allowances were grossed up b,,,,,
18,$15.1 million.,,,,,
19,NOTE 18 – COMMITMENTS AND CONTINGENCIES,,,,,
20,Operating Leases,,,,,
21,"We lease office space, tower infrastructure locations, vehicles, certain manufacturing equipment and offic",,,,,
22,equipment under operating lease arrangements expiring through fiscal 2026. Where operating leases contain escalatio,,,,,
23,"clauses, rent abatements, and/or concessions, such as rent holidays and landlord or tenant incentives or allowances",,,,,
24,we apply them in the determination of straight-line rent expense over the lease term. Certain operating leases requir,,,,,
25,"the payment of real estate taxes or other occupancy costs, which may be subject to escalation. Following is ou",,,,,
26,summary of future payments of operating lease commitments (in thousands):,,,,,
27,2020,$,"7,565",,,
28,2021,,"6,386",,,
29,2022,,"6,242",,,
30,2023,,"6,199",,,
31,2024,,"6,126",,,
32,Thereafter,,"7,659",,,
33,,$,"40,177",,,
