,($ in millions),Unnamed: 0,2019,Unnamed: 1,Unnamed: 2,2018
0,Deferred tax assets:,,,,,
1,Pensions,$,86.9,,$,66.8
2,Postretirement provisions,,35.7,,,33.7
3,Net operating loss carryforwards,,28.8,,,26.5
4,Derivatives and hedging activities,,4.1,,,—
5,Other,,32.1,,,29.4
6,Gross deferred tax assets,,187.6,,,156.4
7,Valuation allowances,,(24.6),,,(23.9)
8,Total deferred tax assets,,163.0,,,132.5
9,Deferred tax liabilities:,,,,,
10,Depreciation,,(249.5),,,(235.2)
11,Intangible assets,,(11.3),,,(11.9)
12,Inventories,,(36.1),,,(30.5)
13,Derivatives and hedging activities,,(0.3),,,(8.7)
14,Other,,(4.3),,,(3.5)
15,Total deferred tax liabilities,,(301.5),,,(289.8)
16,"Deferred tax liabilities, net",$,(138.5),,$,(157.3)
