,Goodwill,Unnamed: 0,Unnamed: 1,$ 310.6,Unnamed: 2,$ 5.3,Unnamed: 3,$,315.9,$ 57.7,Unnamed: 4,$ 373.6
0,Accumulated impairment losses,,,(47.2),,—,,,(47.2),—,,(47.2)
1,Total goodwill,,,$ 263.4,,$ 5.3,,$,268.7,$ 57.7,,$ 326.4
2,Specialty Alloys Operations,,,$ 195.5,,$ —,,$,195.5,$ —,,$ 195.5
3,Performance Engineered Products,,,67.9,,5.3,,,73.2,57.7,,130.9
4,Total goodwill,,,$ 263.4,,$ 5.3,,$,268.7,$ 57.7,,$ 326.4
5,"Other Intangible Assets, Net",,,,,,,,,,,
6,,,,"June 30, 2019",,,,,,"June 30, 2018",,
7,,,Gross,,,,,,Gross,,,
8,Useful Life,,Carrying,Accumulated,,Net Carrying,,,Carrying,Accumulated,,Net Carrying
9,($ in millions) (in Years),,Amount,Amortization,,Amount,,,Amount,Amortization,,Amount
10,Trademarks and trade names 15 - 30,$,33.5,$ (24.3),,$ 9.2,,$,33.5,$ (23.2),,$ 10.3
11,Customer relationships 10 - 15,,76.9,(36.0),,40.9,,,76.9,(30.8),,46.1
12,Non-compete agreements 5,,0.2,(0.1),,0.1,,,0.2,(0.1),,0.1
13,Technology 15,,7.3,(1.0),,6.3,,,7.3,(0.5),,6.8
14,Patents 14 - 20,,11.4,(0.7),,10.7,,,—,—,,—
15,Total,$,129.3,$ (62.1),,$ 67.2,,$,117.9,$ (54.6),,$ 63.3
