,ASSETS,Unnamed: 0,Unnamed: 1,Unnamed: 2,Unnamed: 3
0,Current assets:,,,,
1,Cash and cash equivalents,$,27.0,$,56.2
2,"Accounts receivable, net of allowance for doubtful accounts of $3.7 million and $2.6",,,,
3,"million at June 30, 2019 and 2018, respectively",,384.1,,378.5
4,Inventories,,787.7,,689.2
5,Other current assets,,37.4,,54.9
6,Total current assets,,"1,236.2",,"1,178.8"
7,"Property, plant and equipment, net",,"1,366.2",,"1,313.4"
8,Goodwill,,326.4,,268.7
9,"Other intangibles, net",,67.2,,63.3
10,Deferred income taxes,,4.2,,4.3
11,Other assets,,187.6,,178.5
12,Total assets,$,"3,187.8",$,"3,007.0"
13,LIABILITIES,,,,
14,Current liabilities:,,,,
15,Short-term credit agreement borrowings,$,19.7,$,—
16,Accounts payable,,238.7,,214.7
17,Accrued liabilities,,157.6,,148.6
18,Total current liabilities,,416.0,,363.3
19,Long-term debt,,550.6,,545.7
20,Accrued pension liabilities,,371.2,,288.8
21,Accrued postretirement benefits,,122.1,,108.2
22,Deferred income taxes,,142.7,,161.6
23,Other liabilities,,65.1,,53.5
24,Total liabilities,,"1,667.7",,"1,521.1"
25,Contingencies and commitments (see Note 12),,,,
26,STOCKHOLDERS’ EQUITY,,,,
27,"Common stock — authorized 100,000,000 shares; issued 55,808,743 shares at June 30,",,,,
28,"2019 and 55,712,229 shares at June 30, 2018; outstanding 47,470,363 shares at June 30,",,,,
29,"2019 and 47,191,744 shares at June 30, 2018",,279.0,,278.6
30,Capital in excess of par value,,320.4,,310.0
31,Reinvested earnings,,"1,605.3",,"1,475.9"
32,"Common stock in treasury (8,338,380 shares and 8,520,485 shares at June 30, 2019 and",,,,
33,"2018, respectively), at cost",,(332.8),,(338.8)
34,Accumulated other comprehensive loss,,(351.8),,(239.8)
35,Total stockholders' equity,,"1,520.1",,"1,485.9"
36,Total liabilities and stockholders' equity,$,"3,187.8",$,"3,007.0"
