,Unnamed: 0,Unnamed: 1,Unnamed: 2,(Dollars in millions)
0,Estimated future benefit payments:,,,
1,2020 . . . . . . . . . . . . . . . . . . . . . . . . . . . . . . . . . . . . . . . .,$,971,242 (6)
2,2021 . . . . . . . . . . . . . . . . . . . . . . . . . . . . . . . . . . . . . . . .,,921,238 (6)
3,2022 . . . . . . . . . . . . . . . . . . . . . . . . . . . . . . . . . . . . . . . .,,893,232 (6)
4,2023 . . . . . . . . . . . . . . . . . . . . . . . . . . . . . . . . . . . . . . . .,,868,226 (5)
5,2024 . . . . . . . . . . . . . . . . . . . . . . . . . . . . . . . . . . . . . . . .,,842,219 (5)
6,2025 - 2029 . . . . . . . . . . . . . . . . . . . . . . . . . . . . . . . . . .,,"3,813",986 (20)
7,et Periodic Benefit Expense,,,
8,We utilize a full yield curve approach in connection with estimating the service and interest components of,,,
9,et periodic benefit expense by applying the specific spot rates along the yield curve used in the determination,,,
10,f the benefit obligation to the relevant projected cash flow.,,,
11,The actuarial assumptions used to compute the net periodic benefit expense for our Combined Pension,,,
12,"lan and post-retirement benefit plans are based upon information available as of the beginning of the year, as",,,
13,resented in the following table.,,,
14,Combined Pension,,,
15,,,Plan,Post-Retirement Benefit Plans
16,2019,,2018 2017,2019 2018 2017
17,Actuarial assumptions at beginning of year:,,,
18,3.94% -,,3.14% - 3.25% -,3.84%-
19,Discount rate . . . . . . . . . . . . . . . . . . . . . . . . . . . . . . . . . . . . . . . 4.44%,,3.69% 4.14%,4.38% 4.26% 3.90%
20,Rate of compensation increase . . . . . . . . . . . . . . . . . . . . . . . . 3.25%,,3.25% 3.25%,N/A N/A N/A
21,Expected long-term rate of return on plan assets(1) . . . . . . . . 6.50%,,6.50% 6.50%,4.00% 4.00% 5.00%
22,,,,6.50% / 7.00% / 7.00% /
23,Initial health care cost trend rate . . . . . . . . . . . . . . . . . . . . . . . N/A,,N/A N/A,5.00% 5.00% 5.00%
24,Ultimate health care cost trend rate . . . . . . . . . . . . . . . . . . . . N/A,,N/A N/A,4.50% 4.50% 4.50%
25,Year ultimate trend rate is reached . . . . . . . . . . . . . . . . . . . . . N/A,,N/A N/A,2025 2025 2025
