,Unnamed: 0,Unnamed: 1,Unnamed: 2,(Dollars in millions),Unnamed: 3,Unnamed: 4
0,"Balance at December 31, 2017 . . . . . . . . . . . . . . . . . . . . . . . . .",$,"(1,731)",(235),(29),"(1,995)"
1,Other comprehensive income (loss) before,,,,,
2,reclassifications . . . . . . . . . . . . . . . . . . . . . . . . . . . . . . . . . . . . .,,(195),194,(201),(202)
3,Amounts reclassified from accumulated other comprehensive,,,,,
4,loss . . . . . . . . . . . . . . . . . . . . . . . . . . . . . . . . . . . . . . . . . . . . . . .,,128,15,—,143
5,Net current-period other comprehensive income (loss) . . . . . .,,(67),209,(201),(59)
6,"Cumulative effect of adoption of ASU 2018-02,",,,,,
7,Reclassification of Certain Tax Effects from Accumulated,,,,,
8,Other Comprehensive Income . . . . . . . . . . . . . . . . . . . . . . . . .,$,(375),(32),—,(407)
9,"Balance at December 31, 2018 . . . . . . . . . . . . . . . . . . . . . . . . .",$,"(2,173)",(58),(230),"(2,461)"
