,Unnamed: 0,Unnamed: 1,2019,Unnamed: 2,2018,Unnamed: 3,2017
0,Cash flows from operating activities:,,,,,,
1,Net income,$,"24,193",$,"20,402",$,"14,366"
2,Adjustments to reconcile net income to net cash provided by operating activities:,,,,,,
3,Depreciation and amortization,,"13,328",,"10,296",,"8,516"
4,Amortization of intangible assets,,"12,663",,"11,910",,"12,033"
5,Provision for allowance for doubtful accounts,,"4,981",,"3,790",,"4,061"
6,Non-cash operating lease expense,,"2,043",,770,,285
7,Deferred taxes,,"2,063",,"2,554",,(703)
8,Amortization of deferred financing fees,,"2,168",,"3,155",,"2,084"
9,Stock compensation,,"4,399",,"4,094",,"3,018"
10,Change in fair value of contingent earn-out liabilities,,"5,879",,"1,448",,(579)
11,Loss on asset disposal,,101,,169,,10
12,"Changes in assets and liabilities, net of acquisitions:",,,,,,
13,Accounts receivable,,"(13,213)",,"(19,466)",,"(13,611)"
14,Inventories,,"(9,439)",,"(6,330)",,"(11,783)"
15,Prepaid expenses and other current assets,,"(1,813)",,120,,"4,762"
16,"Accounts payable, accrued liabilities and accrued compensation",,"3,775",,"13,677",,"10,406"
17,Other assets and liabilities,,"(6,121)",,"(1,507)",,"(1,368)"
18,Net cash provided by operating activities,,"45,007",,"45,082",,"31,497"
19,Cash flows from investing activities:,,,,,,
20,Capital expenditures,,"(16,077)",,"(19,817)",,"(12,311)"
21,"Cash paid for acquisitions, net of cash received",,"(28,077)",,"(13,901)",,"(30,095)"
22,Proceeds from asset disposals,,—,,30,,—
23,Net cash used in investing activities,,"(44,154)",,"(33,688)",,"(42,406)"
24,Cash flows from financing activities:,,,,,,
25,"Payment of debt, finance lease and other financing obligations",,"(1,894)",,"(49,360)",,"(12,830)"
26,"Proceeds from the issuance of common stock, net of issuance costs",,—,,—,,"34,020"
27,Proceeds from debt issuance,,"150,000",,—,,—
28,Payment of deferred financing fees,,"(5,082)",,"(1,502)",,(761)
29,Proceeds from exercise of stock options,,"1,541",,—,,—
30,Surrender of shares to pay withholding taxes,,"(1,022)",,(764),,(500)
31,Cash paid for contingent earn-out liability,,"(2,412)",,"(3,000)",,(500)
32,Borrowings under asset based loan facility,,—,,"47,100",,"24,000"
33,Payments under asset based loan facility,,"(44,184)",,"(2,916)",,"(24,000)"
34,Net cash provided by (used in ) financing activities,,"96,947",,"(10,442)",,"19,429"
35,Effect of foreign currency on cash and cash equivalents,,23,,(46),,122
36,Net change in cash and cash equivalents,,"97,823",,906,,"8,642"
37,Cash and cash equivalents at beginning of year,,"42,410",,"41,504",,"32,862"
38,Cash and cash equivalents at end of year,$,"140,233",$,"42,410",$,"41,504"
