,Unnamed: 0,Unnamed: 1,"December 27, 2019",Unnamed: 2,"December 28, 2018"
0,Deferred tax assets:,,,,
1,Receivables and inventory,$,"4,468",$,"3,978"
2,Accrued expenses,,170,,"1,835"
3,Self-insurance reserves,,"1,957",,"2,050"
4,Net operating loss carryforwards,,"1,393",,"1,749"
5,Stock compensation,,"1,894",,"1,670"
6,Operating lease liabilities,,"37,740",,—
7,Other,,612,,803
8,Total deferred tax assets,,"48,234",,"12,085"
9,,,,,
10,Deferred tax liabilities:,,,,
11,Property & equipment,,"(5,218)",,"(3,446)"
12,Intangible assets,,"(15,192)",,"(13,197)"
13,Contingent earn-out liabilities,,"(1,526)",,"(3,179)"
14,Prepaid expenses and other,,"(1,379)",,"(1,052)"
15,Operating lease right-of-use assets,,"(34,895)",,—
16,Total deferred tax liabilities,,"(58,210)",,"(20,874)"
17,Valuation allowance,,(907),,(812)
18,Total net deferred tax liability,$,"(10,883)",$,"(9,601)"
