,Unnamed: 0,Unnamed: 1,Unnamed: 2,Less than One,Unnamed: 3,1-3,Unnamed: 4,4-5,Unnamed: 5,Unnamed: 6,Unnamed: 7
0,,,Total,Year,,Years,,Years,,,Thereafter
1,,,,,,(In thousands),,,,,
2,Inventory purchase commitments,$,"53,413","$ 53,413",$,—,$,—,,$,—
3,Indebtedness,$,"406,644","$ 2,993",$,"244,151",$,"159,500",,$,—
4,Finance lease obligations,$,"4,597",$ 880,$,"1,715",$,"1,392",,$,610
5,Pension exit liabilities,$,"2,169",$ 149,$,329,$,375,,$,"1,316"
6,Long-term operating leases,$,"197,359","$ 25,662",$,"43,130",$,"30,080",,$,"98,487"
7,,,,,,,,,,,
8,Total,$,"664,182","$ 83,097",$,"289,325",$,"191,347",,$,"100,413"
