,Non-operating costs,Unnamed: 0,Unnamed: 1,Unnamed: 2,Unnamed: 3,Unnamed: 4,Unnamed: 5,Unnamed: 6,Unnamed: 7,Unnamed: 8,Unnamed: 9,Unnamed: 10,Unnamed: 11
0,Interest expense,$,139.6,$,131.5,$,8.1,6%,$,85.2,$,46.3,54%
1,"Loss on extinguishment of debt, net",,—,,1.3,,(1.3),n/m,,3.2,,(1.9),(59)%
2,Other components of pension and,,,,,,,,,,,,
3,postretirement benefit plans expense,,11.2,,12.5,,(1.3),(10)%,,16.6,,(4.1),(25)%
4,Gain on sale of CyrusOne investment,,—,,—,,—,n/m,,(117.7),,117.7,n/m
5,"Other (income) expense, net",,(0.5),,(1.6),,1.1,(69)%,,1.4,,(3.0),n/m
6,Income tax (benefit) expense,,(10.6),,9.4,,(20.0),n/m,,26.7,,(17.3),(65)%
