,Unnamed: 0,Unnamed: 1,Gross,Unnamed: 2,Unnamed: 3,Unnamed: 4,Unnamed: 5,Unnamed: 6,Gross.1,Unnamed: 7,Unnamed: 8,Unnamed: 9,Unnamed: 10
0,,,Carrying,,Accumulated,,Net,,Carrying,,Accumulated,,Net
1,(dollars in millions),,Amount (a),,Amortization,,Amount,,Amount (a),,Amortization,,Amount
2,Customer relationships,$,140.8,$,(28.4),$,112.4,$,139.4,$,(17.8),$,121.6
3,Trade names,,41.3,,(6.0),,35.3,,40.7,,(2.8),,37.9
4,Technology,,9.9,,(2.2),,7.7,,9.9,,(1.3),,8.6
5,Total,$,192.0,$,(36.6),$,155.4,$,190.0,$,(21.9),$,168.1
