,Assets,Unnamed: 0,Unnamed: 1,Unnamed: 2,Unnamed: 3
0,Current assets,,,,
1,Cash and cash equivalents,$,11.6,$,15.4
2,"Receivables, less allowances of $14.3 and $13.0",,307.7,,342.8
3,"Inventory, materials and supplies",,44.6,,46.5
4,Prepaid expenses,,28.3,,30.7
5,Other current assets,,11.6,,10.5
6,Total current assets,,403.8,,445.9
7,"Property, plant and equipment, net",,"1,780.8",,"1,844.0"
8,Operating lease right-of-use assets,,35.8,,—
9,Goodwill,,160.5,,157.0
10,"Intangible assets, net",,155.4,,168.1
11,Deferred income tax assets,,59.3,,47.5
12,Other noncurrent assets,,58.2,,67.7
13,Total assets,$,"2,653.8",$,"2,730.2"
14,Liabilities and Shareowners’ Deficit,,,,
15,Current liabilities,,,,
16,Current portion of long-term debt,$,22.3,$,20.2
17,Accounts payable,,284.6,,331.9
18,Unearned revenue and customer deposits,,59.1,,55.9
19,Accrued taxes,,29.1,,24.8
20,Accrued interest,,26.8,,26.8
21,Accrued payroll and benefits,,49.0,,42.9
22,Other current liabilities,,52.6,,39.2
23,Total current liabilities,,523.5,,541.7
24,"Long-term debt, less current portion",,"1,901.3",,"1,909.6"
25,Operating lease liabilities,,32.1,,—
26,Pension and postretirement benefit obligations,,215.5,,230.6
27,Pole license agreement obligation,,38.0,,39.1
28,Deferred income tax liabilities,,11.7,,11.4
29,Other noncurrent liabilities,,71.7,,72.8
30,Total liabilities,,"2,793.8",,"2,805.2"
31,Shareowners’ deficit,,,,
32,"Preferred stock, 2,357,299 shares authorized; 155,250 shares (3,105,000 depositary shares) of 6 3/4%",,,,
33,"Cumulative Convertible Preferred Stock issued and outstanding at December 31, 2019 and 2018;",,,,
34,"liquidation preference $1,000 per share ($50 per depositary share)",,129.4,,129.4
35,"Common shares, $.01 par value; 96,000,000 shares authorized; 50,420,700 and 50,184,114 shares issued",,,,
36,"and outstanding at December 31, 2019 and 2018, respectively",,0.5,,0.5
37,Additional paid-in capital,,"2,676.2",,"2,680.0"
38,Accumulated deficit,,"(2,776.0)",,"(2,709.4)"
39,Accumulated other comprehensive loss,,(170.1),,(175.5)
40,Total shareowners’ deficit,,(140.0),,(75.0)
41,Total liabilities and shareowners’ deficit,$,"2,653.8",$,"2,730.2"
