,Unnamed: 0,Unnamed: 1,Incorporated
0,Number,Description,by Reference to
1,2.1,"Asset Purchase Agreement dated February 20, 2018 by and between Calix, Inc. and Clearfield Exhibit 2.1 to the Registrant’s Current Report on Form 8-K",
2,,Inc.,"dated February 20, 2018"
3,3.1,"Restated Articles of Incorporation, of APA Optics, Inc. (n/k/a Clearfield, Inc.) dated November",Exhibit 3.1 to Registrant’s Quarterly Report on Form 10-Q
4,,"3, 1983 and Articles of Amendment dated December 9, 1983, July 30, 1987, March 22, 1989, for the quarter ended September 30, 2000",
5,,"September 14, 1994 and August 17, 2000",
6,3.1 (a),"Articles of Amendment to Articles of Incorporation dated August 25, 2004",Exhibit 3.1 to Registrant’s Quarterly Report on Form 10-Q
7,,,"for the quarter ended September 30, 2004"
8,3.2,"Amended and Restated Bylaws of Clearfield, Inc.",Exhibit 3.1 to Registrant’s Current Report on Form 8-K dated
9,,,"February 25, 2016"
10,4.1,Description of the Registrant’s Securities Registered Pursuant to Section 12 of the Securities **,
11,,Exchange Act of 1934,
12,*10.1,Form of Agreement regarding Indemnification of Directors and Officers with certain current Exhibit 10.1 to Registrant’s Annual Report on Form 10-K for,
13,,and former directors,"the quarter ended September 30, 2017"
14,*10.2,"2007 Stock Compensation Plan, as amended through December 23, 2016",Appendix A to the Registrant’s Proxy Statement filed with the
15,,,"SEC on January 10, 2017 for the 2017 Annual Meeting of"
16,,,"Shareholders held on February 23, 2017"
17,*10.3,"Employment Agreement dated December 16, 2008 by and between Clearfield, Inc. and Cheryl Exhibit 10.26 to Registrant’s Current Report on Form 8-K",
18,,P. Beranek,"dated December 16, 2008"
19,*10.4,"Employment Agreement dated December 16, 2008 by and between Clearfield, Inc. and John P. Exhibit 10.27 to Registrant’s Current Report on Form 8-K",
20,,Hill,"dated December 16, 2008"
21,*10.5,"Clearfield, Inc. Code 280G Tax Gross Up Payment Plan Adopted November 18, 2010",Exhibit 10.1 to Registrant’s Current Report on Form 8-K
22,,,"dated November 18, 2010"
23,10.6,"Clearfield, Inc. 2010 Employee Stock Purchase Plan",Appendix A to the Registrant’s Proxy Statement filed with the
24,,,"SEC on January 26, 2010 for the 2010 Annual Meeting of"
25,,,"Shareholders held on February 25, 2010"
26,10.7,"Standard Form Industrial Building Lease dated September 9, 2014 by and between Clearfield,Exhibit",10.1 to Registrant’s Current Report on Form 8-K
27,,"Inc. and First Industrial, L.P.","dated September 10, 2014"
