,YEARS ENDED AUGUST 31,Unnamed: 0,Unnamed: 1,Unnamed: 2,constant,exchange
0,"(in thousands of Canadian dollars, except percentages",2019,20181,Change,currency 2,impact 2
1,and per share data),$,$,%,%,$
2,OPERATIONS,,,,,
3,Revenue,"2,331,820","2,147,404",8.6,6.8,"37,433"
4,Adjusted EBITDA,"1,107,940","1,006,818",10.0,8.5,"15,797"
5,Adjusted EBITDA margin,47.5%,46.9%,,,
6,"Integration, restructuring and acquisition costs3","11,150","20,328",(45.1),,
7,Profit for the year from continuing operations,"356,908","384,578",(7.2),,
8,Profit (loss) for the year from discontinued operations,"75,380","(24,381)",—,,
9,Profit for the year,"432,288","360,197",20.0,,
10,Profit for the year attributable to owners of the Corporation,"415,353","350,833",18.4,,
11,CASH FLOW,,,,,
12,Cash flow from operating activities,"868,711","620,748",39.9,,
13,"Acquisitions of property, plant and equipment4","434,545","457,808",(5.1),(7.1),"9,342"
14,Free cash flow,"454,059","301,850",50.4,50.0,"1,330"
15,CAPITAL INTENSITY,18.6%,21.3%,,,
16,FINANCIAL CONDITION,,,,,
17,Cash and cash equivalents,"556,504","84,725",—,,
18,Total assets,"6,951,079","7,180,043",(3.2),,
19,Indebtedness5,"3,454,923","3,914,711",(11.7),,
20,Equity attributable to owners of the Corporation,"2,199,789","1,997,169",10.1,,
21,PER SHARE DATA6,,,,,
22,Earnings (loss) per share,,,,,
23,Basic,,,,,
24,From continuing operations,6.89,7.61,(9.5),,
25,From discontinued operations,1.53,(0.49),—,,
26,From continuing and discontinued operations,8.41,7.12,18.1,,
27,Diluted,,,,,
28,From continuing operations,6.83,7.55,(9.5),,
29,From discontinued operations,1.51,(0.49),—,,
30,From continuing and discontinued operations,8.35,7.06,18.3,,
