,Unnamed: 0,2019 2018,Change
0,,(in thousands),
1,Service revenue,"$  546,159 $  520,193",5.0 %
2,On-net revenues,"396,753  374,555",5.9 %
3,Off-net revenues,"148,931  145,004",2.7 %
4,Network operations expenses(1),"219,801  219,526",0.1 %
5,"Selling, general, and administrative expenses(2)","146,913  133,858",9.8 %
6,Depreciation and amortization expenses,"80,247  81,233",(1.2)%
7,Gains on equipment transactions,"1,059  982",7.8 %
8,Interest expense,"57,453  51,056",12.5 %
9,Income tax expense,"15,154  12,715",19.2 %
10,1) Includes non-cash equity-based compensation expense of $994 and $895 for 2019 and 201,,
11,respectively.,,
12,"2) Includes non-cash equity-based compensation expense of $17,466 and $16,813 for 2019 a",,
13,respectively.,,
14,,Year Ended,
15,,"December 31,",Percent
16,,2019 2018,Change
17,Other Operating Data,,
18,Average Revenue Per Unit (ARPU),,
19,ARPU—on-net,$  461 $  480,(3.8)%
20,ARPU—off-net,"$  1,097 $  1,155",(5.0)%
21,Average price per megabit,$  0.62 $  0.82,(23.9)%
22,Customer Connections—end of period,,
23,On-net,"74,554  68,770",8.4 %
24,Off-net,"11,660  10,974",6.3 %
