,Unnamed: 0,Beginning of,Costs and,Unnamed: 1,Unnamed: 2,End of
0,Description,Period,Expenses,(Deductions),,Period
1,Allowance for doubtful service accounts receivable (deducted,,,,,
2,from accounts receivable)(a),,,,,
3,"Year ended December 31, 2017","$ 1,734","$ 4,835","$ (5,070)",$,"1,499"
4,"Year ended December 31, 2018","$ 1,499","$ 4,115","$ (4,351)",$,"1,263"
5,"Year ended December 31, 2019","$ 1,263","$ 6,190","$ (5,682)",$,"1,771"
6,Deferred tax valuation allowance,,,,,
7,"Year ended December 31, 2017","$ 110,194","$ 20,102",$ (623),$,"129,673"
8,"Year ended December 31, 2018","$ 129,673","$ 2,138","$ (5,232)",$,"126,579"
9,"Year ended December 31, 2019","$ 126,579","$ 5,785","$ (1,295)",$,"131,069"
