,"At August 31, Maturity",Interest rate,Unnamed: 0,2019,2018
0,"(In thousands of Canadian dollars, except percentages)",%,,$,$
1,Corporation,,,,
2,Term Revolving Facility a),,,,
3,Canadian Revolving Facility,,,,
4,Revolving loan – US$310 million in 2018 January 2024,—,,—,"404,705"
5,Senior Secured Notes b),,,,
6,Series A – US$25 million September 2024,4.14,,"33,155","32,540"
7,Series B - US$150 million September 2026,4.29,,"198,845","195,176"
8,Senior Secured Notes Series B c) —,—,,—,"54,994"
9,Senior Secured Notes - US$215 million d) June 2025,4.30,,"284,996","279,711"
10,Senior Secured Debentures Series 2 e) November 2020,5.15,,"199,744","199,544"
11,Senior Secured Debentures Series 3 f) February 2022,4.93,,"199,457","199,255"
12,Senior Secured Debentures Series 4 g) May 2023,4.18,,"298,697","298,381"
13,Subsidiaries,,,,
14,First Lien Credit Facilities h),,,,
15,"Senior Secured Term Loan B Facility - US$1,678.8 million (US$1,695.8",,,,
16,(1) (2)million in 2018) January 2025,4.36,,"2,189,965","2,167,792"
17,Senior Secured Revolving Facility - US$20 million in 2018 January 2023,—,,—,"26,110"
18,,,,"3,404,859","3,858,208"
19,Less current portion,,,"22,601","77,188"
20,,,,"3,382,258","3,781,020"
