,"meeting the index’s performance. As mentioned above, the",the compensation of our NEOs primarily consisted of (A) base
0,committee modified the design of the performance-based,"salary, (B) participation in our annual variable compensation"
1,RSU grants made in the first quarter of fiscal 2019 and going,plan (referred to herein as our ‘‘annual cash incentive plan’’ or
2,forward to require performance two percentage points,"‘‘VCP’’), and (C) long-term equity incentive awards divided"
3,above the Russell Index to achieve the targeted vesting. If,between time-based RSUs and performance-based RSUs.
4,our stock outperforms that target during the defined,"For fiscal 2019, on average, approximately 83% of our NEO’s"
5,"performance period, the award is increased 2% for each",target compensation and approximately 86% of our CEO’s
6,percentage point of outperformance (up to a maximum cap,target compensation was delivered through our cash incentive
7,"of 200% of target). If our stock underperforms the target, the",plan and long-term equity incentives (both time and
