,250.00%,Unnamed: 0,Unnamed: 1,Unnamed: 2,Unnamed: 3,Unnamed: 4,Unnamed: 5,Unnamed: 6,Unnamed: 7
0,200.00%,,,,,,,,
1,,,,,,,,FISCAL 2019 PERFORMANCE RSU VESTING,
2,150.00%,,,,,,,,
3,100.00%,,,,,,,Relative Performance Vesting Percentage of,
4,50.00%,,,,,,,Percentage against the Target,
5,,,,,,,,Russell Index Amount,
6,0.00%,,,,,,,,
7,FY13,FY14,FY15 FY16,FY17,,FY18 FY19,,,
8,,,,,,,,152% or more 200% (maximum vesting),
9,Payout % 34%,33%,85% 151%,200%,,8JA93N%202015408%0024,,,
10,,,,,,,,102% 100%,
11,Tie compensation,,to performance,,,of our core,,,
12,,,,,,,,100% 96%,
13,business—Our fiscal 2019 annual cash incentive plan was,,,,,,,,
14,dependent upon,Coherent’s,achievement,,,against two,,85% 36%,
15,criteria: Adjusted,EBITDA,dollars,and,,revenue. The,,77% 4%,
16,committee determined that these were the most effective,,,,,,,76% or less 0% (no PRSUs vest),
17,metrics for tying management’s compensation directly to,,,,,,,,
18,225%Coherent’s core operating results for fiscal 2019.,,,,,,,,
19,,,,,,,,200%,
20,Align compensation with stockholder interests—Our,,,,,,,Payouts Percent of Target,
21,,,,,,,,175%,
22,stockholders,benefit,from continued,strong,,operating,,,
23,,,,,,,,150%,
24,"performance by the Company, and we believe that having a",,,,,,,,
25,"significant portion of compensation tied to equity, with both",,,,,,,125%,
26,"time and performance-based vesting requirements, directly",,,,,,,100% Target,
27,aligns management,,to stockholder,,,interests. The,,75%,
28,performance-based RSUs make up the largest potential,,,,,,,50%,
29,portion of the,equity,grants for,our CEO.,,Grants,of,25%,
30,performance-based,,RSUs historically,have,,the same,,,
31,,,,,,,,0%,
32,measurement period: a single vesting date three years from,,,,,,,-75% -50% -25% 0% 25%,50% 75% 100%
33,grant solely dependent upon the performance of Coherent’s,,,,,,,Performance Percentage Points vs. In2d0eDxEC201908382860,
34,common stock price measured against the Russell Index.,,,,,,,,
35,"Prior to fiscal 2019, the performance target was equal to",,,,,,,Elements of Executive Compensation.,"During fiscal 2019,"
