,‘‘group’’ as,that,term,is,used,in,Section,13(d)(3),of,the,"securities, the operation of which may at a subsequent date",Unnamed: 0
0,Securities Exchange Act of 1934 (the ‘‘Exchange Act’’)) known,,,,,,,,,,"result in a change of control. Unless otherwise indicated, the",
1,by us to be the beneficial owner of more than 5% of our voting,,,,,,,,,,address,of each stockholder in the table below is c/o
2,"securities, (ii) each director and each nominee for director,",,,,,,,,,,"Coherent,","Inc., 5100 Patrick Henry Drive, Santa Clara,"
3,(iii) each of the executive officers named in the Summary,,,,,,,,,,California 95054.,
4,,,,,,,,,,,,Number Percent of
5,Name and Address,,,,,,,,,,,of Shares Total(1)
6,Wellington Management Group LLP(2),,,,,,,,,,,"2,490,193 10.30%"
7,c/o Wellington Management Company LLP,,,,,,,,,,,
8,280 Congress Street,,,,,,,,,,,
9,"Boston, MA 02210",,,,,,,,,,,
10,Vanguard Group Inc.(3),,,,,,,,,,,"2,261,774 9.36%"
11,100 Vanguard Blvd.,,,,,,,,,,,
12,"Malvern, PA 19355",,,,,,,,,,,
13,Blackrock Inc.(4),,,,,,,,,,,"2,256,984 9.34%"
14,55 East 52nd Street,,,,,,,,,,,
15,"New York, NY 10055",,,,,,,,,,,
16,Victory Capital Management Inc.(5),,,,,,,,,,,"1,265,659 5.24%"
17,4900 Tiedeman Rd. 4th Floor,,,,,,,,,,,
18,"Brooklyn, OH 44144",,,,,,,,,,,
19,John R. Ambroseo(6),,,,,,,,,,,"187,195 *"
20,Andreas W. Mattes,,,,,,,,,,,— *
21,Kevin Palatnik,,,,,,,,,,,"27,231 *"
22,Mark Sobey,,,,,,,,,,,"8,816 *"
23,Bret DiMarco(7),,,,,,,,,,,"19,743 *"
24,Paul Sechrist(8),,,,,,,,,,,"13,878 *"
25,Jay T. Flatley(9),,,,,,,,,,,"40,014 *"
26,Pamela Fletcher,,,,,,,,,,,"3,180 *"
27,Susan M. James,,,,,,,,,,,"8,014 *"
28,Beverly Kay Matthews,,,,,,,,,,,— *
29,Michael R. McMullen,,,,,,,,,,,"2,422 *"
30,Garry W. Rogerson(10),,,,,,,,,,,"14,514 *"
31,Steve Skaggs,,,,,,,,,,,"12,514 *"
32,Sandeep Vij(11),,,,,,,,,,,"7,514 *"
33,All current directors and executive officers as a group (13 persons)(12),,,,,,,,,,,"148,822 *"
