,Unnamed: 0,Unnamed: 1,Unnamed: 2,Unnamed: 3,Unnamed: 4,Unnamed: 5,Unnamed: 6,Unnamed: 7,Unnamed: 8,Unnamed: 9,Unnamed: 10,Unnamed: 11,Unnamed: 12,Unnamed: 13,Unnamed: 14,Unnamed: 15,Unnamed: 16,Unnamed: 17,Unnamed: 18,"September 28,","September 29,","September 30,"
0,,,,,,,,,,,,,,,,,,,,2019,2018,2017
1,Cash flows from operating activities:,,,,,,,,,,,,,,,,,,,,,
2,Net income . . . . . . . . . . . . . . . . . . . .,.,.,.,.,.,.,.,.,.,.,.,.,.,.,.,.,,.,"$ 53,825","$247,358","$ 207,122"
3,Adjustments to reconcile net income to net cash provided by,,,,,,,,,,,,,,,,,,,,,
4,operating activities:,,,,,,,,,,,,,,,,,,,,,
5,Depreciation and amortization . . . .,.,.,.,.,.,.,.,.,.,.,.,.,.,.,.,.,,.,"54,925","53,342","43,689"
6,Amortization of intangible assets . .,.,.,.,.,.,.,.,.,.,.,.,.,.,.,.,.,,.,"61,460","60,039","60,556"
7,Gain on business combination . . . .,.,.,.,.,.,.,.,.,.,.,.,.,.,.,.,.,,.,—,—,"(5,416)"
8,Impairment and other charges . . . .,.,.,.,.,.,.,.,.,.,.,.,.,.,.,.,.,,.,—,766,"2,916"
9,Deferred income taxes . . . . . . . . . .,.,.,.,.,.,.,.,.,.,.,.,.,.,.,.,.,,.,"(14,930)","16,607","(19,752)"
10,Amortization of debt issuance cost .,.,.,.,.,.,.,.,.,.,.,.,.,.,.,.,.,,.,"4,647","9,565","7,202"
11,Stock-based compensation . . . . . . .,.,.,.,.,.,.,.,.,.,.,.,.,.,.,.,.,,.,"36,466","32,738","26,272"
12,Excess tax benefits from stock-based compensation,,,,,,,,,,,,,,,,,,,,,
13,arrangements . . . . . . . . . . . . . . .,.,.,.,.,.,.,.,.,.,.,.,.,.,.,.,.,,.,—,—,"(1,628)"
14,Non-cash restructuring charges . . . .,.,.,.,.,.,.,.,.,.,.,.,.,.,.,.,.,,.,"12,609","1,246","6,439"
15,Non-cash pension impact . . . . . . . .,.,.,.,.,.,.,.,.,.,.,.,.,.,.,.,.,,.,"(8,931)",980,"5,360"
16,Other non-cash expense . . . . . . . . .,.,.,.,.,.,.,.,.,.,.,.,.,.,.,.,.,,.,421,559,"1,443"
17,"Changes in assets and liabilities, net of effect of",,,,,,,,,,,,,,,,,,,,,
18,acquisitions:,,,,,,,,,,,,,,,,,,,,,
19,Accounts receivable . . . . . . . . . .,.,.,.,.,.,.,.,.,.,.,.,.,.,.,.,.,,.,"82,078","(47,020)","(52,516)"
20,Inventories . . . . . . . . . . . . . . . . .,.,.,.,.,.,.,.,.,.,.,.,.,.,.,.,.,,.,"17,805","(78,123)","(11,419)"
21,Prepaid expenses and other assets,.,.,.,.,.,.,.,.,.,.,.,.,.,.,.,.,,.,"14,074","(6,695)","(4,367)"
22,Other long-term assets . . . . . . . .,.,.,.,.,.,.,.,.,.,.,.,.,.,.,.,.,,.,(549),"(7,692)","(2,762)"
23,Accounts payable . . . . . . . . . . . .,.,.,.,.,.,.,.,.,.,.,.,.,.,.,.,.,,.,"(15,160)","(9,736)","8,276"
24,Income taxes payable/receivable . .,,.,.,.,.,.,.,.,.,.,.,.,.,.,.,.,,.,"(119,929)",474,"66,820"
25,Other current liabilities . . . . . . . .,.,.,.,.,.,.,.,.,.,.,.,.,.,.,.,.,,.,"(13,155)","(42,820)","47,458"
26,Other long-term liabilities . . . . . .,.,.,.,.,.,.,.,.,.,.,.,.,.,.,.,.,,.,"15,745","4,523","3,314"
27,Cash flows from discontinued operations .,,,,,.,.,.,.,.,.,.,.,.,.,.,.,,.,—,—,"(4,891)"
28,Net cash provided by operating activities,,,.,.,.,.,.,.,.,.,.,.,.,.,.,.,,.,"181,401","236,111","384,116"
29,Cash flows from investing activities:,,,,,,,,,,,,,,,,,,,,,
30,Purchases of property and equipment,,.,.,.,.,.,.,.,.,.,.,.,.,.,.,.,,.,"(83,283)","(90,757)","(63,774)"
31,Proceeds from dispositions of property and equipment .,,,,,,,,,,,,,,,.,.,,.,"5,294","4,405","1,953"
32,Purchases of available-for-sale securities,,,,.,.,.,.,.,.,.,.,.,.,.,.,.,,.,"(11,552)","(54,442)","(32,449)"
33,Proceeds from sales and maturities of available-for-sale,,,,,,,,,,,,,,,,,,,,,
34,securities . . . . . . . . . . . . . . . . . .,.,.,.,.,.,.,.,.,.,.,.,.,.,.,.,.,,.,"11,552","86,786","25,218"
35,"Acquisition of businesses, net of cash acquired",,,,,,,,,. .,,.,.,.,.,.,.,,.,"(18,881)","(45,448)","(740,481)"
36,Investment at cost . . . . . . . . . . . . .,.,.,.,.,.,.,.,.,.,.,.,.,.,.,.,.,,.,"(3,423)",—,—
37,Proceeds from sale of discontinued operation,,,,,,,,. .,,.,.,.,.,.,.,.,,.,—,"25,000",—
38,Proceeds from sale of other entities,.,.,.,.,.,.,.,.,.,.,.,.,.,.,.,.,,.,—,"6,250",—
39,Other . . . . . . . . . . . . . . . . . . . . . .,.,.,.,.,.,.,.,.,.,.,.,.,.,.,.,.,,.,—,470,—
40,Cash flows from discontinued operations .,,,,,.,.,.,.,.,.,.,.,.,.,.,.,,.,—,—,(755)
41,Net cash used in investing activities . .,.,.,.,.,.,.,.,.,.,.,.,.,.,.,.,.,,.,"(100,293)","(67,736)","(810,288)"
