,Unnamed: 0,Unnamed: 1,Unnamed: 2,Unnamed: 3,Unnamed: 4,Unnamed: 5,Unnamed: 6,Unnamed: 7,Unnamed: 8,Unnamed: 9,Unnamed: 10,Unnamed: 11,2019,Unnamed: 12,2018
0,Deferred tax assets:,,,,,,,,,,,,,,
1,Reserves and accruals not currently deductible,. .,.,.,.,.,.,.,,.,.,$,"40,687",$,"36,467"
2,Operating loss carryforwards and tax credits . .,. .,.,.,.,.,.,.,,.,.,,"71,890",,"67,068"
3,Deferred revenue . . . . . . . . . . . . . . . . . . . . .,. .,.,.,.,.,.,.,,.,.,,986,,"2,682"
4,Inventory capitalization . . . . . . . . . . . . . . . . .,. .,.,.,.,.,.,.,,.,.,,—,,"2,450"
5,Stock-based compensation . . . . . . . . . . . . . . .,. .,.,.,.,.,.,.,,.,.,,"5,649",,"5,267"
6,Competent authority offset to transfer pricing tax reserves,,,,,,,,,.,.,,"10,585",,"10,585"
7,Accumulated translation adjustment . . . . . . . .,. .,.,.,.,.,.,.,,.,.,,"5,459",,432
8,Other . . . . . . . . . . . . . . . . . . . . . . . . . . . . . .,. .,.,.,.,.,.,.,,.,.,,"4,423",,351
9,Total gross deferred tax assets . . . . . . . . . . . . . .,. .,.,.,.,.,.,.,,.,.,"139,679",,"125,302",
10,Valuation allowance . . . . . . . . . . . . . . . . . . . .,. .,.,.,.,.,.,.,,.,.,"(41,491)",,"(33,731)",
11,Total net deferred tax assets . . . . . . . . . . . . . . .,. .,.,.,.,.,.,.,,.,.,,"98,188",,"91,571"
12,Deferred tax liabilities:,,,,,,,,,,,,,,
13,Depreciation and amortization . . . . . . . . . . . .,. .,.,.,.,.,.,.,,.,.,,"23,625",,"39,358"
14,U.S. tax reform impacts . . . . . . . . . . . . . . . . .,. .,.,.,.,.,.,.,,.,.,,"14,603",,"13,694"
15,Inventory capitalization . . . . . . . . . . . . . . . . .,. .,.,.,.,.,.,.,,.,.,,734,,—
16,Total gross deferred tax liabilities . . . . . . . . . . . .,. .,.,.,.,.,.,.,,.,.,,"38,962",,"53,052"
17,Net deferred tax assets . . . . . . . . . . . . . . . . . . .,. .,.,.,.,.,.,.,,.,.,$,"59,226",$,"38,519"
