,Unnamed: 0,Unnamed: 1,2019,Unnamed: 2,Unnamed: 3,2018,Unnamed: 4,Unnamed: 5,2017,Unnamed: 6
0,,,Tax,After-,,Tax,After-,,Tax,After-
1,,Pre-Tax,(Expense),Tax,Pre-Tax,(Expense),Tax,Pre-Tax,(Expense),Tax
2,,Amount,Benefit,Amount,Amount,Benefit,Amount,Amount,Benefit,Amount
3,Net income . . . . . . . . . . . . . . . . . . . . . . . . . . . . . .,$ 900.0,$ (221.6),$ 678.4,$ 972.3,$ (160.5),$ 811.8,$ 989.2,$ (341.2),$ 648.0
4,Other comprehensive income:,,,,,,,,,
5,Derivative adjustments: . . . . . . . . . . . . . .,,,,,,,,,
6,Unrealized derivative adjustments,45.5,(11.4),34.1,2.9,(0.9),2.0,(1.0),0.4,(0.6)
7,Reclassification for derivative,,,,,,,,,
8,adjustments included in net,,,,,,,,,
9,income. . . . . . . . . . . . . . . . . . . . . .,(1.9),0.5,(1.4),0.1,—,0.1,(0.2),0.1,(0.1)
10,Unrealized gains on available-for-sale,,,,,,,,,
11,securities . . . . . . . . . . . . . . . . . . . . . . . . . .,—,—,—,1.1,(0.3),0.8,0.5,(0.2),0.3
12,Currency translation adjustment: . . . . . . .,,,,,,,,,
13,Unrealized currency translation,,,,,,,,,
14,gains (losses). . . . . . . . . . . . . . . . .,(10.2),—,(10.2),0.8,(0.1),0.7,(13.6),0.2,(13.4)
15,Reclassification for currency,,,,,,,,,
16,translation losses included in net,,,,,,,,,
17,income. . . . . . . . . . . . . . . . . . . . . .,10.4,—,10.4,—,—,—,—,—,—
18,Pension and post-employment benefit,,,,,,,,,
19,obligations: . . . . . . . . . . . . . . . . . . . . . . . .,,,,,,,,,
20,Unrealized pension and post-,,,,,,,,,
21,employment benefit obligations . .,(43.8),10.9,(32.9),157.3,(45.0),112.3,209.2,(80.6),128.6
22,Reclassification for pension and,,,,,,,,,
23,post-employment benefit,,,,,,,,,
24,obligations included in net,,,,,,,,,
25,income. . . . . . . . . . . . . . . . . . . . . .,(1.5),0.4,(1.1),0.9,(0.2),0.7,10.4,(4.0),6.4
26,Comprehensive income. . . . . . . . . . . . . . . . . . . . .,898.5,(221.2),677.3,"1,135.4",(207.0),928.4,"1,194.5",(425.3),769.2
27,Comprehensive income (loss) attributable,,,,,,,,,
28,to noncontrolling interests . . . . . . . . . . . . . .,(1.7),(0.1),(1.8),0.7,(1.2),(0.5),12.6,(0.7),11.9
29,Comprehensive income attributable to Conagra,,,,,,,,,
30,"Brands, Inc. . . . . . . . . . . . . . . . . . . . . . . . . . . . . . .",$ 900.2,$ (221.1),$ 679.1,"$ 1,134.7",$ (205.8),$ 928.9,"$ 1,181.9",$ (424.6),$ 757.3
