,Unnamed: 0,Unnamed: 1,First,Second,Third,Fourth,First.1,Second.1,Third.1,Fourth.1
0,,,Quarter,Quarter,Quarter,Quarter,Quarter,Quarter,Quarter,Quarter
1,Net sales . . . . . . . . . . . . . . .,,"$ 1,834.4","$ 2,383.7","$ 2,707.1","$ 2,613.2","$ 1,804.2","$ 2,173.4","$ 1,994.5","$ 1,966.2"
2,Gross profit . . . . . . . . . . . . .,,515.5,677.2,752.3,708.0,519.0,658.3,598.8,575.4
3,Income from continuing,,,,,,,,,
4,"operations, net of tax . . . . . .",,178.2,134.3,242.6,125.2,153.6,224.1,349.2,70.6
5,Income (loss) from,,,,,,,,,
6,"discontinued operations, net",,,,,,,,,
7,of tax . . . . . . . . . . . . . . . . . .,,—,(1.9),—,—,(0.3),0.4,14.5,(0.3)
8,Net income attributable to,,,,,,,,,
9,"Conagra Brands, Inc. . . . . . .",,178.2,131.6,242.0,126.5,152.5,223.5,362.8,69.6
10,Earnings per share (1):,,,,,,,,,
11,Basic earnings per share:,,,,,,,,,
12,Net income,,,,,,,,,
13,attributable to,,,,,,,,,
14,"Conagra Brands, Inc.",,,,,,,,,
15,common stockholders.,,$ 0.45,$ 0.31,$ 0.50,$ 0.26,$ 0.37,$ 0.55,$ 0.91,$ 0.18
16,Diluted earnings per share:,,,,,,,,,
17,Net income,,,,,,,,,
18,attributable to,,,,,,,,,
19,"Conagra Brands, Inc.",,,,,,,,,
20,common stockholders.,,$ 0.45,$ 0.31,$ 0.50,$ 0.26,$ 0.36,$ 0.54,$ 0.90,$ 0.18
21,Dividends declared per,,,,,,,,,
22,common share . . . . . . . . . . .,,$ 0.2125,$ 0.2125,$ 0.2125,$ 0.2125,$ 0.2125,$ 0.2125,$ 0.2125,$ 0.2125
23,Share price:,,,,,,,,,
24,High . . . . . . . . . . . . . .,,$ 38.94,$ 38.25,$ 32.60,$ 31.28,$ 39.95,$ 35.87,$ 38.50,$ 38.29
25,Low. . . . . . . . . . . . . . .,,34.64,32.42,20.85,22.37,33.07,32.43,35.47,35.34
