,,Hazardous materials may have been released at properties that we currently own or formerly owned
0,,"(perhaps through our predecessors).  Under certain environmental laws, we could be held liable, without"
1,,"regard to fault, for the costs of investigating and remediating any actual or threatened contamination at"
2,,"these properties and for contamination associated with disposal by us, or by our predecessors, of hazardous"
3,,materials at third-party disposal sites;
4,,
5,,We could incur substantial costs in the future if we acquire businesses or properties subject to
6,,"environmental requirements or affected by environmental contamination.  In particular, environmental laws"
7,,"regulating wetlands, endangered species and other land use and natural resources may increase the costs"
8,,"associated with future business or expansion or delay, alter or interfere with such plans;"
9,,
10,,The presence of contamination can adversely affect the value of our properties and make it difficult to sell
11,,any affected property or to use it as collateral; and
12,,
13,,"We could be held responsible for third-party property damage claims, personal injury claims or natural"
