, Positioning ourselves as a single point of contact for our customers’ communications needs;
0,
1," Providing customers with a broad array of data, voice and video services and bundling these services"
2,whenever possible;
3,
4, Identifying and broadening our commercial customer needs by developing solutions and providing
5,integrated service offerings;
6,
7," Providing excellent customer service, including 24/7 centralized customer support to coordinate installation"
8,"of new services, repair and maintenance functions and creating more self-service tools through our online"
9,customer portal;
10,
11, Developing and delivering new services to meet evolving customer needs and market demands; and
12,
13, Leveraging brand recognition across all market areas.
14,
15,"We currently offer our services through customer service call centers, our website, commissioned sales representatives"
16,and third-party sales agents.  Our customer service call centers and dedicated sales teams serve as the primary sales
17,"channels for consumer, commercial and carrier services.  Our sales efforts are supported by direct mail, bill inserts,"
18,"radio, television and internet advertising, public relations activities, community events and website promotions."
19,
20,"We market our services both individually and as bundled services, including our triple-play offering of data, voice and"
21,"video services.  By bundling our service offerings, we are able to offer and sell a more complete and competitive"
22,"package of services, which we believe simultaneously increases our average revenue per user (“ARPU”) and adds value"
23,for the consumer.  We also believe that bundling leads to increased customer loyalty and retention.
24,
25,Network Architecture and Technology
26,
27,We have made significant investments in our technologically advanced telecommunications networks and continue to
28,"enhance and expand our network by deploying technologies to provide additional capacity to our customers.  As a result,"
29,"we are able to deliver high-quality, reliable data, video and voice services in the markets we serve.  Our wide-ranging"
30,network and extensive use of fiber provide an easy reach into existing and new areas.  By bringing the fiber network
31,"closer to the customer premises, we can increase our service offerings, quality and bandwidth services.  Our existing"
32,network enables us to efficiently respond and adapt to changes in technology and is capable of supporting the rising
33,customer demand for bandwidth in order to support the growing amount of wireless data devices in our customers’
