,Unnamed: 0,Unnamed: 1
0,The following consolidating financial statements and independent auditors’ reports are filed as part,
1,of this report on Form 10-K in Item 8–“Financial Statements and Supplementary Data”:,
2,,
3,Reports of Independent Registered Public Accounting Firm,F-1
4,"Consolidated Statements of Operations for each of the three years in the period ended December 31,",
5,2019,F-2
6,Consolidated Statements of Comprehensive Income (Loss) for each of the three years in the period,
7,"ended December 31, 2019",F-3
8,"Consolidated Balance Sheets as of December 31, 2019 and 2018",F-4
9,Consolidated Statements of Shareholders’ Equity for each of the three years in the period ended,
10,"December 31, 2019",F-5
11,Consolidated Statements of Cash Flows for each of the three years in the period ended,
12,"December 31, 2019",F-6
13,Notes to Consolidated Financial Statements,F-7
14,,
15,(2) Financial Statement Schedules,Location
16,,
17,Report of Independent Registered Public Accounting Firm,S-1
18,"GTE Mobilnet of Texas RSA #17 Limited Partnership Balance Sheets – As of December 31, 2019 and",
19,2018 (unaudited),S-2
20,GTE Mobilnet of Texas RSA #17 Limited Partnership Statements of Income – For the Years,
21,"Ended December 31, 2019, 2018 (unaudited) and 2017 (unaudited)",S-3
22,GTE Mobilnet of Texas RSA #17 Limited Partnership Statements of Changes in Partners’ Capital,
23,"– For the Years Ended December 31, 2019, 2018 (unaudited) and 2017 (unaudited)",S-4
24,GTE Mobilnet of Texas RSA #17 Limited Partnership Statements of Cash Flows – For the Years,
25,"Ended December 31, 2019, 2018 (unaudited) and 2017 (unaudited)",S-5
26,GTE Mobilnet of Texas RSA #17 Limited Partnership – Notes to Financial Statements,S-6
27,,
28,Report of Independent Registered Public Accounting Firm,S-33
29,"Pennsylvania RSA No. 6(II) Limited Partnership Balance Sheets – As of December 31, 2019 and 2018",
30,(unaudited),S-34
31,Pennsylvania RSA No. 6(II) Limited Partnership Statements of Income – For the Years Ended,
32,"December 31, 2019, 2018 (unaudited) and 2017 (unaudited)",S-35
33,Pennsylvania RSA No. 6(II) Limited Partnership Statements of Changes in Partners’ Capital – For,
34,"the Years Ended December 31, 2019, 2018 (unaudited) and 2017 (unaudited)",S-36
35,Pennsylvania RSA No. 6(II) Limited Partnership Statements of Cash Flows – For the Years Ended,
36,"December 31, 2019, 2018 (unaudited) and 2017 (unaudited)",S-37
37,Pennsylvania RSA No. 6(II) Limited Partnership – Notes to Financial Statements,S-38
38,,
39,"All other financial statement schedules have been omitted because they are not required, not applicable,",
40,or the information is otherwise included in the notes to the financial statements.,
