,Change in benefit obligation,Unnamed: 0,Unnamed: 1
0,Benefit obligation at the beginning of the year,"$ 109,902  $ 116,970",
1,Service cost,957,405.0
2,Interest cost,"4,231  4,128",
3,Plan participant contributions,269,384.0
4,Actuarial gain,"570  (8,517)",
5,Benefits paid,"(8,797) (10,130)",
6,Plan amendments,"—   6,662",
7,Benefit obligation at the end of the year,"$ 107,132  $  109,902",
8,(In thousands),2019 2018,
9,Change in plan assets,,
10,Fair value of plan assets at the beginning of the year $,"2,791  $ 2,484",
11,Employer contributions,"8,527  9,746",
12,Plan participant’s contributions,269,384.0
13,Actual return on plan assets,374,307.0
14,Benefits paid,"(8,797) (10,130)",
15,Fair value of plan assets at the end of the year $,"3,164  $ 2,791",
16,Funded status at year end $,"(103,968) $ (107,111)",
17,"nts recognized in the consolidated balance sheets at December 31, 2019 and 2018 consist of:",,
18,(In thousands) 2019,2018,
19,"Current liabilities $ (5,619)","$ (6,594)",
20,"Long-term liabilities $ (98,349)","$ (100,517)",
21,"nts recognized in accumulated other comprehensive loss for the years ended December 31, 2019 and 2018",,
22,(In thousands) 2019,2018,
23,Unamortized prior service cost (credit) $,"(872) $ 2,200",
24,"Unamortized net actuarial gain (7,987)","(10,396)",
25,"$ (8,859)","$ (8,196)",
26,llowing table summarizes the components of the net periodic costs for post-retirement benefits for the years,,
27,"ber 31, 2019, 2018 and 2017:",,
28,(In thousands) 2019 2018,2017,
29,Service cost $ 957  $ 405,$ 498,
30,"Interest cost 4,231  4,128","3,034",
31,Expected return on plan assets (180) (142),(113),
32,Amortization of:,,
33,"Net actuarial gain  (2,033)  (56)",(173),
34,"Prior service cost (credit) 3,072  367",(521),
35,"Net periodic postretirement benefit cost $ 6,047  $ 4,702","$ 2,725",
