,Unnamed: 0,Unnamed: 1,Unnamed: 2,Subsidiary,Unnamed: 3,Unnamed: 4,Unnamed: 5
0,,,Parent,Issuer,Guarantors,Non-Guarantors,Consolidated
1,Net cash (used in) provided by operating activities,$,"(23,237)","$  (25,625)","$  235,810","$  23,079","$  210,027"
2,,,,,,,
3,Cash flows from investing activities:,,,,,,
4,"Business acquisition, net of cash acquired",,"(862,385)",—,—,—,"(862,385)"
5,"Purchases of property, plant and equipment",,—,—,"(167,187)","(13,998)","(181,185)"
6,Proceeds from sale of assets,,—,—,829,30,859
7,Net cash provided by (used in) investing activities,,"(862,385)",—,"(166,358)","(13,968)","(1,042,711)"
8,,,,,,,
9,Cash flows from financing activities:,,,,,,
10,Proceeds from issuance of long-term debt,,—,"1,052,325",—,—,"1,052,325"
11,Payment of finance lease obligation,,—,—,"(7,746)",(187),"(7,933)"
12,Payment on long-term debt,,—,"(111,337)",—,—,"(111,337)"
13,Payment of financing costs,,—,"(16,732)",—,—,"(16,732)"
14,Share repurchases for minimum tax withholding,,(571),—,—,—,(571)
15,Dividends on common stock,,"(94,138)",—,—,—,"(94,138)"
16,"Transactions with affiliates, net",,"980,681","(916,776)","(54,981)","(8,924)",—
17,Other,,(350),—,—,—,(350)
18,Net cash provided by (used in) financing activities,,"885,622","7,480","(62,727)","(9,111)","821,264"
19,Increase in cash and cash equivalents,,—,"(18,145)","6,725",—,"(11,420)"
20,Cash and cash equivalents at beginning of period,,—,"27,064",13,—,"27,077"
21,Cash and cash equivalents at end of period,$,—,"$  8,919","$  6,738",$  —,"$  15,657"
