,Unnamed: 0,Unnamed: 1,2019,Unnamed: 2,2018,Unnamed: 3,2017,Unnamed: 4,2016,Unnamed: 5,2015
0,,,,,,,(in thousands),,,,
1,Consolidated balance sheet data:,,,,,,,,,,
2,Cash and cash equivalents,$,"215,907",$,"183,596",$,"393,576",$,"83,300",$,"107,691"
3,Short-term and long-term investments,,"261,771",,"205,982",,"266,500",,"259,837",,"201,088"
4,"Property and equipment, net",,"36,526",,"77,254",,"20,817",,"23,962",,"27,021"
5,Operating right-of-use assets,,"72,944",,—,,—,,—,,—
6,"Working capital, excluding deferred revenue, current portion1",,"512,190",,"484,468",,"449,874",,"419,408",,"334,664"
7,Total assets,,"966,101",,"818,226",,"967,190",,"623,629",,"561,545"
8,"Deferred revenue, current and non-current portion",,"346,467",,"325,801",,"326,163",,"282,332",,"252,139"
9,"Debt, current and non-current portion",,"293,174",,"288,967",,"533,193",,"238,432",,"232,583"
10,"Operating lease liabilities, current and non-current portion",,"74,430",,—,,—,,—,,—
11,Total stockholders’ equity,,"158,482",,"65,243",,"22,120",,"26,963",,"7,822"
