,Unnamed: 0,Unnamed: 1,2019,Unnamed: 2,Unnamed: 3,Unnamed: 4,2018,Unnamed: 5,Unnamed: 6,2017
0,US Federal tax benefit at statutory rates,$,,(286),,$,"(6,562)",$,,"(20,260)"
1,"State income taxes, net of federal tax benefit",,,240,,,(248),,,(806)
2,Foreign rate differential,,,"2,883",,,"2,764",,,"5,220"
3,Stock based compensation,,"(1,261)",,,,"3,029",,,"3,182"
4,Other permanent differences,,,479,,,280,,,(494)
5,Deferred adjustments / US rate change,,,(442),,,"1,430",,,"7,811"
6,Other,,,(190),,,130,,,262
7,Valuation allowance,,,"1,267",,,"1,772",,,"6,831"
8,Total income tax provision,$,,"2,690",,$,"2,595",$,,"1,746"
9,Major components of the Company’s deferred tax assets (liabilities) are as follows (in thousands):,,,,,,,,,
10,,,,,,,"December 31,",,,
11,,,,,,,2019,,,2018
12,Deferred tax assets:,,,,,,,,,
13,Accrued expenses,,,,$,,"2,427",$,,"2,353"
14,Long-lived intangible assets and fixed assets - basis difference,,,,,,"25,178",,,"22,947"
15,Net operating loss carryforwards,,,,,,"81,575",,,"82,017"
16,Stock-based compensation,,,,,,"15,398",,,"15,172"
17,Operating lease liabilities,,,,,,"17,281",,,—
18,Deferred revenue,,,,,,"3,258",,,"2,861"
19,Other,,,,,,"5,100",,,"4,557"
20,Total deferred tax assets,,,,,,"150,217",,,"129,907"
21,Valuation allowance,,,,,,"(116,915)",,,"(117,058)"
