,Balance beginning of year,$,"12,874",$.1,585,$.2,"13,459",$.3,"13,285",$.4,677,$.5,"13,962"
0,Service cost,,—,,—,,—,,—,,—,,—
1,Interest cost,,362,,24,,386,,370,,25,,395
2,Changes in actuarial assumptions,,"1,273",,15,,"1,288",,(165),,(7),,(172)
3,Foreign exchange impact,,(772),,—,,(772),,(364),,—,,(364)
4,Benefits paid,,(290),,(110),,(400),,(252),,(110),,(362)
5,Projected benefit obligation at end of year,$,"13,447",$,514,$,"13,961",$,"12,874",$,585,$,"13,459"
6,Changes in fair value of plan assets:,,,,,,,,,,,,
7,Fair value of plan assets at beginning of year,$,"8,270",$,—,$,"8,270",$,"8,239",$,—,$,"8,239"
8,Actual gain on plan assets,,194,,—,,194,,291,,—,,291
9,Company contributions,,545,,110,,655,,227,,110,,337
10,Foreign exchange impact,,(481),,—,,(481),,(235),,—,,(235)
11,Benefits paid,,(290),,(110),,(400),,(252),,(110),,(362)
12,Fair value of plan assets at end of year,$,"8,238",$,—,$,"8,238",$,"8,270",,—,$,"8,270"
13,Funded status \ net amount recognized,$,"(5,209)",$,(514),$,"(5,723)",$,"(4,604)",$,(585),$,"(5,189)"
14,Post Retirement:,,,,,,,,,,,,
15,Change in projected benefit obligation,,,,,,,,,,,,
16,(“PBO”):,,,,,,,,,,,,
17,Balance beginning of year,$,—,$,"1,318",$,"1,318",$,—,$,"1,255",$,"1,255"
18,Service cost,,—,,34,,34,,—,,40,,40
19,Interest cost,,—,,53,,53,,—,,47,,47
20,Changes in actuarial assumptions,,—,,111,,111,,—,,(24),,(24)
21,Projected benefit obligation at end of year,$,—,$,"1,516",$,"1,516",$,—,$,"1,318",$,"1,318"
22,Funded status \ net amount recognized,$,—,$,"(1,516)",$,"(1,516)",$,—,$,"(1,318)",$,"(1,318)"
