,Unnamed: 0,2019,Unnamed: 1,2018,Unnamed: 2,2017
0,Net sales:,,,,,
1,Products,"$ 1,011,069",$,"704,941",$,"681,559"
2,Services,"485,406",,"497,957",,"426,150"
3,,"1,496,475",,"1,202,898",,"1,107,709"
4,Costs and expenses:,,,,,
5,Products,"732,137",,"472,698",,"473,670"
6,Services,"332,923",,"362,694",,"305,653"
7,"Selling, general and administrative expenses","270,064",,"258,644",,"240,196"
8,Research and development,"50,132",,"52,398",,"52,652"
9,Amortization of purchased intangibles,"42,106",,"27,064",,"30,245"
10,"(Gain) loss on sale of property, plant and equipment","(32,510)",,—,,405
11,Restructuring costs,"15,386",,"5,018",,"2,260"
12,,"1,410,238",,"1,178,516",,"1,105,081"
13,,,,,,
14,Operating income,"86,237",,"24,382",,"2,628"
15,,,,,,
16,Other income (expenses):,,,,,
17,Interest and dividend income,"6,519",,"1,615",,953
18,Interest expense,"(20,453)",,"(10,424)",,"(15,027)"
19,"Other income (expense), net","(19,957)",,(687),,364
20,,,,,,
21,Income (loss) from continuing operations before income taxes,"52,346",,"14,886",,"(11,082)"
22,,,,,,
23,Income tax provision,"11,040",,"7,093",,"14,658"
24,,,,,,
25,Income (loss) from continuing operations,"41,306",,"7,793",,"(25,740)"
26,Net income (loss) from discontinued operations,"(1,423)",,"4,243",,"14,531"
27,Net income (loss),"39,883",,"12,036",,"(11,209)"
28,,,,,,
29,Less noncontrolling interest in loss of VIE,"(9,811)",,(274),,—
30,,,,,,
31,Net income (loss) attributable to Cubic,"$  49,694",$,"12,310",$,"(11,209)"
32,,,,,,
33,Amounts attributable to Cubic:,,,,,
34,Net income (loss) from continuing operations,"51,117",,"8,067",,"(25,740)"
35,Net income (loss) from discontinued operations,"(1,423)",,"4,243",,"14,531"
36,Net income (loss) attributable to Cubic,"$  49,694",$,"12,310",$,"(11,209)"
37,,,,,,
38,Net income (loss) per share:,,,,,
39,Basic,,,,,
40,Continuing operations attributable to Cubic,$  1.68,$,0.30,$,(0.95)
41,Discontinued operations,$  (0.05),$,0.16,$,0.54
42,Basic earnings per share attributable to Cubic,$  1.63,$,0.45,$,(0.41)
43,,,,,,
44,Diluted,,,,,
45,Continuing operations attributable to Cubic,$  1.67,$,0.29,$,(0.95)
46,Discontinued operations,$  (0.05),$,0.16,$,0.54
47,Diluted earnings per share attributable to Cubic,$  1.62,$,0.45,$,(0.41)
48,,,,,,
49,Weighted average shares used in per share calculations:,,,,,
50,Basic,"30,495",,"27,229",,"27,106"
51,Diluted,"30,606",,"27,351",,"27,106"
