,Unnamed: 0,Unnamed: 1,Systems,Unnamed: 2,Solutions,Unnamed: 3,Defense,Unnamed: 4,Total
0,,,,,,,,,
1,"Net balances at September 30, 2017",$,"50,870",$,—,$,"270,692",$,"321,562"
2,"Reassignment on October 1, 2017",,—,,"125,321",,"(125,321)",,—
3,Acquisitions (see Note 2),,—,,"13,085",,665,,"13,750"
4,Foreign currency exchange rate changes,,"(1,084)",,(279),,(323),,"(1,686)"
5,"Net balances at September 30, 2018",,"49,786",,"138,127",,"145,713",,"333,626"
6,"Reassignment on April 1, 2019",,—,,"3,428",,"(3,428)",,—
7,Acquisitions,,"206,988",,"40,392",,—,,"247,380"
8,Foreign currency exchange rate changes,,"(2,182)",,(523),,(204),,"(2,909)"
9,"Net balances at September 30, 2019",$,"254,592",$,"181,424",$,"142,081",$,"578,097"
