,"Mumbai, India","13,992 sq. ft.",Corporate Office,Owned
0,"Mumbai, India","2,750 sq. ft.",Studio Premises,Leased(1)
1,"Mumbai, India","8,094 sq. ft.",Executive Accommodation,Leased(1)
2,"Mumbai, India","17,120 sq. ft.",Office,Leased(1)
3,"Mumbai, India","1,000 sq. ft.",Film Negatives Warehouse,Leased
4,"Mumbai, India",100 sq. ft.,Film Prints Warehouse,Leased
5,"Mumbai, India","2,750 sq. ft.",Corporate,Owned
6,"Mumbai, India",900 sq. ft.,Film Prints Warehouse,Leased
7,"Mumbai, India",1200 sq. ft.,Film Prints Warehouse,Leased
8,"Delhi, India",600 sq. ft.,Film Distribution Office,Leased
9,"Kolkata, India",640 sq. ft.,Film Distribution Office,Leased
10,"Punjab, India",438 sq. ft.,Film Distribution Office,Leased
11,"Bihar, India","1,130 sq. ft",Film Distribution Office,Leased
12,"Kerala, India","1,500 sq. ft",Film Distribution Office,Leased
13,"Chennai, India",875 sq. ft.,Branch Office,Leased
14,"Mumbai, India","4,610 sq. ft.",Executive Accommodation,Leased(1)
15,"Delhi, India",994 sq. ft.,Branch Office,Leased
16,"Bangalore, India","1,500 sq. ft.",Branch Office,Leased
17,"Bangalore, India","5,100 sq. ft.",Digital team,Leased
18,"Dubai, United Arab Emirates","2,473 sq. ft.",Corporate Office,Leased
19,"Dubai, United Arab Emirates","2,473 sq. ft",Corporate Office,Leased
20,"London, England","7,549 sq. ft.",DVD Warehouse,Owned
21,"Secaucus, New Jersey, U.S.",900 sq. ft.,Corporate Office,Leased
22,"San Francisco, California, U.S.","2,315 sq. ft.",Digital team,Leased
