,Unnamed: 0,Unnamed: 1,Unnamed: 2,Unnamed: 3,As at March 31,Unnamed: 4
0,,Note,,2019,,2018
1,,,,,(in thousands),
2,ASSETS,,,,,
3,Non-current assets,,,,,
4,Property and equipment,13,$,"10,921",$,"10,013"
5,Goodwill,14,,,—,"3,800"
6,Intangible assets — trade name,14,,,—,"14,000"
7,Intangible assets — content,15,,"706,572",,"998,543"
8,Intangible assets — others,16,,"3,794",,"5,280"
9,Investments,17,,"2,650",,"27,257"
10,Trade and other receivables — amortised cost,19,,"10,065",,"9,144"
11,Income tax receivable,,,"1,284",,"1,269"
12,Restricted deposits,,,,756,"1,100"
13,Deferred income tax assets,11,,"1,263",,351
14,Total non-current assets,,$,"737,305",$,"1,070,757"
15,,,,,,
16,Current assets,,,,,
17,Inventories,18,$,,435 $,353
18,Trade and other receivables — fair value,19,,"125,229",,—
19,Trade and other receivables — amortised cost,19,,"79,916",,"245,079"
20,Investments,17,,"1,042",,—
21,Cash and cash equivalents,21,,"89,117",,"87,762"
22,Restricted deposits,,,"55,858",,"6,368"
23,Total current assets,,,"351,597",,"339,562"
24,Total assets,,$,"1,088,902",$,"1,410,319"
25,,,,,,
26,LIABILITIES,,,,,
27,Current liabilities,,,,,
28,Trade and other payables,20,$,"83,487",$,"72,142"
29,Acceptances,24,,"8,366",,"8,898"
30,Short-term borrowings — fair value,23,,"68,349",,"53,500"
31,Short-term borrowings — amortised cost,23,,"140,559",,"98,463"
32,Derivative financial instruments,26,,,620,—
33,Current income tax payable,,,"17,291",,"6,324"
34,Total current liabilities,,$,"318,672",$,"239,327"
35,,,,,,
36,Non-current liabilities,,,,,
37,Long-term borrowings— fair value,23,,,—,"32,510"
38,Long-term borrowings — amortised cost,23,,"71,920",,"92,473"
39,Other long - term liabilities,25,,"13,898",,"3,073"
40,Deferred income tax liabilities,11,,"27,427",,"39,519"
41,Total non-current liabilities,,$,"113,245",$,"167,575"
42,,,,,,
43,Total liabilities,,$,"431,917",$,"406,902"
44,,,,,,
45,EQUITY,,,,,
46,Share capital,27,$,"39,326",$,"35,334"
47,Share premium,,,"580,013",,"453,997"
48,Reserves,,,"(2,202)",,"422,992"
49,Other components of equity,30,,"(79,696)",,"(48,649)"
50,JSOP reserve,29,,"(15,985)",,"(15,985)"
51,Share application money pending allotment,,,,—,"18,000"
52,Equity attributable to equity holders of Eros International Plc,,$,"521,456",$,"865,689"
53,Non-controlling interest,37,,"135,529",,"137,728"
54,Total equity,,$,"656,985",$,"1,003,417"
55,Total liabilities and shareholder’s equity,,$,"1,088,902",$,"1,410,319"
