,Unnamed: 0,IAS 39 Category,IFRS 9 Category,carrying value,Totalfair value
0,Financial Liabilities,,,,
1,Total borrowings (excluding,,,,
2,convertible notes),At amortized cost,At amortized cost,"212,479","205,911"
3,Convertible notes,Financial liabilities at FVTPL,Financial liabilities at,,
4,,,FVTPL**,"68,349","68,349"
5,Trade and other payables,At amortized cost,At amortized cost,"83,487","83,487"
6,Acceptances,At amortized cost,At amortized cost,"8,366","8,366"
7,Total,,,"372,681","366,113"
8,,,,,
9,* FVTOCI – Fair value through other comprehensive income.,,,,
10,** FVTPL – Fair value through profit and loss.,,,,
11,,,,,
12,"The cumulative effect of the changes made to the consolidated interim Statement of Financial Position as at April 1, 2018 in respec",,,,
13,of the adoption of IFRS 9 were as follows:,,,,
14,,,,,
15,,,As of,,
16,,,"March 31,",,As of
17,,,2018,,"April 1,"
18,Assets,,(Reported),IFRS 9,2018
19,Trade and other receivables,,"$ 254,223","$ (18,497)","$ 235,726"
20,Deferred income tax liabilities,,"39,519",(673),"38,846"
21,Currency translation reserve,,"(56,722)",(34),"(56,756)"
22,Reserves,,"422,992","(14,270)","408,722"
23,Non-controlling interests,,"137,728","(3,520)","134,208"
24,,,,,
25,"However, as a result of adopting IFRS 15, amounts reported under IFRS 15 were not materially different from amounts that woul",,,,
26,"have been reported under the previous revenue guidance of IAS 18, as such, cumulative adjustments to retained earnings is no",,,,
27,material.,,,,
28,,,,,
29,"The impact of adoption of IFRS 15 and IFRS 9 on our consolidated Statement of Financial Position as at March 31, 2019 were a",,,,
30,follows:,,,,
31,,,,,
32,,,,,Balance at
33,,,,,"March 31, 2019"
34,,Balance at,,,(without
35,,"March 31, 2019",,,adoption
36,Assets,(Reported),IFRS 9,IFRS 15(*),of IFRS 9/15)
37,Trade and other receivables,$,"215,210 $ 10,767","$ 24,273","$ 250,250"
38,Liabilities and Shareholders' Equity,,,,
39,Currency translation reserve,,"(64,179)  (126)",—,"(64,305)"
40,Reserves,,"(2,202)  4,121","22,918","24,837"
41,Other long-term liability,,"13,898 —",(458),"13,440"
42,Deferred income tax liabilities,,"27,427 921",—,"28,348"
43,Non-controlling interests,,"135,529 5,851","1,813","143,193"
