,Unnamed: 0,Unnamed: 1,Unnamed: 2,Unnamed: 3,Unnamed: 4,"Year Ended December 31,",Unnamed: 5,Unnamed: 6,Unnamed: 7
0,,,2019,,2018,2017 2016,,,2015
1,,,,,"(in thousands, except shares and per share data)",,,,
2,Revenue,$,"200,882",$,"147,094","$ 104,352 $ 76,846",,$,"58,720"
3,Cost of revenue(1),,"63,535",,"46,810","31,503 23,767",,,"19,789"
4,Gross profit,,"137,347",,"100,284","72,849 53,079",,,"38,931"
5,Operating expenses:,,,,,,,,
6,Sales and marketing(1),,"87,731",,"69,608","46,998 34,847",,,"25,925"
7,Research and development(1),,"50,024",,"41,305","22,241 14,765",,,"11,521"
8,General and administrative(1),,"46,820",,"31,462","22,895 14,293",,,"12,272"
9,Total operating expenses,,"184,575",,"142,375","92,134 63,905",,,"49,718"
10,Operating loss,,"(47,228)",,"(42,091)","(19,285)  (10,826)",,,"(10,787)"
11,"Other expenses, net",,"(4,597)",,"(4,628)",(302),(484),,(599)
12,Loss before income taxes,,"(51,825)",,"(46,719)","(19,587)  (11,310)",,,"(11,386)"
13,(Provision for) benefit from income taxes,,(425),,,(796)  (47),24,,562
14,Net loss,$,"(52,250)",$,"(47,515)","$ (19,634)  $ (11,286)",,$,"(10,824)"
15,Net loss per share attributable to common,,,,,,,,
16,shareholders - basic and diluted,$,(1.58),$,(1.63),$ (0.70)  $ (0.68),,$,(0.88)
17,Weighted average shares outstanding - basic,,,,,,,,
18,and diluted,,"33,161,656",,"29,107,267","27,862,375 16,659,561",,,"12,257,413"
