,Unnamed: 0,Unnamed: 1,2019,2018,Unnamed: 2,Unnamed: 3,2017
0,Revenue,$,"200,882 $","147,094",$,,"104,352"
1,Cost of revenue(1),,"63,535","46,810",,,"31,503"
2,Gross profit,,"137,347","100,284",,,"72,849"
3,Operating expenses:,,,,,,
4,Sales and marketing(1),,"87,731","69,608",,,"46,998"
5,Research and development(1),,"50,024","41,305",,,"22,241"
6,General and administrative(1),,"46,820","31,462",,,"22,895"
7,Total operating expenses,,"184,575","142,375",,,"92,134"
8,Operating loss,,"(47,228)","(42,091)",,,"(19,285)"
9,"Other income (expense), net",,"(4,597)","(4,628)",,,(302)
10,Loss before income taxes,,"(51,825)","(46,719)",,,"(19,587)"
11,Provision for income taxes,,(425),(796),,,(47)
12,Net loss,$,"(52,250)  $","(47,515)",$,,"(19,634)"
13,,,,,,,
14,(1) Includes stock-based compensation expense and depreciation and amortization of acquired intangible assets as follows (in thousands):,,,,,,
15,,,,,,,
16,,,"Year Ended December 31,",,,,
17,,,2019,2018,,,2017
18,Stock-based compensation expense:,,,,,,
19,Cost of revenue,$,"1,966  $","2,306",$,,578
20,Sales and marketing,,"9,983","9,282",,,"2,419"
21,Research and development,,"7,820","7,106",,,"1,514"
22,General and administrative,,"13,720","7,131",,,"4,788"
23,Total,$,"33,489  $","25,825",$,,"9,299"
24,,,,,,,
25,,,"Year Ended December 31,",,,,
26,,,2019,2018,,,2017
27,Depreciation and amortization expense:,,,,,,
28,Cost of revenue,$,"9,434  $","7,741",$,,"7,263"
29,Sales and marketing,,752,384,,,304
30,Research and development,,502,309,,,203
31,General and administrative,,"8,983","5,259",,,"2,437"
32,Total,$,"19,671  $","13,693",$,,"10,207"
