,Average adjusted closing stock price Shares earned,Unnamed: 0
0,at least $8.96 but less than $11.63 One-third,
1,at least $11.63 but less than $13.15 Two-thirds,
2,at least $13.15 but less than $16.56 100%,
3,$16.56 or more One and one-third,
4,No PSUs are earned if such average adjusted closing stock price is less than $8.96.,
5,The TSR PSUs represent the right to receive a number of shares of common stock up to 130% of the target number of TSR PSUs. They are earne,
6,vest as follows based on the positive percentage point difference between the Company’s total stockholder return and the total stockholder return for the,
7,"Small Cap 600 Capped Information Technology Index over the performance period from May 4, 2017 to May 4, 2020, subject to the grantees’ conti",
8,service through the certification of performance:,
9,,
10,Percentage point difference,
11,between Company TSR and,
12,Level index TSR Shares earned,
13,Threshold 0%,0%
14,Target + 25%,100%
15,Maximum + 35%,130%
