,"• Cash flow provided by operating activities of $104.9 million, compared to cash flow provided by operating activities of $19.0 million in fiscal"
0,"2018, an increase of $85.9 million.  Cash was $169.6 million as of June 30, 2019, an increase of $48.5 million compared to the end of fiscal 2018."
1,Net Revenues
2,"The following table presents net product and service revenue for the fiscal year ended June 30, 2019 , 2018 and 2017 (dollars in thousands):"
3,
4,Year Ended Year Ended
5,"June 30, June 30, $ % June 30, June 30, $ %"
6,2019 2018 Change Change  2018 2017 Change Change
7,Net Revenues:
8,"Product $747,571   $764,455   $ (16,884) (2.2 )%  $764,455   $460,425   $304,030  66.0%"
9,Percentage of net revenue 75.1% 77.8% 77.8% 75.8%
10,"Service 248,218  218,687  29,531  13.5% 218,687  146,659  72,028  49.1%"
11,Percentage of net revenue 24.9% 22.2% 22.2% 24.2%
12,"Total net revenues $995,789   $983,142   $ 12,647  1.3%  $983,142   $607,084   $376,058  61.9%"
13,
14,"Product revenue decreased $16.9 million or 2.2% for the year ended June 30, 2019, compared to the corresponding period of fiscal 2018. The decrease"
15,"in product revenues was driven primarily by a lower overall volume of sales in the Americas attributed to our Data Center Business, but with strengthening"
16,"sales in our Federal and OEM Data Center sectors. To a lesser extent, there was a modest decrease in product revenue in APAC, and revenue remained"
17,consistent in the EMEA region.
18,"Product revenue increased $304.0 million or 66.0% for the year ended June 30, 2018, compared to the corresponding period of fiscal 2017. The"
19,"increase in product revenues was attributable to growth related to the acquisitions of the WLAN, the Campus Fabric and the Data Center Businesses and to a"
20,"lesser extent, organic growth of legacy revenues."
21,"Service revenue increased $29.5 million or 13.5% for the year ended June 30, 2019, compared to the corresponding period of fiscal 2018. The increase"
22,in service revenue was driven primarily by growth across all regions owing to a higher number of maintenance contracts related to the Data Center Business
23,acquisition.
24,"Service revenue increased $72.0 million or 49.1% for the year ended June 30, 2018, compared to the corresponding period of fiscal 2017. The increase"
25,"in service revenue was due to the increased number of service contracts acquired as a result of the acquisitions of the WLAN, the Campus Fabric and the Data"
26,Center Businesses.
27,"We operate in three regions: Americas, which includes the United States, Canada, Mexico, Central America and South America; EMEA, which"
28,"includes Europe, Russia, Middle East, and Africa; and APAC which includes Asia Pacific, South Asia, Japan and Australia. The following table presents the"
29,"total net revenue geographically for the fiscal years 2019, 2018 and 2017 (dollars in thousands):"
30,Year Ended Year Ended
31,"June 30, June 30, $ % June 30, June 30, $ %"
32,Net Revenues 2019 2018 Change Change 2018 2017 Change Change
33,Americas:
34,"United States  $498,705   $491,617   $ 7,088  1.4%  $491,617   $307,980   $183,637  59.6%"
35,"Other 42,896  44,688  (1,792) (4.0 )%  44,688  24,883  19,805  79.6%"
36,"Total Americas 541,601  536,305  5,296  1.0% 536,305  332,863  203,442  61.1%"
37,Percentage of net revenue 54.4%54.6%54.6%54.8%
38,"EMEA 358,327  354,746  3,581  1.0% 354,746  220,072  134,674  61.2%"
39,Percentage of net revenue 36.0%36.1%36.1%36.3%
40,"APAC 95,861  92,091  3,770  4.1% 92,091  54,149  37,942  70.1%"
41,Percentage of net revenue 9.6%9.4%9.4%8.9%
42,"Total net revenues  $995,789   $983,142   $ 12,647  1.3%  $983,142   $607,084   $376,058  61.9%"
