,10.22*,"Extreme Networks, Inc. 2005 Equity Incentive Plan.",8-K,10/23/2009,99.3
0,10.23*,"Form of Option Agreement Under the Extreme Networks, Inc. 2005",10-K,9/6/2016,10.3
1,,Equity Incentive Plan.,,,
2,10.24,"Debt Commitment Letter, dated as of September 13, 2016, by and",8-K,9/15/2016,10.1
3,,"between Extreme Networks, Inc. and Silicon Valley Bank.",,,
4,10.25,"Amended and Restated Credit Agreement, dated as of October 28,",10-Q,11/2/2016,10.4
5,,"2016, by and among the Company, as borrower, the several banks and",,,
6,,"other financial institutions or entities party thereto as lenders, and",,,
7,,"Silicon Valley Bank, as administrative agent and collateral agent.",,,
8,10.26,"First Amendment to the Amended and Restated Credit Agreement,",10-Q,5/4/2017,10.1
9,,"dated as of March 2, 2017, by and among the Company, as borrower,",,,
10,,the several banks and other financial institutions or entities party,,,
11,,"thereto as lenders, and Silicon Valley Bank, as administrative agent",,,
12,,and collateral agent.,,,
13,10.27,"Second Amendment to the Amended and Restated Credit Agreement,",8-K,7/18/2017,10.1
14,,"dated as of July 14, 2017, by and among the Company, as borrower,",,,
15,,the several banks and other financial institutions or entities party,,,
16,,"thereto as lenders, and Silicon Valley Bank, as administrative agent",,,
17,,and collateral agent.,,,
18,10.28,"Sublease Agreement, dated February 3, 2017, by and between the",10-Q,5/4/2017,10.2
19,,"Company as sub-landlord and Yangtze Memory Technologies, Inc. as",,,
20,,sub-tenant.,,,
21,10.29,"Lease for property at 6480 Via Del Oro, San Jose, California, dated",10-Q,2/08/2018,10.5
22,,"November 6, 2017 between SI 64 LLC, a California limited liability",,,
23,,"company and Extreme Networks, Inc.",,,
24,10.30,"Lease for property at 6377 San Ignacio Avenue, San Jose, dated",10-Q,2/08/2018,10.6
25,,"November 6, 2017 between SI 33, LLC a California limited liability",,,
26,,"company and Extreme Networks, Inc.",,,
27,10.31*,Form of 2017 restricted stock unit award agreement under Extreme,10-K,9/13/2017,10.42
28,,"Networks, Inc. 2013 Equity Incentive Plan.",,,
29,10.32,"Consent Agreement, dated as of March 29, 2017, by and among LSI",8-K,10/3/2017,10.1
30,,"Corporation, Extreme Networks, Inc. and solely for the purposes set",,,
31,,"forth therein, Broadcom Corporation.",,,
32,10.33*,Form of Performance vesting restricted stock units agreement under,10-Q,11/9/2017,10.4
33,,"Extreme Networks, Inc. 2013 Equity Incentive Plan",,,
34,10.34,"Third Amendment to the Amended and Restated Credit Agreement,",8-K,10/30/2017,10.1
35,,"dated as of October 26, 2017 by and among the Company, as",,,
36,,"borrower, the several banks and other financial institutional or entities",,,
37,,"party thereto as lenders, and Silicon Valley, Bank, as administrative",,,
38,,agent and collateral agent.,,,
39,10.35,"Credit Agreement, dated as of May 1, 2018, by and among the",8-K,05/07/2018,10.1
40,,"Company, as borrower, the several banks and other financial",,,
41,,"institutions or entities party thereto as lenders, BMO Harris Bank",,,
42,,"N.A., as an issuing lender and swingline lender, and Bank of",,,
43,,"Montreal, as administrative agent.",,,
