,• product returns or the cancellation or rescheduling of orders;
0,• announcements and new product introductions by our competitors;
1,"• our ability to develop and support relationships with enterprise customers, service providers and other potential large customers;"
2,• our ability to achieve and maintain targeted cost reductions;
3,• fluctuations in warranty or other service expenses actually incurred;
4,• our ability to obtain sufficient supplies of sole- or limited-source components for our products on a timely basis;
5,• increases in the price of the components we purchase; and
6,• changes in funding for customer technology purchases in our markets.
7,"Due to the foregoing and other factors, many of which are described herein, period-to-period comparisons of our operating results should not be relied"
8,upon as an indicator of our future performance.
9,"We may not realize anticipated benefits of past or future acquisitions, divestitures and strategic investments, and the integration of acquired"
10,companies or technologies may negatively impact our business and financial results or dilute the ownership interests of our stockholders.
11,"As part of our business strategy, we review acquisition and strategic investment prospects that we believe would complement our current product"
12,"offerings, augment our market coverage or enhance our technical capabilities, or otherwise offer growth opportunities. In the event of any future acquisitions,"
13,we could:
14,• issue equity securities which would dilute current stockholders’ percentage ownership;
15,• incur substantial debt;
16,• assume contingent liabilities; or
17,• expend significant cash.
18,"These actions could have a material adverse effect on our operating results or the price of our common stock. For example, on August 9, 2019, we"
19,"completed our acquisition of Aerohive, a publicly held networking company, for approximately $264 million in cash consideration and assumption of"
20,certain employee equity awards.
21,"There can be no assurance we will achieve the revenues, growth prospects and synergies expected from any acquisition or that we will achieve such"
22,"revenue, growth prospects and synergies in the anticipated time period and our failure to do so could have a material adverse effect on our business, operating"
23,"results and financial condition. Moreover, even if we do obtain benefits in the form of increased sales and earnings, these benefits may be recognized much"
24,later than the time when the expenses associated with an acquisition are incurred. This is particularly relevant in cases where it would be necessary to
25,integrate new types of technology into our existing portfolio and new types of products may be targeted for potential customers with which we do not have
26,pre-existing relationships.
27,"Our ability to realize the anticipated benefits of any current and future acquisitions, divestitures and investment activities, including the acquisition of"
28,"Aerohive, also entail numerous risks, including, but not limited to:"
29,"• difficulties in the assimilation and successful integration of acquired operations, sales functions, technologies and/or products;"
30,"• unanticipated costs, litigation or other contingent liabilities associated with the acquisition or investment transaction;"
31,"• incurrence of acquisition- and integration-related costs, goodwill or in-process research and development impairment charges, or amortization"
32,"costs for acquired intangible assets, that could negatively impact our operating results and financial condition;"
33,• the diversion of management's attention from other business concerns;
34,• adverse effects on existing business relationships with suppliers and customers;
35,• risks associated with entering markets in which we have no or limited prior experience;
36,• the potential loss of key employees of acquired organizations and inability to attract or retain other key employees; and
37,"• substantial charges for the amortization of certain purchased intangible assets, deferred stock compensation or similar items."
