,•,"we are unable to continue to develop products for mobile devices that users find engaging, that work with a variety of mobile operating systems and"
0,,"networks, and that achieve a high level of market acceptance;"
1,•,"there are decreases in user sentiment due to questions about the quality or usefulness of our products or our user data practices, or concerns related to"
2,,"privacy and sharing, safety, security, well-being, or other factors;"
3,•,"we are unable to manage and prioritize information to ensure users are presented with content that is appropriate, interesting, useful, and relevant"
4,,to them;
5,•,we are unable to obtain or attract engaging third-party content;
6,•,we are unable to successfully maintain or grow usage of and engagement with mobile and web applications that integrate with Facebook and our
