,"our active user growth rate will generally decline over time as the size of our active user base increases, and we expect that the size of our active user base will"
0,"fluctuate or decline in one or more markets from time to time, particularly in markets where we have achieved higher penetration rates. For example, in the fourth"
1,"quarter of 2017, we experienced a slight decline on a quarter-over-quarter basis in the number of daily active users on Facebook in the United States & Canada"
2,"region. If people do not perceive our products to be useful, reliable, and trustworthy, we may not be able to attract or retain users or otherwise maintain or increase"
3,the frequency and duration of their engagement. A number of other social networking companies that achieved early popularity have since seen their active user
