,Unnamed: 0,Unnamed: 1,Unnamed: 2,Unnamed: 3,2019,2018
0,,,,,(in thousands),
1,Cash & cash equivalents,,,$,"18,304 $","32,011"
2,Short term investments,,,,"17,779","11,303"
3,,,,$,"36,083 $","43,314"
4,"Cash flows for the year ended December 31, 2019, 2018 and 2017",,,,,
5,,,,"For the Years Ended December 31,",,
6,,,2019,,2018,2017
7,,,,(in thousands),,
8,Net cash provided by (used in) operating activities,$,"(9,885)",$,"25,601 $","16,586"
9,Net cash used in investing activities,$,"(3,822)",,"(13,203)","(1,873)"
10,Net cash provided by (used in) financing activities,$,,—,"(21,556)","12,778"
