,Unnamed: 0,Unnamed: 1,In Loss Position for,Unnamed: 2,In Loss Position for.1,Unnamed: 3,Unnamed: 4,Unnamed: 5,Unnamed: 6
0,,,Less Than 12 Months,,12 Months or Greater,,,Total,
1,,,Fair Unrealized,,Fair Unrealized,,Fair,,Unrealized
2,,,Value Losses,,Value Losses,,Value,,Losses
3,eign government,,,,,,,,
4,obligations . . . . . . . . . . .,$,"126,066 $ 3,433",$,— $ —,$,"126,066",$,"3,433"
5,. government,,,,,,,,
6,obligations . . . . . . . . . . .,,"97,719 1,981",,— —,,"97,719",,"1,981"
7,Total . . . . . . . . . . . . . . . .,$,"223,785 $ 5,414",$,— $ —,$,"223,785",$,"5,414"
8,,,,,"As of December 31, 2018",,,,
9,,,In Loss Position for,,In Loss Position for,,,,
10,,,Less Than 12 Months,,12 Months or Greater,,,Total,
11,,,Fair Unrealized,,Fair Unrealized,,Fair,,Unrealized
12,,,Value Losses,,Value Losses,,Value,,Losses
13,eign government,,,,,,,,
14,obligations . . . . . . . . . . .,$,"41,335 $ 235",$,— $ —,$,"41,335",$,235
15,. government,,,,,,,,
16,obligations . . . . . . . . . . .,,— —,,"87,401 6,436",,"87,401",,"6,436"
17,Total . . . . . . . . . . . . . . . .,$,"41,335 $ 235",$,"87,401 $ 6,436",$,"128,736",$,"6,671"
