,10.22,"Fourth Amendment, dated October 1, 2018, between",8-K,000-50307,10/2/2018,10.2,Unnamed: 0
0,,"FormFactor, Inc. and MOHR PCC, LP, to Pacific",,,,,
1,,"Corporate Center Lease, dated October 5, 2004, by and",,,,,
2,,"between Greenville Investors, L.P. and FormFactor, Inc.,",,,,,
3,,as amended,,,,,
4,10.23,"Lease Agreements I and II between Amberjack, Ltd. and",S-1,333-47100,10/2/2000,10.9,
5,,"Cascade Microtech, Inc. dated August 20, 1997, and",,,,,
6,,"Amendment No. 2 to Lease Agreement I dated July 23,",,,,,
7,,"1998, and Amendment No. 2 to Lease Agreement II",,,,,
8,,"dated April 12, 1999.",,,,,
9,10.24,"Third Amendment dated August 11, 2006 to Lease",10-Q,000-51072,11/9/2006,10.2,
10,,"Agreement I dated August 20, 1997 between",,,,,
11,,"Amberjack, LTD. and Cascade Microtech, Inc.",,,,,
12,10.25,"Third Amendment dated August 11, 2006 to Lease",10-Q,000-51072,11/9/2006,10.3,
13,,"Agreement II dated August 20, 1997 between",,,,,
14,,"Amberjack, LTD. and Cascade Microtech, Inc.",,,,,
15,10.26,"Assignment, Assumption and Amendment of Lease",8-K,000-51072,9/26/2011,10.1,
16,,"dated as of September 22, 2011 by and among Cascade",,,,,
17,,"Microtech, Inc. and R&D Sockets, Inc.",,,,,
18,10.27,Rental Agreement by and between Cascade Microtech,10-Q,000-51072,8/10/2011,10.3,
19,,Dresden GmbH and Süss Grundstücksverwaltungs GbR,,,,,
20,,"dated as of June 17, 2011.",,,,,
21,10.28,"Lease dated April 2, 1999 between Spieker Properties,",S-1,333-47100,10/2/2000,10.8,
22,,"L.P. and Cascade Microtech, Inc.",,,,,
23,10.29,"First Amendment to Lease dated January 10, 2007,",10-Q,000-51072,5/9/2014,10.1,
24,,between Nimbus Center LLC (as successor in interest to,,,,,
25,,"Spieker Properties, L.P.) and Cascade Microtech, Inc.",,,,,
26,10.30,"Second Amendment to Lease dated February 25, 2013,",10-Q,000-51072,5/8/2013,10.2,
27,,"between Nimbus Center LLC and Cascade Microtech,",,,,,
28,,Inc.,,,,,
29,10.31,"Third Amendment to Lease dated January 23, 2014,",10-Q,000-51072,5/9/2014,10.2,
30,,"between Nimbus Center LLC and Cascade Microtech,",,,,,
31,,Inc.,,,,,
32,10.32,"Fourth Amendment to Lease dated March 31, 2014,",10-Q,000-51072,5/9/2014,10.3,
33,,"between Nimbus Center LLC and Cascade Microtech,",,,,,
34,,Inc.,,,,,
35,10.33,"Fifth Amendment to Lease dated September 24, 2014,",10-K,000-51072,3/72016,10.22,
36,,"between Nimbus Center LLC and Cascade Microtech,",,,,,
37,,Inc.,,,,,
38,10.34,"Sixth Amendment to Lease dated July 8, 2015, between",10-K,000-51072,3/72016,10.23,
39,,"Nimbus Center LLC and Cascade Microtech, Inc.",,,,,
40,10.35+,"Employment Offer Letter, dated August 29, 2012 to",10-K,000-50307,3/13/2013,10.19+,
41,,Mike Slessor,,,,,
42,10.37+,"CEO Change of Control and Severance Agreement,",10-K,000-50307,3/15/2017,10.35,
43,,"dated April 28, 2016 by and between Mike Slessor and",,,,,
44,,the Registrant,,,,,
45,10.38+,"Change of Control and Severance Agreement, dated",10-K,000-50307,3/15/2017,10.36,
46,,"April 28, 2016 by and between Michael Ludwig and the",,,,,
47,,Registrant,,,,,
48,10.39+,"Employment Offer Letter, dated February 15, 2018 to",10-Q,000-50307,5/8/2018,10.1,
49,,Shai Shahar,,,,,
50,21.1,List of Registrant's subsidiaries,—,—,—,—,X
51,23.1,Consent of Independent Registered Public Accounting,—,—,—,—,X
52,,Firm - KPMG LLP,,,,,
53,24.1,Power of Attorney (included on the signature page of,—,—,—,—,X
54,,this Form 10-K),,,,,
55,31.1,Certification of Chief Executive Officer pursuant to,—,—,—,—,X
56,,"15 U.S.C. Section 7241, as adopted pursuant to",,,,,
57,,Section 302 of the Sarbanes-Oxley Act of 2002,,,,,
58,31.2,Certification of Chief Financial Officer pursuant to,—,—,—,—,X
59,,"15 U.S.C. Section 7241, as adopted pursuant to",,,,,
60,,Section 302 of the Sarbanes-Oxley Act of 2002,,,,,
61,32.1*,Certification of Chief Executive Officer and Chief,—,—,—,—,X
