,eferred tax assets:,Unnamed: 0,Unnamed: 1,Unnamed: 2,Unnamed: 3
0,Employee benefits $,,"5,092",$,"5,078"
1,Inventory,,"1,649",,"1,129"
2,Accounts receivable,,204,,213
3,Tax credits,,"1,300",,"1,213"
4,Other assets,,148,,139
5,Capital Loss carry-forward,,"2,455",,"1,385"
6,Net operating loss carry-forwards,,"5,556",,"6,451"
7,Total deferred tax asset,,"16,404",,"15,608"
8,eferred tax liabilities:,,,,
9,"Property, plant and equipment",,"(1,344 )",,"(1,639)"
10,Other liabilities,,(343 ),,(821)
11,Deferred state income tax,,(767 ),,(727)
12,Net deferred tax asset,,"13,950",,"12,421"
13,Valuation allowance,,"(13,950 )",,"(12,688)"
14,Net deferred tax liability $,,-,$,(267)
15,,,,,
16,mponents of the deferred tax asset were as follows (in thousands):,,,,
17,,,2019,,2018
18,Gross deferred assets $,,"13,950",$,"12,421"
19,Valuation allowance,,"(13,950 )",,"(12,688)"
20,Net deferred tax (liability) asset $,,-,$,(267)
