,ASSETS,Unnamed: 0,Unnamed: 1,Unnamed: 2,Unnamed: 3,Unnamed: 4
0,"Costs and estimated earnings in excess of billings, net $","6,670",$,"4,087  (a)",$,"2,583"
1,"Inventories, net","23,356",,"(3,437 ) (b)",,"26,793"
2,Prepaid expenses and other,"2,583",,56  (c),,"2,527"
3,Total current assets,"52,699",,706,,"51,993"
4,Other assets,"5,923",,15  (d),,"5,908"
5,Total assets,"86,771",,721,,"86,050"
6,,,,,,
7,LIABILITIES AND STOCKHOLDERS’ EQUITY,,,,,
8,Accrued liabilities $,"3,571",,75  (e),,"3,496"
9,Total current liabilities,"5,837",,75,,"5,762"
10,Deferred rent and other liabilities,"1,376",,12  (f),,"1,364"
11,Total liabilities,"23,682",,87,,"23,595"
12,Accumulated deficit,"(2,111)",,632  (g),,"(2,743"
13,Total stockholders’ equity,"63,089",,632,,"62,457"
14,Total liabilities and stockholders’ equity,"86,771",,721,,"86,050"
15,otes:,,,,,
16,)  Cumulative adjustment to unbilled accounts receivable for additional revenue recognized for which amounts have not been invoiced,,,,,
17,e to adoption of ASU 2014-09.,,,,,
18,)  Cumulative adjustment for additional allocated inventory costs related to additional revenue recognized due to adoption of ASU,,,,,
19,14-09.,,,,,
20,")  Cumulative adjustment for short-term capitalization of sales commissions, net of amortized amounts, due to adoption of ASC 340-",,,,,
21,.,,,,,
22,")  Cumulative adjustment for long-term capitalization of sales commissions, net of amortized amounts, due to adoption of ASC 340-",,,,,
23,.,,,,,
24,")  Cumulative adjustment to record short-term liability of sales commissions, net of amounts paid, due to adoption of ASC 340-40.",,,,,
25,")  Cumulative adjustment to record long-term liability of sales commissions, net of amounts paid, due to adoption of ASC 340-40.",,,,,
26,) The cumulative effect of initially adopting for ASU 2014-09 and ASC 340-40 using the modified-retrospective method as an,,,,,
27,justment to the balance of Retained earnings (Accumulated deficit).,,,,,
28,onsolidated Statement of Operations,,,,,
29,,,,,Balances Without,
30,,,,,,Adoption of
31,As Reported,,Adjustments,,,ASU 2014-09
32,Revenues $,"49,509",$,"2,662",$,"46,847"
33,Cost of revenues,"33,720",,"2,508",,"31,212"
34,Gross profit,"15,789",,154,,"15,635"
35,Selling and administrative expenses,"12,100",,5  (a),,"12,095"
