,Unnamed: 0,Unnamed: 1,2019,Unnamed: 2,2018,Unnamed: 3,Unnamed: 4,2017,Unnamed: 5,Unnamed: 6
0,,,% ofAmount AmountNet Sales % of,Amount,% of Net Sales,,,,Net Sales,
1,,,,(Dollars in thousands),,,,,,
2,Net sales,$,"245,862","100% $ 193,237",,100%,"$ 152,359",,,100%
3,Cost of goods sold,,"131,665","54 103,247",,53,"79,943",,,52
4,Gross profit,,"114,197","46 89,990",,47,"72,416",,,48
5,"Selling, general and administrative expenses",,"114,450","47 94,876",,49,"75,167",,,49
6,Loss from operations,,(253),"(0) (4,886)",,,"(3) (2,751)",,,(2)
7,"Other income/(expenses), net",,5,0 (102),,,(0) (525),,,(0)
8,Interest expense,,(991),(0) (296),,,(0) (910),,,0
9,Loss before income taxes,,"(1,239)","(1) (5,284)",,,"(3) (4,187)",,,(3)
10,Income tax expense,,144,0,77,,0,75.0,,0
11,Net loss,$,"(1,383)","(1)% $ (5,361)",,,"(3)% $ (4,262)",,,(3)%
