,Partnership’s profit/(loss) attributable to:,Unnamed: 0,Unnamed: 1,Unnamed: 2,Unnamed: 3,Unnamed: 4,Unnamed: 5,Unnamed: 6,Unnamed: 7,Unnamed: 8,Unnamed: 9,Unnamed: 10,Unnamed: 11,Unnamed: 12,Unnamed: 13,Unnamed: 14,Unnamed: 15,Unnamed: 16,Unnamed: 17,Unnamed: 18,Unnamed: 19
0,Common unitholders . . . . . . . . . . . . . . .,.,.,.,.,.,.,.,.,.,.,.,.,.,.,.,,.,.,"75,879","(66,268)"
1,General partner . . . . . . . . . . . . . . . . . . .,.,.,.,.,.,.,.,.,.,.,.,.,.,.,.,,.,.,"1,602","(1,479)"
2,IDRs . . . . . . . . . . . . . . . . . . . . . . . . . . .,.,.,.,.,.,.,.,.,.,.,.,.,.,.,.,,.,.,"2,618",—
3,Paid and accrued preference equity distributions .,,,,,,.,.,.,.,.,.,.,.,.,.,,.,.,"22,498","30,328"
4,Total . . . . . . . . . . . . . . . . . . . . . . . . . . .,.,.,.,.,.,.,.,.,.,.,.,.,.,.,.,,.,.,"102,597","(37,419)"
5,Partnership’s profit/(loss) allocated to GasLog,,,,. .,,.,.,.,.,.,.,.,.,.,.,,.,.,"23,882","(22,467)"
6,Partnership’s profit/(loss) allocated to non-controlling interests,,,,,,,,,,,,,,,,,.,.,"78,715","(14,952)"
7,Total . . . . . . . . . . . . . . . . . . . . . . . . . . .,.,.,.,.,.,.,.,.,.,.,.,.,.,.,.,,.,.,"102,597","(37,419)"
