,Unnamed: 0,Unnamed: 1,Definite life,Definite,Unnamed: 2,Unnamed: 3,Other,Unnamed: 4,Unnamed: 5
0,,Indefinite,internally,life,,,definite,,
1,,life,generated,trademarks,,,life,,
2,,intangible,intangible,and brand,,,intangible,,
3,($ millions),assets,assets,names,,Software,assets,,Total
4,"Cost, beginning of year","$ 3,519",$ 20,$ 20,$,"2,789","$ 6,174",$,"12,522"
5,IFRS 16 adjustments (note 2),—,—,—,,—,(207),,(207)
6,"Restated balance, beginning of year","$ 3,519",$ 20,$ 20,$,"2,789","$ 5,967",$,"12,315"
7,Additions,1,—,—,,397,5,,403
8,Business acquisitions,—,—,—,,—,23,,23
9,Disposal,—,—,—,,—,(1),,(1)
10,Write-off cost of fully amortized assets,—,—,—,,—,(1),,(1)
11,Impact of foreign currency translation,—,—,—,,—,(5),,(5)
12,"Cost, end of year","$ 3,520",$ 20,$ 20,$,"3,186","$ 5,988",$,"12,734"
13,Accumulated amortization and impairment,,,,,,,,
14,"losses, beginning of year",$ —,$ 20,$ 10,$,"1,852","$ 2,682",$,"4,564"
15,IFRS 16 adjustments (note 2),—,—,—,,—,(125),,(125)
16,"Restated balance, beginning of year",$ —,$ 20,$ 10,$,"1,852","$ 2,557",$,"4,439"
17,Amortization,—,—,1,,290,508,,799
18,Impairment losses,—,—,—,,—,12,,12
19,Disposal,—,—,—,,—,(1),,(1)
20,Write-off amortization of fully amortized assets,—,—,—,,—,(1),,(1)
21,Impact of foreign currency translation,—,—,—,,—,(2),,(2)
22,Accumulated amortization and impairment,,,,,,,,
23,"losses, end of year",$ —,$ 20,$ 11,$,"2,142","$ 3,073",$,"5,246"
24,Carrying amount as at:,,,,,,,,
25,"December 31, 2019","$ 3,520",$ —,$ 9,$,"1,044","$ 2,915",$,"7,488"
