,Unnamed: 0,Unnamed: 1,Unnamed: 2,Unnamed: 3,Unnamed: 4,2019,Unnamed: 5,Unnamed: 6,Unnamed: 7,Unnamed: 8,Unnamed: 9,2018
0,,,Defined,Other,,,,Defined,,Other,,
1,,,Benefit,Defined,,,,Benefit,,Defined,,
2,,,Pension,Benefit,,,,Pension,,Benefit,,
3,($ millions),,Plans,Plans,,Total,,Plans,,Plans,,Total
4,Current service cost,$,61,$ 5,$,66,$,61,$,5,$,66
5,Interest cost on net defined benefit plan obligations,,—,5,,5,,4,,5,,9
6,Settlement charges(i),,10,—,,10,,1,,—,,1
7,Other,,3,—,,3,,4,,—,,4
8,Net post-employment defined benefit costs,$,74,$ 10,$,84,$,70,$,10,$,80
