,Unnamed: 0,Unnamed: 1,Unnamed: 2,Unnamed: 3,2019,Unnamed: 4,2018
0,,Interest,Maturity,,Principal,,Principal
1,($ millions except where otherwise indicated),Rate,Date,,Amount,,Amount
2,Shoppers Drug Mart Notes,2.36%,"May 24, 2018",$,—,$,275
3,Loblaw Companies Limited - Term Loan(i),Variable,"March 28, 2019",,—,,48
4,Loblaw Companies Limited - Term Loan(ii),Variable,"March 29, 2019",,—,,250
5,Loblaw Companies Limited Notes(iii),3.75%,"March 12, 2019",,—,,800
6,Choice Properties senior unsecured debentures,,,,,,
7,– Series A-C,3.68%,"July 24, 2018",,—,,125
8,– Series A,3.55%,"July 5, 2018(iv)",,—,,400
9,– Series 7,3.00%,"September 20, 2019(v)",,200,,—
10,– Series C-C,2.56%,"November 30, 2019(v)",,100,,—
11,Choice Properties - Term Loan(vi),Variable,"May 4, 2022",,175,,—
12,Choice Properties - Term Loan(vii),Variable,"May 4, 2023",,625,,—
13,Total debentures and term loans repaid,,,$,"1,100",$,"1,898"
