,Unnamed: 0,Unnamed: 1,Unnamed: 2,Unnamed: 3,Unnamed: 4,2019,Unnamed: 5,Unnamed: 6,Unnamed: 7,Unnamed: 8,Unnamed: 9,2018
0,,,Defined,Other,,,,Defined,,Other,,
1,,,Benefit,Defined,,,,Benefit,,Defined,,
2,,,Pension,Benefit,,,,Pension,,Benefit,,
3,($ millions),,Plans,Plans,,Total,,Plans,,Plans,,Total
4,Return on plan assets excluding amounts included,,,,,,,,,,,
5,in interest income,$,(231) $,—,$,(231),$,43 $,,— $,,43
6,Experience adjustments,,3,(21),,(18),,8,,2,,10
7,Actuarial losses (gains) from change in,,,,,,,,,,,
8,financial assumptions,,243,23,,266,,(164),,(10),,(174)
9,Change in liability arising from asset ceiling,,(19),—,,(19),,(5),,—,,(5)
10,Total net actuarial (gains) losses recognized in other,,,,,,,,,,,
11,comprehensive income before income taxes,$,(4) $,2,$,(2),$,(118) $,,(8) $,,(126)
12,Income tax expenses on actuarial (gains),,,,,,,,,,,
13,losses (note 8),,1,—,,1,,33,,1,,34
14,Actuarial (gains) losses net of income tax expenses,$,(3) $,2,$,(1),$,(85) $,,(7) $,,(92)
