,Unnamed: 0,Unnamed: 1,Unnamed: 2,Unnamed: 3,2019,Unnamed: 4,2018
0,,Interest,Maturity,,Principal,,Principal
1,($ millions except where otherwise indicated),Rate,Date,,Amount,,Amount
2,Loblaw Term Loans,,,,,,
3,– Loblaw Companies Limited Notes,3.92%,"June 10, 2024",$,—,$,400
4,– Loblaw Companies Limited Notes,4.49%,"December 11, 2028",,—,,400
5,Choice Properties senior unsecured debentures,,,,,,
6,– Series I,3.01%,"March 21, 2022",,—,,300
7,– Series J,3.55%,"January 10, 2025",,—,,350
8,– Series K,3.56%,"September 9, 2024",,—,,550
9,– Series L,4.18%,"March 8, 2028",,—,,750
10,– Series M,3.53%,"June 11, 2029",,750,,—
11,– Series A-C,3.68%,"July 24, 2018",,—,,125
12,– Series B-C,4.32%,"January 15, 2021",,—,,100
13,– Series C-C,2.56%,"November 30, 2019",,—,,100
14,– Series D-C,2.95%,"January 18, 2023",,—,,125
15,Total debentures issued or assumed,,,$,750,$,"3,200"
