,($ millions except where otherwise indicated),Unnamed: 0,2019,Unnamed: 1,2018
0,Net earnings attributable to shareholders of the Company,$,242,$,574
1,Prescribed dividends on preferred shares in share capital,,(44),,(44)
2,Net earnings available to common shareholders of the Company,$,198,$,530
3,Reduction in net earnings due to dilution at Loblaw,,(4),,(2)
4,Net earnings available to common shareholders for diluted earnings per share,$,194,$,528
5,Weighted average common shares outstanding (in millions) (note 26),,153.5,,131.8
6,Dilutive effect of equity-based compensation(i) (in millions),,0.2,,0.4
7,Diluted weighted average common shares outstanding (in millions),,153.7,,132.2
8,Basic net earnings per common share ($),$,1.29,$,4.02
9,Diluted net earnings per common share ($),$,1.26,$,3.99
