,Unnamed: 0,Shares,Amount,Unnamed: 1,Capital,Stock,(Deficit),Total
0,,,,,,,,
1,,,,,,,,
2,"Balance at December 31, 2017","22,196,712  $",,22  $,"23,793  $","(1,452)  $","9,353  $","31,716"
3,,,,,,,,
4,Retained Earnings Adjustment due to 606,,,,,,979,979
5,,,,,,,,
6,Purchase of Treasury Stock,,,,,"(21,260)",,"(21,260)"
7,,,,,,,,
8,Cancellation of Restricted Stock,"(40,000)",,,,,,
9,,,,,,,,
10,Shares issued upon exercise of stock options,"205,148",,,522,,,522
11,,,,,,,,
12,Stock-based compensation expense,,,,,,,
13,Stock options,,,,"1,055",,,"1,055"
14,Restricted stock,"80,000",,,214,,,214
15,,,,,,,,
16,"Common stock cash dividends, $0.045 per share",,,,,,(924),(924)
17,,,,,,,,
18,Net income,,,,,,"3,654","3,654"
19,,,,,,,,
20,"Balance at December 31, 2018","22,441,860  $",,22  $,"25,584  $","(22,712)  $","13,062  $","15,956"
21,,,,,,,,
22,Purchase of Treasury Stock,,,,,(375),,(375)
23,,,,,,,,
24,Shares issued upon exercise of stock options,"1,329,030",,2,"4,602",,,"4,604"
25,,,,,,,,
26,Stock option cash settlement,,,,(445),,,(445)
27,,,,,,,,
28,Stock-based compensation expense,,,,,,,
29,Stock options,,,,"1,581",,,"1,581"
30,Restricted stock,"120,000",,,834,,,834
31,,,,,,,,
32,"Common stock cash dividends, $3.895 per share",,,,,,"(71,706)","(71,706)"
33,,,,,,,,
34,Net income,,,,,,"13,267","13,267"
35,,,,,,,,
36,"Balance at December 31, 2019","23,890,890  $",,24  $,"32,156  $","(23,087)  $","(45,377)  $","(36,284)"
