,Unnamed: 0,"December 31,",Unnamed: 1,Unnamed: 2
0,(in thousands of $),2019 2018,Change,% Change
1,Total operating revenues,"218,096 127,625","90,471",71 %
2,Vessel operating expenses,"(53,689) (26,317)","(27,372)",104 %
3,"Voyage expenses, charter-hire and commission expenses","(460) (1,363)",903,(66)%
4,Administrative expenses,"(1,371) 175","(1,546)",(883)%
5,Project development expenses,"(2,939) (16,526)","13,587",(82)%
6,Depreciation and amortization,"(48,088) (28,193)","(19,895)",71 %
7,Other operating (losses)/gains,"(28,963) 2,749","(31,712)","(1,154)%"
8,Operating income,"82,586 58,150","24,436",42 %
9,Equity in net losses of affiliates,"— (2,047)","2,047",(100)%
