,Strategic Report,Unnamed: 0,Directors’ Report,Unnamed: 1,Financial Statements,Unnamed: 2
0,At a Glance,2.0,Board of Directors 44,,Independent Auditor’s Report,102.0
1,Investment Case,4.0,Directors’ Report  46,,Group Income Statement,111.0
2,Business Model,6.0,Corporate Governance Report 52,,Group Statement of,
3,Market Trends,8.0,Report on Directors’ Remuneration 62,,Comprehensive Income,112.0
4,Chairman’s Statement,10.0,Report of the Audit Committee 92,,Group Statement of,
5,,,,,Financial Position,113.0
6,Chief Executive’s Review,12.0,Report of the Nomination and,,,
7,,,,,Group Statement of Cash Flows,114.0
8,Our Strategy,14.0,Governance Committee 97,,,
9,,,,,Group Statement of Changes,
10,Key Performance Indicators,22.0,Statement of Directors’,,,
11,,,Responsibilities 100,,in Equity,115.0
12,Sustainability Report,26.0,,,Notes to the Group,
13,Operating and Financial Review,34.0,,,Financial Statements,117.0
