,Year ended 28 September 2018,Unnamed: 0,Unnamed: 1,Unnamed: 2,Unnamed: 3
0,Opening net book amount,797.1,17.3,263.2,"1,077.6"
1,Additions,–,3.0,–,3.0
2,Disposals,–,(0.2),–,(0.2)
3,Currency translation adjustment,11.3,–,6.2,17.5
4,Amortisation charge,–,(5.1),(20.2),(25.3)
5,Impairment Charge,(1.4),(0.8),(0.2),(2.4)
6,Assets transferred to assets held for sale (Note 33),(397.3),(4.5),(243.1),(644.9)
7,Closing carrying amount,409.7,9.7,5.9,425.3
8,At 28 September 2018,,,,
9,Cost,420.3,64.1,34.8,519.2
10,Accumulated impairment/amortisation,(10.6),(54.4),(28.9),(93.9)
11,Carrying amount,409.7,9.7,5.9,425.3
