,Health and safety,Unnamed: 0,Employee engagement,Product innovation,Service,Food safety,Food waste
0,Accident Incident Rate,,Employee engagement as a percentage,Percentage of products new to market,Percentage of products delivered,Percentage of BRC unannounced,Food waste as a percentage
1,per 100 employees,,,,on time and in full,audits with AA+ and A+ grades,of total food production
2,0.52,,77%,47%,98.2%,100%,9.2%
3,,,,(incl. Freshtime in FY19),(incl. Freshtime in FY19),"A++ 15 units, A+ 6 units",
4,,,,,,(incl. Freshtime in FY19),
5,FY19 0.52,,FY19 77%,FY19 47%,FY19 98.2%,FY19 100%,FY19 9.2%
6,FY18 0.51,,FY17 80%,FY18 35%,FY18 98.2%,FY18 100%,FY18 10.5%
7,Relevance,,Relevance,Relevance,Relevance,Relevance,Relevance
8,Keeping our colleagues healthy and,,Driving employee engagement is,The product innovation measure shows,Building our customer relationships,"Producing safe, authentic and excellent",Managing food waste is a top priority
9,safe is a top priority for the Group.,,a key output of our people strategy.,our ability to broaden our product,underpins the Group’s strategic priority,quality food is central to everything,across our operations. Our aim is to
10,We aim to achieve this by continuing,,The employee engagement measure,proposition. It supports the Group’s,to deepen customer relevance. An,we do. The Group uses the British,"address food waste through prevention,"
11,to develop a strong safety culture driven,,provides insight into how our people,strategic priority to drive growth in,important component of measuring this,Retail Consortium Global Standard in,redistribution and use in animal feed.
12,by management and employees at,,"are committed to the Group’s goals,",an expanding food to go market. It is,is our service level. We track our service,Food Safety (the ‘BRC’) to measure its,We have committed to reducing food
13,every level. The Group uses the Accident,,how motivated they are to contribute,central to our commercial model and,level by measuring the product we,food safety levels. The BRC standard is,waste to 5.35% of total food production
14,Incidence Rate (‘AIR’) to provide a guide,,"to its success and importantly, how they",deepens our relevance to customers.,"deliver to customers, on time and in full,",recognised by the Global Food Safety,by 2030 to meet the UN Sustainable
15,of our health and safety performance.,,are feeling about their own well-being.,The Group has a large team of highly,compared to what they ordered from us.,Initiative. The BRC standard provides,Development Goal target.
16,,,,"skilled chefs and food technologists,",,a level of competence in all aspects,
17,Result,,Result,who are constantly innovating and,Result,of food safety and testing is carried,Result
18,"Throughout FY19, the Group developed",,"In FY19, our employee engagement,",developing new products for our,We continually meet high levels of,out through unannounced audits on,Through a programme of waste
19,its culture of reporting minor accidents.,,which was measured using slightly,customers and consumers.,service and have maintained an average,"food safety, quality and operational",avoidance and food distribution
20,This led to a slight increase from 0.51 in,,"enhanced methodology, decreased",,service level across the Group of 98.2%,criteria at each of our sites.,"initiatives, we continually reduce our"
21,FY18 to 0.52 in FY19 in our AIR ratio per,,"by 3% since the last survey, which",Result,(same as FY18).,,food waste. Our food waste reduced by
22,100 employees in the UK.,,was conducted in FY17. The Group,This year our innovation rate increased,,Result,1.3% from 10.5% in FY18 to 9.2% in FY19.
23,,,has prioritised initiatives to improve,"to 47%, measured from a base of",,In FY19 all of our manufacturing units,
24,,,engagement including increasing,"over 2,400 different products across",,achieved the AA+ or A+ BRC grade.,
25,,,employee communication through,20 different categories. This result was,,"For the second consecutive year,",
26,,,pulse surveys and colleague forums.,supported particularly by increased,,the Group has met the highest level,
27,,,,demand from customers for meat,,of food safety performance.,
28,,,,alternative products.,,,
29,S T R AT EG I C  L I N K S,,S T R AT EG I C  L I N K S,S T R AT EG I C  L I N K S,S T R AT EG I C  L I N K S,S T R AT EG I C  L I N K S,S T R AT EG I C  L I N K S
