,Unnamed: 0,Unnamed: 1,Unnamed: 2,Unnamed: 3,Unnamed: 4,Unnamed: 5,Non-,Unnamed: 6
0,,Share,Share,Other,Retained,,controlling,Total
1,,capital,premium,reserves,earnings,Total,interests,equity
2,,£m,£m,£m,£m,£m,£m,£m
3,At 28 September 2018,7.1,650.8,105.1,(25.8),737.2,6.4,743.6
4,IFRS 9 transition adjustment,–,–,–,(0.9),(0.9),–,(0.9)
5,At 28 September 2018,7.1,650.8,105.1,(26.7),736.3,6.4,742.7
6,Items of income and expense taken directly to equity,,,,,,,
7,Currency translation adjustment,–,–,10.3,–,10.3,–,10.3
8,Translation reserve transferred to income statement,,,,,,,
9,on discontinued operations,–,–,(24.5),–,(24.5),–,(24.5)
10,Net investment hedge transferred to income statement,–,–,22.3,–,22.3,–,22.3
11,Actuarial loss on Group legacy defined benefit,,,,,,,
12,pension schemes,–,–,–,(13.3),(13.3),–,(13.3)
13,Tax charge on Group legacy defined benefit,,,,,,,
14,pension schemes,–,–,–,2.9,2.9,–,2.9
15,Cash flow hedge fair value movement taken to equity,–,–,0.2,–,0.2,–,0.2
16,Cash flow hedge transferred to Income Statement,–,–,0.3,–,0.3,–,0.3
17,Profit for the financial year,–,–,–,106.0,106.0,2.2,108.2
18,Total recognised income and expense for the,,,,,,,
19,financial year,–,–,8.6,95.6,104.2,2.2,106.4
20,Employee share-based payments expense,–,–,3.6,–,3.6,–,3.6
21,Tax on share-based payments,–,–,–,0.3,0.3,–,0.3
22,"Exercise, lapse or forfeit of share-based payments",–,0.1,(3.0),2.3,(0.6),–,(0.6)
23,Shares acquired by Employee Benefit Trust (A),–,–,(0.9),0.3,(0.6),–,(0.6)
24,Transfer to retained earnings on grant of shares,,,,,,,
25,to beneficiaries of the Employee Benefit Trust (B),–,–,0.8,(0.8),–,–,–
26,Share capital reduction (C),,(650.8),–,650.8,–,–,–
27,Capital return via tender offer (D),(2.6),–,2.6,(509.0),(509.0),–,(509.0)
28,Dividends,–,–,–,(34.8),(34.8),(2.2),(37.0)
29,At 27 September 2019,4.5,0.1,116.8,178.0,299.4,6.4,305.8
30,,,,,,,Non-,
31,,Share,Share,Other,Retained,,controlling,Total
32,,capital,premium,reserves,earnings,Total,interests,equity
33,,£m,£m,£m,£m,£m,£m,£m
34,At 29 September 2017,7.1,647.8,92.2,(41.5),705.6,5.2,710.8
35,Items of income and expense taken directly to equity,,,,,,,
36,Currency translation adjustment,–,–,15.4,–,15.4,–,15.4
37,Net investment hedge,–,–,(10.6),–,(10.6),–,(10.6)
38,Actuarial gain on Group legacy defined benefit,,,,,,,
39,pension schemes,–,–,–,24.3,24.3,–,24.3
40,Tax charge on Group legacy defined benefit,,,,,,,
41,pension schemes,–,–,–,(4.5),(4.5),–,(4.5)
42,Cash flow hedge fair value movement taken to equity,–,–,4.1,–,4.1,–,4.1
43,Cash flow hedge transferred to Income Statement,–,–,5.9,–,5.9,–,5.9
44,Profit for the financial year,–,–,–,33.8,33.8,2.7,36.5
45,Total recognised income and expense for the,,,,,,,
46,financial year,–,–,14.8,53.6,68.4,2.7,71.1
47,Employee share-based payments expense,–,–,1.6,–,1.6,–,1.6
48,"Exercise, lapse or forfeit of share-based payments",–,0.2,(4.0),4.0,0.2,–,0.2
49,Shares acquired by Employee Benefit Trust (A),–,–,(2.2),0.2,(2.0),–,(2.0)
50,Transfer to retained earnings on grant of shares to,,,,,,,
51,beneficiaries of the Employee Benefit Trust (B),–,–,2.7,(2.7),–,–,–
52,Dividends,–,2.8,–,(39.4),(36.6),(1.5),(38.1)
53,At 28 September 2018,7.1,650.8,105.1,(25.8),737.2,6.4,743.6
