,Unnamed: 0,At,Unnamed: 1,Translation and,Unnamed: 2,At.1
0,,28 September,,,non-cash,27 September
1,,2018 Acquisitions,Cash flow,adjustments,,2019
2,,£m £m,£m,,£m,£m
3,Cash and cash equivalents,37.0 9.2,(5.2),,0.6,41.6
4,Bank borrowings,(350.5) –,143.0,,(6.4),(213.9)
5,Private Placement Notes,(124.8) –,14.6,,(6.0),(116.2)
6,Non-bank borrowings,(62.3) –,63.1,,(0.8),–
7,Finance leases,(0.5) –,0.4,,0.1,–
8,Total,(501.1) 9.2,215.9,,(12.5),(288.5)
9,,At,,Translation and,,At
10,,29 September,,,non-cash,28 September
11,,2017 Acquisitions,Cash flow,adjustments,,2018
12,,£m £m,£m,,£m,£m
13,Cash and cash equivalents,19.8 –,17.2,,–,37.0
14,Bank borrowings,(353.7) –,9.6,,(6.4),(350.5)
15,Private Placement Notes,(121.9) –,–,,(2.9),(124.8)
16,Non-bank borrowings,(61.6) –,–,,(0.7),(62.3)
17,Finance leases,(1.8) –,1.3,,–,(0.5)
18,Total,(519.2) –,28.1,,(10.0),(501.1)
19,Currency Profile,,,,,
20,The currency profile of net debt and derivative financial instruments at 27 September 2019 was as follows:,,,,,
21,,US dollar,Euro,,Sterling,Total
22,,£m,£m,,£m,£m
23,Cash and cash equivalents,–,6.5,,35.1,41.6
24,Borrowings,(98.2),–,,(231.9),(330.1)
25,Net Debt,(98.2),6.5,,(196.8),(288.5)
26,Other derivative financial instruments,–,–,,1.9,1.9
27,Total,(98.2),6.5,,(194.9),(286.6)
28,The currency profile of net debt and derivative financial instruments at 28 September 2018 was as follows:,,,,,
29,,US dollar,Euro,,Sterling,Total
30,Cash and cash equivalents,13.0,9.7,,14.3,37.0
31,Borrowings,(306.2),(66.7),,(165.2),(538.1)
32,Net Debt,(293.2),(57.0),,(150.9),(501.1)
33,Other derivative financial instruments,(11.2),–,,(1.5),(12.7)
34,Total,(304.4),(57.0),,(152.4),(513.8)
