,Unnamed: 0,Unnamed: 1,Unnamed: 2,2019,Unnamed: 3
0,,,Continuing,Discontinued,
1,,,operations,operations,Total
2,,,£m,£m,£m
3,Guaranteed Minimum Pension (‘GMP’) equalisation,(A),(3.0),–,(3.0)
4,Transaction costs,(B),(1.8),–,(1.8)
5,Network rationalisation and optimisation,(C),0.0,–,0.0
6,Debt restructuring post disposal of Greencore’s US business,(D),(25.4),–,(25.4)
7,Profit on disposal of Greencore’s US business,(E),–,55.9,55.9
8,,,(30.2),55.9,25.7
9,Tax on exceptional items,,0.2,–,0.2
10,Total exceptional items,,(30.0),55.9,25.9
11,,,,2018,
12,,,Continuing,Discontinued,
13,,,operations,operations,Total
14,,,£m,£m,£m
15,Network rationalisation and optimisation,(F),(21.2),(23.6),(44.8)
16,Exit from Cakes and Desserts,(G),(13.9),–,(13.9)
17,Reorganisation and integration costs,(H),(15.9),(3.0),(18.9)
18,Pre-commissioning and start up costs,(I),(1.2),–,(1.2)
19,Transaction costs,(J),–,(1.3),(1.3)
20,,,(52.2),(27.9),(80.1)
21,Tax on exceptional items,,7.8,–,7.8
22,Tax credit,(K),–,20.6,20.6
23,Total exceptional items,,(44.4),(7.3),(51.7)
