,Unnamed: 0,Number,Description,Form,Number.1,Unnamed: 1,Date Filed
0,2.1,,"Agreement and Plan of Reorganization, by and among",8-K,2.1,,"November 2, 2017"
1,,,"Guidewire Software, Inc., Cyence Inc., Caesar Acquisition Sub",,,,
2,,,"I, Inc., Caesar Acquisition Sub II, LLC and Shareholder",,,,
3,,,"Representative Services LLC dated October 5, 2017.",,,,
4,3.1,,Amended and Restated Certificate of Incorporation.,10-Q,3.1,,"March 14, 2012"
5,3.2,,Amended and Restated Bylaws.,8-K,3.1,,"December 5, 2016"
6,4.1,,Form of Common Stock certificate of the Registrant.,S-1/A,4.1,,"January 9, 2012"
7,4.2,,"Indenture, dated as of March 13, 2018, by and between",8-K,4.1,,"March 13, 2018"
8,,,"Guidewire Software, Inc. and U.S. Bank National Association.",,,,
9,4.3,,"First Supplemental Indenture, dated as of March 13, 2018, by",8-K,4.2,,"March 13, 2018"
10,,,"and between Guidewire Software, Inc. and U.S. Bank National",,,,
11,,,Association.,,,,
12,4.4,,"Form of 1.25% Convertible Senior Note Due March 15, 2025.",8-K,4.3,,"March 13, 2018"
13,,,,,,,
14,4.5,,Description of the Company’s Securities Registered Pursuant to,Filed herewith,—,,—
15,,,"Section 12 of the Securities Exchange Act of 1934, as amended",,,,
16,10.1,,Form of Indemnification Agreement between the Registrant and,S-1/A,10.1,,"October 28, 2011"
17,,,each of its directors and executive officers.,,,,
18,10.2,,2006 Stock Plan and forms of agreements thereunder.,S-1,10.2,,"September 2, 2011"
19,10.3,,2009 Stock Plan and forms of agreements thereunder.,S-1,10.3,,"September 2, 2011"
20,10.4,,2010 Restricted Stock Unit Plan and forms of agreements,S-1,10.4,,"September 2, 2011"
21,,,thereunder.,,,,
22,10.5,,2011 Stock Plan and forms of agreements thereunder.,S-1/A,10.5,,"December 13, 2011"
23,10.6,,Form of Executive Agreement.,10-K,10.6,,"September 17, 2014"
24,10.7,,Senior Executive Incentive Bonus Plan.,S-1/A,10.12,,"December 13, 2011"
25,10.8,,"Lease Agreement between Parkside Towers, L.P. and the",S-1/A,10.13,,"December 13, 2011"
26,,,"Registrant dated as of December 5, 2011.",,,,
27,10.9,,Form of Performance-Based Restricted Stock Unit Award,10-Q,10.9,,"December 2, 2015"
28,,,Agreement under the 2011 Stock Plan.,,,,
29,10.1,,Form of Capped Call Confirmation.,8-K,10.1,,"March 13, 2018"
30,10.11,,"Lease Agreement between Bay Meadows Station 2 Investors,",10-K,10.11,,"September 19, 2018"
31,,,"LLC and the Registrant dated as of December 18, 2017.",,,,
32,21.1,,Subsidiaries of the Registrant.,Filed herewith,—,,—
33,23.1,,"Consent of KPMG LLP, Independent Registered Public",Filed herewith,—,,—
34,,,Accounting Firm.,,,,
