,Unnamed: 0,Unnamed: 1,2019,Unnamed: 2,Unnamed: 3,2018,Unnamed: 4
0,Income (loss) from operations,$,,29.1,$,,(55.8)
1,Interest expense,,,(95.1),,,(75.7)
2,Gain on sale and deconsolidation of subsidiary,,,—,,,105.1
3,Income from equity investees,,,2.2,,,15.4
4,Gain on bargain purchase,,,1.1,,,115.4
5,Other income,,,6.0,,,77.9
6,(Loss) income from continuing operations,,,(56.7),,,182.3
7,Income tax benefit (expense),,,20.6,,,(2.4)
8,Net (loss) income,,,(36.1),,,179.9
9,Net loss (income) attributable to noncontrolling interest and redeemable noncontrolling interest,,,4.6,,,(17.9)
10,"Net (loss) income attributable to HC2 Holdings, Inc.",,,(31.5),,,162.0
11,"Less: Preferred dividends, deemed dividends, and repurchase gains",,,—,,,6.4
12,Net (loss) income attributable to common stock and participating preferred stockholders,$,,(31.5),$,,155.6
