,Unnamed: 0,Unnamed: 1,"CAPITALIZATION,",Unnamed: 2,Unnamed: 3,Unnamed: 4
0,,,"PREEMPTIVE RIGHTS,",,,
1,,,STOCK OPTIONS AND WARRANTS,,,
2,A. CAPITALIZATION,,,,,
3,,,HC2 Broadcasting Intermediate Holdings Inc.,,,
4,Common Stock,,,,,
5,"Total Authorized: 100 shares of Common Stock, $.001 par value per share.",,,,,
6,Shareholder,,# of Shares,,% of Shares,
7,HC2 Broadcasting Holdings Inc.,,,100.0,100,%
8,Total Issued,,,100.0,100.00,%
9,,,HC2 Broadcasting Inc.,,,
10,Common Stock,,,,,
11,"Total Authorized: 100 shares of Common Stock, $.001 par value per share.",,,,,
12,Shareholder,,# of Shares,,% of Shares,
13,HC2 Broadcasting Intermediate Holdings Inc.,,,100.0,100,%
14,Total Issued,,,100.0,100.00,%
15,,,"HC2 LPTV Holdings, Inc.",,,
16,Common Stock,,,,,
17,"Total Authorized: 100 shares of Common Stock, $.001 par value per share.",,,,,
18,Shareholder,,# of Shares,,% of Shares,
19,HC2 Broadcasting Intermediate Holdings Inc.,,,100.0,100,%
20,Total Issued,,,100.0,100.00,%
