,(Loss) income from continuing operations,Unnamed: 0,(56.7),Unnamed: 1,182.3
0,come tax benefit (expense),,20.6,,(2.4)
1,Net (loss) income,,(36.1),,179.9
2,et loss (income) attributable to noncontrolling interest and redeemable noncontrolling interest,,4.6,,(17.9)
3,"Net (loss) income attributable to HC2 Holdings, Inc.",,(31.5),,162.0
4,"ess: Preferred dividends, deemed dividends, and repurchase gains",,—,,6.4
5,Net (loss) income attributable to common stock and participating preferred stockholders,$,(31.5)  $,,155.6
6,,,"Years Ended December 31,",,
7,,,2019,2018.0,
8,epreciation and Amortization,,,,
9,Construction,$,15.5,,7.4
10,Marine Services,,25.7,,27.2
11,Energy,,6.9,,5.5
12,Telecommunications,,0.3,,0.3
13,Insurance (*),,(23.1),,(12.4)
14,Life Sciences,,0.3,,0.2
15,Broadcasting,,6.3,,3.3
16,Other,,—,,0.1
17,Non-operating Corporate,,0.1,,0.1
18,Total,$,32.0 $,,31.7
19,"Balance includes amortization of negative VOBA, which increases net income.",,,,
20,,,"Years Ended December 31,",,
21,,,2019,2018.0,
22,apital Expenditures (*),,,,
23,Construction,$,9.8 $,,14.9
24,Marine Services,,15.6,,21.7
25,Energy,,1.1,,1.5
26,Telecommunications,,—,,0.1
27,Insurance,,0.6,,0.3
28,Life Sciences,,0.1,,—
29,Broadcasting,,14.2,,1.1
30,Non-operating Corporate,,—,,0.1
31,Total,$,41.4 $,,39.7
