,"Austin, TX",40,KGBS-CD,Class A Station
0,,,KVAT-LD,LPTV Station
1,"Jacksonville, FL",41.0,WJXE-LD,LPTV Station
2,,,WKBJ-LD,LPTV Station
3,,,WRCZ-LD,LPTV Station
4,"Oklahoma City, OK",43.0,KOHC-CD,Class A Station
5,,,KTOU-LD,LPTV Station
6,,,KBZC-LD,LPTV Station
7,"Birmingham - Anniston - Tuscaloosa, AL",44.0,WUOA-LD,LPTV Station
8,"Albuquerque - Santa Fe, NM",46.0,KQDF-LP,LPTV Station
9,"Louisville, KY",48.0,W27DH-D,LPTV Station
10,"New Orleans, LA",50.0,WTNO-LP,Class A Station
11,,,WQDT-LD,LPTV Station
12,"Memphis, TN",51.0,W15EA-D,Class A Station
13,,,WPED-LD,LPTV Station
14,,,WQEK-LD,LPTV Station
15,,,KPMF-LD,LPTV Station
16,,,WQEO-LD,LPTV Station
17,"Buffalo, NY",52.0,WVTT-CD,Class A Station
18,,,WWHC-LP,LPTV Station
19,"Ft. Myers - Naples, FL",53.0,WGPS-LP,LPTV Station
20,"Richmond - Petersburg, VA",54.0,WUDW-LD,LPTV Station
21,,,WFWG-LD,LPTV Station
22,,,WWBK-LD,LPTV Station
23,"Fresno - Visalia, CA",55.0,KZMM-CD,Class A Station
24,,,K17JI-D,Class A Station
25,"Mobile, AL - Pensacola, FL",57.0,WEDS-LD,LPTV Station
26,"Tulsa, OK",58.0,KZLL-LD,LPTV Station
27,,,KUOC-LD,LPTV Station
28,"Little Rock - Pine Bluff, AR",62.0,KWMO-LD,LPTV Station
29,,,K23OW-D,LPTV Station
30,,,KENH-LD,LPTV Station
31,"Des Moines - Ames, IA",68.0,KAJR-LD,LPTV Station
32,,,KCYM-LD,LPTV Station
33,,,KRPG-LD,LPTV Station
34,"Omaha, NE",71.0,KAJS-LD,LPTV Station
35,"Wichita - Hutchinson, KS",72.0,KFVT-LD,LPTV Station
36,"Charleston - Huntington, WV",74.0,WOCW-LD,LPTV Station
37,"Columbia, SC",75.0,WDYH-LD,LPTV Station
38,"Rochester - Mason City - Austin, NY",76.0,WGCE-CD,Class A Station
39,"Flint - Saginaw - Bay City, MI",77.0,WFFC-LD,LPTV Station
40,,,WFKB-LD,LPTV Station
41,,,W35DQ-D,LPTV Station
42,"Huntsville - Decatur - Florence, AL",78.0,W34EY-D,Class A Station
43,"Madison, WI",81.0,W23BW-D,Class A Station
44,,,WZCK-LD,LPTV Station
45,"Waco - Temple - Bryan, TX",82.0,KAXW-LD,LPTV Station
46,,,KZCZ-LD,LPTV Station
47,"Harlingen - Weslaco - Brownsville - Mcallen, TX",83.0,KRZG-CD,Class A Station
