,"Net Income (loss) attributable to HC2 Holdings, Inc.,",Unnamed: 0,Unnamed: 1,Unnamed: 2,Unnamed: 3,Unnamed: 4,Unnamed: 5,Unnamed: 6,Unnamed: 7,Unnamed: 8,Unnamed: 9,Unnamed: 10,Unnamed: 11,Unnamed: 12,Unnamed: 13,Unnamed: 14,Unnamed: 15,Unnamed: 16,Unnamed: 17
0,excluding Insurance Segment,$,27.7,$,0.3,$,(0.9),$,4.6,$,65.2,$,(34.5),$,(2.9),$,(81.9),$,(22.4)
1,Adjustments to reconcile net income (loss) to Adjusted,,,,,,,,,,,,,,,,,,
2,EBITDA:,,,,,,,,,,,,,,,,,,
3,Depreciation and amortization,,7.4,,27.2,,5.5,,0.3,,0.2,,3.3,,0.1,,0.1,,44.1
4,Depreciation and amortization (included in cost of revenue),,7.0,,—,,—,,—,,—,,—,,—,,—,,7.0
5,Amortization of equity method fair value adjustment at,,,,,,,,,,,,,,,,,,
6,acquisition,,—,,(1.5),,—,,—,,—,,—,,—,,—,,(1.5)
7,Asset impairment expense,,—,,—,,0.7,,—,,—,,0.3,,—,,—,,1.0
8,Other operating (income) expenses,,(0.2),,(0.7),,(0.2),,—,,—,,—,,—,,—,,(1.1)
9,Interest expense,,2.6,,4.8,,1.6,,—,,—,,9.5,,—,,57.1,,75.6
10,Loss on early extinguishment or restructuring of debt,,—,,—,,—,,—,,—,,2.6,,—,,2.5,,5.1
11,Net loss (gain) on contingent consideration,,—,,0.8,,—,,—,,—,,—,,—,,—,,0.8
12,"Other (income) expense, net",,(2.6),,(1.8),,0.3,,0.1,,—,,1.5,,4.6,,(4.8),,(2.7)
13,Gain on sale and deconsolidation of subsidiary,,—,,—,,—,,—,,(102.1),,—,,(1.6),,—,,(103.7)
14,Foreign currency (gain) loss (included in cost of revenue),,—,,0.1,,—,,—,,—,,—,,—,,—,,0.1
15,Income tax (benefit) expense,,11.9,,0.2,,(1.1),,—,,—,,(1.0),,(1.6),,(6.6),,1.8
16,Noncontrolling interest,,2.2,,—,,(0.4),,—,,19.1,,(1.9),,(1.1),,—,,17.9
17,Bonus to be settled in equity,,—,,—,,—,,—,,—,,—,,—,,2.0,,2.0
18,Share-based payment expense,,—,,1.9,,—,,—,,0.2,,1.6,,0.3,,5.0,,9.0
19,Non-recurring items,,—,,—,,—,,—,,—,,—,,—,,—,,—
20,Acquisition and disposition costs,,4.9,,1.4,,—,,0.3,,2.5,,1.7,,—,,0.7,,11.5
21,Adjusted EBITDA,$,60.9,$,32.7,$,5.5,$,5.3,$,(14.9),$,(16.9),$,(2.2),$,(25.9),$,44.5
