,Unnamed: 0,Unnamed: 1,Total,Unnamed: 2,Unnamed: 3,Level 1,Unnamed: 4,Unnamed: 5,Level 2,Unnamed: 6,Unnamed: 7,Level 3
0,Assets,,,,,,,,,,,
1,Fixed maturity securities,,,,,,,,,,,
2,U.S. Government and government agencies,$,7.7,,$,4.8,,$,2.9,,$,—
3,"States, municipalities and political subdivisions",,440.1,,,—,,,440.1,,,—
4,Residential mortgage-backed securities,,66.9,,,—,,,57.7,,,9.2
5,Commercial mortgage-backed securities,,109.4,,,—,,,74.8,,,34.6
6,Asset-backed securities,,577.8,,,—,,,27.2,,,550.6
7,Corporate and other,,"2,827.0",,,46.5,,,"2,669.5",,,111.0
8,Total fixed maturity securities,,"4,028.9",,,51.3,,,"3,272.2",,,705.4
9,Equity securities,,,,,,,,,,,
10,Common stocks,,10.5,,,7.1,,,—,,,3.4
11,Perpetual preferred stocks,,82.0,,,5.0,,,22.8,,,54.2
12,Total equity securities,,92.5,,,12.1,,,22.8,,,57.6
13,Total assets accounted for at fair value,$,"4,121.4",,$,63.4,,$,"3,295.0",,$,763.0
