,"Amount available at February 15, 2018",Unnamed: 0,Unnamed: 1,Unnamed: 2,Unnamed: 3,Unnamed: 4,$,"50,000"
0,"Quarter ended March 30, 2018","195,750",$,"5,000",$,25.54,$,"45,000"
1,"Quarter ended June 29, 2018","1,061,855",,"24,970",$,23.52,$,"20,030"
2,"Board authorization, $50 million increase, August 18, 2018",,,,,,$,"70,030"
3,"Quarter ended September 28, 2018","1,424,359",,"30,348",$,21.31,$,"39,683"
4,"Quarter ended December 28, 2018","1,657,565",,"29,662",$,17.89,$,"10,021"
5,"Year Ended December 28, 2018","4,339,529",,"89,980",$,20.73,$,"10,021"
6,"Quarter ended March 29, 2019","97,910",,"1,599",$,16.33,$,"8,421"
7,"Quarter ended June 28, 2019",—,,—,$,—,$,"8,421"
8,"Quarter ended September 27, 2019",—,,—,$,—,$,"8,421"
9,"Quarter ended December 27, 2019",—,,—,$,—,$,"8,421"
10,"Year ended December 27, 2019","97,910",$,"1,599",$,16.33,$,"8,421"
