,Signature,Title,Date
0,,,
1,/s/ Nadir Ali,Chief Executive Officer and Director,"March 3, 2020"
2,Nadir Ali,(Principal Executive Officer),
3,,,
4,/s/ Wendy Loundermon,Chief Financial Officer and Director,"March 3, 2020"
5,Wendy Loundermon,(Principal Financial and Accounting Officer),
6,,,
7,/s/ Leonard A. Oppenheim,Director,"March 3, 2020"
8,Leonard A. Oppenheim,,
9,,,
10,/s/ Kareem Irfan,Director,"March 3, 2020"
11,Kareem Irfan,,
12,,,
13,/s/ Tanveer Khader,Director,"March 3, 2020"
14,Tanveer Khader,,
