,Unnamed: 0,Unnamed: 1,Allocation,Unnamed: 2,Unnamed: 3,Adjustments,Unnamed: 4,Unnamed: 5,Adjustments.1,Unnamed: 6,Unnamed: 7,Allocation.1
0,Assets Acquired:,,,,,,,,,,,
1,Cash,$,70,,$,,--,$,,--,$,70
2,Accounts receivable,,7,,,,--,,,--,,7
3,Other current assets,,4,,,,--,,,--,,4
4,Inventory,,2,,,,--,,,--,,2
5,Fixed assets,,1,,,,--,,,--,,1
6,Developed technology,,"1,523",,,,(78),,,--,,"1,445"
7,Customer relationships,,216,,,,(31),,,--,,185
8,Non-compete agreements,,49,,,,--,,,--,,49
9,Goodwill,,619,,,,80,,,(46),,653
10,,$,"2,491",,$,,(29),$,,(46),$,"2,416"
11,Liabilities Assumed:,,,,,,,,,,,
12,Accounts payable,$,13,,$,,--,$,,--,$,13
13,Accrued liabilities,,48,,,,--,,,--,,48
14,Deferred revenue,,28,,,,--,,,--,,28
15,Deferred tax liability,,474,,,,(29),,,(46),,399
16,,,563,,,,(29),,,(46),,488
17,Total Purchase Price,$,"1,928",,$,,--,$,,--,$,"1,928"
