,Exhibit,Unnamed: 0,Unnamed: 1,File,Exhibit Filing,Unnamed: 2,Filed/Furnished
0,Number,Exhibit Description,Form,No. Number,Date,,Herewith
1,10.9(3),Employment Agreement between Insight,10-Q,000-,"10.1 November 7,",,
2,,"Enterprises, Inc. and Rachael A. Bertrandt,",,25092,2018,,
3,,"dated as of September 30, 2018",,,,,
4,10.10(3),Managing Director Service Agreement dated,8-K,000-,"10.1 October 30,",,
5,,"October 25, 2013 between Insight",,25092,2013,,
6,,Technology Solutions GmbH and Wolfgang,,,,,
7,,Ebermann,,,,,
8,10.11(3),Executive Employment Agreement between,10-K,000-,"10.12 February 2,",,
9,,"Insight Enterprises, Inc. and Samuel C.",,25092,2017,,
10,,"Cowley, dated June 7, 2016",,,,,
11,10.12(3),Executive Employment Agreement between,,,,,X
12,,"Insight Enterprises, Inc. and Jeffery",,,,,
13,,"Shumway, dated May 6, 2019",,,,,
14,10.13,Form of Bond Hedge Confirmation.,8-K,000-,"10.1 August 15, 2019",,
15,,,,25092,,,
16,10.14,Form of Warrant Confirmation.,8-K,000-,"10.2 August 15, 2019",,
17,,,,25092,,,
18,10.15(4),"Credit Agreement, dated as of August 30,",8-K,000-,"10.1 August 30, 2019",,
19,,"2019, by and among Insight Enterprises,",,25092,,,
20,,"Inc., the subsidiaries of Insight Enterprises,",,,,,
21,,Inc. party thereto as borrowers and,,,,,
22,,"guarantors, JPMorgan Chase Bank, N.A., as",,,,,
23,,"administrative agent, and the lenders party",,,,,
24,,thereto.,,,,,
25,21,"Subsidiaries of Insight Enterprises, Inc.",,,,,X
26,23.1,Consent of KPMG LLP,,,,,X
27,24.1,Power of Attorney for Timothy A. Crown,,,,,X
28,,"dated February 11, 2020",,,,,
29,24.2,Power of Attorney for Richard E. Allen dated,,,,,X
30,,"February 11, 2020",,,,,
31,24.3,Power of Attorney for Bruce W. Armstrong,,,,,X
32,,"dated February 11, 2020",,,,,
33,24.4,Power of Attorney for Linda M. Breard dated,,,,,X
34,,"February 11, 2020",,,,,
35,24.5,Power of Attorney for Catherine Courage,,,,,X
36,,"dated February 11, 2020",,,,,
37,24.6,Power of Attorney for Anthony A. Ibarguen,,,,,X
38,,"dated February 11, 2020",,,,,
39,24.7,Power of Attorney for Kathleen S. Pushor,,,,,X
40,,"dated February 11, 2020",,,,,
41,24.8,Power of Attorney for Girish Rishi dated,,,,,X
42,,"February 4, 2020",,,,,
43,31.1,Certification of Chief Executive Officer,,,,,X
44,,Pursuant to Securities and Exchange Act,,,,,
45,,Rule 13a-14,,,,,
46,31.2,Certification of Chief Financial Officer,,,,,X
