,"Cloud & Cognitive Software assets are mainly goodwill, acquired",Depreciation expense and capital expenditures that are reported
0,intangible assets and accounts receivable. Global Business,by each segment also are consistent with the landlord ownership
1,Services assets are primarily goodwill and accounts receivable.,basis of asset assignment.
2,"Global Technology Services assets are primarily goodwill, plant,",
3,"property and equipment, including the assets associated with the",Global Financing amounts for interest income and interest
4,"outsourcing business, accounts receivable and acquired intangible",expense reflect the interest income and interest expense
5,"assets. Systems assets are primarily goodwill, manufacturing","associated with the Global Financing business, including the"
6,"inventory, and plant, property and equipment. Global Financing","intercompany financing activities discussed on page 33, as well"
7,"assets are primarily financing receivables, cash and marketable",as the income from investment in cash and marketable securities.
