,Unnamed: 0,Unnamed: 1,Unnamed: 2,Unnamed: 3,Unnamed: 4,Yr.-to-Yr.,Unnamed: 5
0,,,,,,Percent,borrowings are to support the Global Financing external business.
1,For the year ended December 31:,,2019,,2018,Change,Overall interest expense (excluding capitalized interest) in 2019
2,Other (income) and expense,,,,,,"was $1,952 million, an increase of $473 million year to year,"
3,Foreign currency transaction,,,,,,driven by a higher average debt balance and higher interest rates
4,losses/(gains),$,(279),$,(427),(34.6)%,as we issued debt to finance the Red Hat acquisition.
5,(Gains)/losses on derivative,,,,,,
6,instruments,,15,,434,(96.6),Operating (non-GAAP) interest expense increased $393 million
7,Interest income,,(349),,(264),32.2,compared to the prior-year period. It excludes the Red Hat
8,Net (gains)/losses from,,,,,,pre-closing debt financing costs.
9,securities and investment,,,,,,
10,assets,,(32),,(101),(67.9),Stock-Based Compensation
11,Retirement-related,,,,,,Pre-tax stock-based compensation cost of $679 million increased
12,costs/(income),,615,"1,572",,(60.9),$169 million compared to 2018. This was primarily due to
13,Other,,(937),,(63),NM,increases related to the issuances and conversions of stock-based
14,,,,,,,compensation for Red Hat ($150 million) and issuance of restricted
15,Total consolidated other,,,,,,
16,(income) and expense,$,(968),"$ 1,152",,NM,"stock units ($27 million). Stock-based compensation cost, and the"
17,,,,,,,"year-to-year change, was reflected in the following categories:"
18,Non-operating adjustments,,,,,,
19,,,,,,,"Cost: $100 million, up $18 million; SG&A expense: $453 million,"
20,Amortization of acquired,,,,,,"up $91 million; and RD&E expense: $126 million, up $60 million."
21,intangible assets,,(2),,(2),50.0%,
22,Acquisition-related,,,,,,Retirement-Related Plans
23,charges,,154,,0,NM,The following table provides the total pre-tax cost for all
24,Non-operating retirement-,,,,,,retirement-related plans. Total operating costs/(income) are
25,related costs/(income),,(615),"(1,572)",,(60.9)%,included in the Consolidated Income Statement within the
26,Operating (non-GAAP) other,,,,,,"caption (e.g., Cost, SG&A, RD&E) relating to the job function of"
27,(income) and expense,"$(1,431)",,$,(422),239.4%,the plan participants.
28,NM—Not meaningful,,,,,,
29,,,,,,,($ in millions)
30,Total consolidated other (income) and expense was income of,,,,,,Yr.-to-Yr.
31,,,,,,,Percent
32,"$968 million in 2019 compared to expense of $1,152 million in",,,,,,For the year ended December 31: 2019 2018 Change
33,2018. The year-to-year change was primarily driven by:,,,,,,Retirement-related
34,•  Lower non-operating retirement-related costs ($957 million).,,,,,,plans—cost
35,Refer to “Retirement-Related Plans” for additional information.,,,,,,Service cost $ 385 $ 431 (10.7)%
36,,,,,,,Multi-employer plans 32 38 (16.9)
37,•  Higher gains from divestitures ($833 million) reflected in,,,,,,
38,Other; and,,,,,,Cost of defined
39,,,,,,,"contribution plans 1,040 1,024 1.5"
40,• Higher net exchange gains (including derivative instruments),,,,,,Total operating costs/
41,($272 million). The company’s hedging programs help,,,,,,"(income) $ 1,457 $ 1,494 (2.5)%"
42,mitigate currency impacts in the Consolidated Income,,,,,,"Interest cost $ 2,929 $ 2,726 7.4%"
43,Statement.,,,,,,Expected return on
44,,,,,,,"plan assets (4,192) (4,049) 3.5"
45,"Operating (non-GAAP) other (income) and expense was $1,431",,,,,,Recognized actuarial
46,"million of income in 2019 and increased $1,010 million compared",,,,,,"losses 1,819 2,941 (38.2)"
47,to the prior-year period. The year-to-year change was primarily,,,,,,
48,,,,,,,Amortization of prior
49,driven by the same factors excluding lower non-operating,,,,,,service costs/(credits) (9) (73) (87.6)
50,retirement-related costs.,,,,,,
51,,,,,,,Curtailments/settlements 41 11 262.2
52,Interest Expense,,,,,,Other costs 28 16 76.2
53,,,,,,,Total non-operating
54,($ in millions),,,,,,"costs/(income) $ 615 $ 1,572 (60.9)%"
55,,,,,,Yr.-to-Yr.,
56,,,,,,Percent,Total retirement-related
57,For the year ended December 31:,,2019,,2018,Change,"plans—cost $ 2,072 $ 3,066 (32.4)%"
58,Interest expense,"$1,344",,,$723,85.9%,
59,Non-operating adjustment,,,,,,Total pre-tax retirement-related plan cost decreased by $994
60,Acquisition-related charges,,(228),,—,NM,"million compared to 2018, primarily driven by a decrease in"
