,Unnamed: 0,Common,Unnamed: 1,Unnamed: 2,Accumulated,Unnamed: 3,Unnamed: 4,Unnamed: 5
0,,Stock and,,,Other,Total IBM,Non-,
1,,Additional,Retained,Treasury,Comprehensive,Stockholders ’,Controlling,Total
2,,Paid-In Capital,Earnings,Stock,Income/(Loss),Equity,Interests,Equity
3,2019,,,,,,,
4,"Equity, January 1, 2019","$55,151","$159,206","$(168,071)","$(29,490)","$16,796",$134,"$16,929"
5,Net income plus other,,,,,,,
6,comprehensive income/(loss),,,,,,,
7,Net income,,"9,431",,,"9,431",,"9,431"
8,Other comprehensive,,,,,,,
9,income/(loss),,,,893,893,,893
10,Total comprehensive income/(loss),,,,,"$10,324",,"$10,324"
11,Cash dividends paid—,,,,,,,
12,common stock ($6.43 per share),,"(5,707)",,,"(5,707)",,"(5,707)"
13,Common stock issued under,,,,,,,
14,employee plans,,,,,,,
15,"(4,569,917 shares)",745,,,,745,,745
16,"Purchases (2,000,704 shares)",,,,,,,
17,"and sales (2,041,347 shares)",,,,,,,
18,of treasury stock under,,,,,,,
19,employee plans—net,,30,(11),,19,,19
20,"Other treasury shares purchased,",,,,,,,
21,"not retired (9,979,516 shares)",,,"(1,331)",,"(1,331)",,"(1,331)"
22,Changes in other equity,,(5),,,(5),,(5)
23,Changes in noncontrolling interests,,,,,,10,10
24,"Equity, December 31, 2019","$55,895","$162,954","$(169,413)","$(28,597)","$20,841",$144,"$20,985"
