,Unnamed: 0,Cloud &,Global,Global.1,Unnamed: 1,Unnamed: 2,Unnamed: 3
0,,Cognitive,Business,Technology,,Global,Total
1,For the year ended December 31:,Software,Services,Services,Systems,Financing,Segments
2,2019,,,,,,
3,Assets,"$58,453","$10,039","$22,436","$4,590","$29,568","$125,087"
4,Depreciation/amortization of intangibles**,"1,107",149,"2,601",350,186,"4,392"
5,Capital expenditures/investments,,,,,,
6,in intangibles,515,48,"1,575",305,57,"2,501"
7,Interest income,—,—,—,—,"1,490","1,490"
8,Interest expense,—,—,—,—,512,512
9,2018,,,,,,
10,Assets,"$28,713*","$ 8,360*","$17,624*","$4,030","$41,320","$100,047*"
11,Depreciation/amortization of intangibles**,"1,058*",100*,"2,359*",315,229,"4,063*"
12,Capital expenditures/investments,,,,,,
13,in intangibles,469*,57*,"2,569*",241,274,"3,610*"
14,Interest income,—,—,—,—,"1,647","1,647"
15,Interest expense,—,—,—,—,515,515
16,2017,,,,,,
17,Assets,"$29,650*","$ 8,647*","$17,577*","$3,898","$41,096","$100,868*"
18,Depreciation/amortization of intangibles**,"1,185*",99*,"2,209*",341,267,"4,101*"
19,Capital expenditures/investments,,,,,,
20,in intangibles,467*,46*,"2,193*",189,364,"3,259*"
21,Interest income,—,—,—,—,"1,527","1,527"
22,Interest expense,—,—,—,—,381,381
