,public and private clouds. These innovations are making AI more,Cloud & Cognitive Software brings together IBM’s software
0,"consumable by everyday users, not just data scientists.","platforms and solutions, enabling us to deliver integrated and"
1,,"secure cloud, data and AI solutions to our clients. It includes"
2,Creating intelligent workflows relies on our integrated proposition,"all software, except operating system software reported in the"
3,"of technology, services and industry expertise, built on a",Systems segment.
4,foundation of trust and security. The way in which we bring these,
5,together is through an interactive process with our clients that we,Cloud & Cognitive Software comprises three business areas—
6,"call the IBM Garage, a process of deep collaboration, co-creation","Cognitive Applications, Cloud & Data Platforms, and Transaction"
7,and innovation.,Processing Platforms.
8,* * * * *,Cloud & Cognitive Software Capabilities
9,We are in an era when our clients are embedding technology into,Cognitive Applications: includes software that address vertical and
10,their businesses in ways they have never done before. Technology,"domain-specific solutions, increasingly infused with AI, enabled"
11,"is no longer merely a “tool”, it is at the center of their businesses,","by IBM’s Watson technology. Application areas such as health,"
12,the source of their competitive advantage and the force behind,"financial services, Internet of Things (IoT) solutions, weather, and"
13,their emerging business models.,security software and services are among the offerings.
14,"In Chapter 2, IBM is bringing hybrid cloud and data/AI together",Cloud & Data Platforms: includes the company’s distributed
15,to help our clients reinvent themselves as Cognitive Enterprises.,"middleware and data platform software, including Red Hat, which"
16,The most challenging and complex work still lies ahead. With our,"enables the operation of clients’ hybrid multi-cloud environments,"
17,strong commitment to responsible stewardship and our integrated,whether on-premise or in public and private clouds. It also
18,"value proposition, this makes us unique in helping our clients on","includes product areas such as Cloud Paks, WebSphere"
19,their transformative digital journeys.,"distributed, analytics platform software such as DB2 distributed,"
20,,"information integration, and enterprise content management, as"
21,Business Model,"well as IoT, Blockchain and AI/Watson platforms."
22,Our business model is built to provide long-term value to,
23,"stakeholders. We bring together innovative technology, industry",As clients increasingly move more of their mission-critical
24,expertise and a commitment to trust and transparency to help,"workloads to the cloud, their multi-cloud environments will"
25,enterprise clients move from one era to the next. We provide,"be based on a foundation of Linux, with Kubernetes open-"
26,"integrated solutions and platforms, leveraging global capabilities","source software to deploy, manage and scale container-based"
27,"that include services, software, systems, related financings and","applications. Red Hat, which provides the leading Linux operating"
28,fundamental research. The business model has been developed,system—Red Hat Enterprise Linux—and the leading hybrid
29,over time through strategic investments in capabilities and,cloud platform—Red Hat OpenShift—is at the center of this
30,technologies that have long-term growth and profitability,transformational shift among clients.
31,prospects based on the value they deliver to clients.,
32,,Transaction Processing Platforms: the software that supports
33,"The business model is dynamic, adapting to the continuously",client mission critical on-premise workloads in industries such as
34,"changing industry and economic environment, including our shift","banking, airlines and retail. This includes transaction processing"
35,to cloud delivery models. We continue to strengthen our position,software such as Customer Information Control System and
36,through strategic organic investments and acquisitions in higher-,"storage software, as well as the analytics and integration"
37,"value areas, broadening our industry expertise and integrating AI","software running on IBM operating systems (e.g., DB2 and"
38,"into more of what we offer. In addition, we are transforming into",WebSphere running on z/OS).
39,"a more agile enterprise to drive innovation and speed, as well",
40,"as helping to drive productivity, which supports investments for","Global Business Services provides clients with consulting,"
41,participation in markets with significant long-term opportunity.,business process and application management services.
42,"We also regularly evaluate our portfolio and investments,",These professional services deliver value and innovation to
43,"proactively bringing products to end of life, engaging in IP","clients through solutions which leverage industry, technology"
44,partnerships and executing divestitures to optimize our portfolio.,and business strategy and process expertise. GBS is the
