,"the years ended December 31, 2019, 2018 and 2017 were as","In connection with the acquisition of Red Hat, the company"
0,follows:,issued and assumed 6.4 million stock awards with a fair value
1,,of $845 million. A share conversion ratio of 1.35 was applied
2,($ in millions),to convert Red Hat’s outstanding equity awards for Red Hat’s
3,For the year ended December 31: 2019 2018 2017,"common stock into IBM stock awards. At December 31, 2019,"
4,RSUs,there were 4.6 million of these stock awards outstanding with a
5,Granted $674 $583 $484,weighted-average grant price of $140 per share.
6,Vested 428 381 463,
7,,"In connection with various other acquisition transactions,"
8,PSUs,there was an additional 0.1 million stock options outstanding
9,Granted $164 $118 $113,"at December 31, 2019, as a result of the company’s conversion"
10,Vested 118 101 51,of stock-based awards previously granted by acquired entities.
