,"$7.1 billion in capital to our shareholders, including",–,"Cloud: In 2013, cloud represented only 4 percent"
0,dividends of $5.7 billion. This was the 24th consecutive year,,"of IBM’s revenue. Today, cloud is 27 percent—"
1,"of raising our dividend, and the 104th consecutive year",,a $21.2 billion business—and growing rapidly. In the
2,of providing one.,,"past year, we’ve substantially enhanced our public"
3,These results are the product of bold moves to,,"cloud offerings, including dramatic improvements"
4,"transform your company from top to bottom, strengthening",,"in ease of use, 99.999% availability and the strongest"
5,our integrated value proposition and positioning us for,,security posture in the industry. That’s why clients
6,sustainable growth.,,with the most demanding regulatory and resiliency
7,,,"requirements, like BNP Paribas, are moving their mo"
8,The new foundation of integrated value,,critical workloads to the IBM Cloud.
9,The problems we solve for clients are complex equations,,
10,that cannot be satisfied with technology alone. They require,–,Data and AI: Our investments in data and AI have
