,Management’s Report on Internal Control over Financial Reporting . . . . . . . . . . . . . . . . . . . . . . . . . . . . . . .,Unnamed: 0,61
0,Reports of Independent Registered Public Accounting Firm (Ernst & Young LLP) . . . . . . . . . . . . . . . . . . . .,,62.0
1,Consolidated Financial Statements:,,
2,"Consolidated Balance Sheets – August 31, 2019 and 2018 . . . . . . . . . . . . . . . . . . . . . . . . . . . . . . . . . . .",,67.0
3,"Consolidated Statements of Operations – Fiscal years ended August 31, 2019, 2018, and 2017 . . . . . .",,68.0
4,"Consolidated Statements of Comprehensive Income – Fiscal years ended August 31, 2019, 2018, and",,
5,2017 . . . . . . . . . . . . . . . . . . . . . . . . . . . . . . . . . . . . . . . . . . . . . . . . . . . . . . . . . . . . . . . . . . . . . . . . . . . .,,69.0
6,"Consolidated Statements of Stockholders’ Equity – Fiscal years ended August 31, 2019, 2018, and",,
7,2017 . . . . . . . . . . . . . . . . . . . . . . . . . . . . . . . . . . . . . . . . . . . . . . . . . . . . . . . . . . . . . . . . . . . . . . . . . . . .,,70.0
8,"Consolidated Statements of Cash Flows – Fiscal years ended August 31, 2019, 2018 and 2017 . . . . . .",,71.0
9,Notes to Consolidated Financial Statements . . . . . . . . . . . . . . . . . . . . . . . . . . . . . . . . . . . . . . . . . . . . . . .,,72.0
10,Financial Statement Schedule:,,
11,Schedule II – Valuation and Qualifying Accounts . . . . . . . . . . . . . . . . . . . . . . . . . . . . . . . . . . . . . . . . . .,,114.0
