,Unnamed: 0,JACK IN THE BOX INC.
0,,(Exact name of registrant as specified in its charter)
1,,_______________________________________________________________
2,Delaware,95-2698708
3,(State of Incorporation),(I.R.S. Employer Identification No.)
4,,9330 B alboa Avenue
5,,"San Diego, California 92123"
6,,(Address of principal executive offices)
7,,"Registrant’s telephone number, including area code (858) 571-2121"
8,,Securities registered pursuant to Section 12(b) of the Act:
9,Title of each class,Trading Symbol(s) Name of each exchange on which registered
10,"Common Stock, $0.01 par value",JACK NASDAQ Global Select Market
