,Unnamed: 0,2019 2018,2017
0,Assumptions used to determine benefit obligations (1):,,
1,Qualified Plan:,,
2,Discount rate,3.36% 4.40%,3.99%
3,SERP:,,
4,Discount rate,3.24% 4.37%,3.80%
5,Rate of future pay increases,3.50% 3.50%,3.50%
6,Postretirement health plans:,,
7,Discount rate,3.24% 4.38%,3.82%
8,Assumptions used to determine net periodic benefit cost (2):,,
9,Qualified Plan:,,
10,Discount rate,4.40% 3.99%,3.85%
11,Long-term rate of return on assets,5.85% 5.80%,6.19%
12,SERP:,,
13,Discount rate,4.37% 3.80%,3.60%
14,Rate of future pay increases,3.50% 3.50%,3.50%
15,Postretirement health plans:,,
16,Discount rate,4.38% 3.82%,3.64%
17,____________________________,,
18,(1) Determined as of end of year .,,
19,(2) Determined as of beginning of year .,,
20,The assumed discount rates were determined by considering the average of pension yield curves constructed of a population of high-quality bonds,,
21,Moody’s or Standard and Poor’s rating of “AA” or better whose cash flow from coupons and maturities match the year-by-year projected benefit payments,,
22,"the plans. As benefit payments typically extend beyond the date of the longest maturing bond, cash flows beyond 30 years were discounted back to the 30t",,
23,and then matched like any other payment.,,
24,The assumed expected long-term rate of return on assets is the weighted-average rate of earnings expected on the funds invested or to be invested to pr,,
25,for the pension obligations. The long-term rate of return on assets was determined taking into consideration our projected asset allocation and economic for,,
26,prepared with the assistance of our actuarial consultants.,,
27,The assumed discount rate and expected long-term rate of return on assets have a significant effect on amounts reported for our pension and postretir,,
28,plans. A quarter percentage point decrease in the discount rate and long-term rate of return used would have decreased fiscal 2019 earnings before income ta,,
29,"$0.5 million and $1.1 million, respectively.",,
30,The assumed average rate of compensation increase is the average annual compensation increase expected over the remaining employment periods f,,
31,"participating employees. For our Qualified Plan, no future pay increases were included in our benefit obligation assumptions as, effective December 31, 201",,
32,plan participants no longer accrue benefits.,,
33,"For measurement purposes, the weighted-average assumed health care cost trend rates for our postretirement health plans were as follows for each fiscal",,
34,,2019 2018,2017
35,Healthcare cost trend rate for next year:,,
36,Participants under age 65,7.00% 7.25%,7.50%
37,Participants age 65 or older,6.50% 6.75%,7.00%
38,Rate to which the cost trend rate is assumed to decline:,,
39,Participants under age 65,4.50% 4.50%,4.50%
40,Participants age 65 or older,4.50% 4.50%,4.50%
41,Year the rate reaches the ultimate trend rate:,,
42,Participants under age 65,2030 2030,2030
43,Participants age 65 or older,2028 2028,2028
