,Unnamed: 0,2019,Unnamed: 1,2018,Unnamed: 2,2019.1,Unnamed: 3,2018.1
0,Projected benefit obligation:,,,,,,,
1,Discount rate,,1.2%,,1.2%,3.3%,,3.5%
2,Rate of compensation increase,,3.5%,,3.5%,—%,,—%
3,Health care cost trend on covered charges,,,,,6.5%,,7.0%
4,,,,,,decreasing to,,decreasing to
5,,,,,,ultimate trend,,ultimate trend
6,,,,,,of 5.0% in 2025,,of 5.0% in 2022
7,Net periodic benefit cost:,,,,,,,
8,Discount rate,,1.3%,,1.2%,3.5%,,3.2%
9,Rate of compensation increase,,3.5%,,3.5%,—%,,—%
10,Expected return on plan assets,,3.0%,,3.0%,—%,,—%
