,Unnamed: 0,Unnamed: 1,2019,Unnamed: 2,2018,Unnamed: 3,2017
0,Net sales (1) $,,"1,382,818",$,"1,200,181",$,"757,338"
1,Operating costs and expenses:,,,,,,
2,Cost of sales (1),,"924,276",,"860,744",,"571,944"
3,"Selling, general and administrative expenses",,"202,642",,"173,620",,"107,658"
4,Research and development (1),,"44,612",,"39,114",,"26,693"
5,Restructuring charges,,"8,779",,"14,843",,"5,404"
6,(Gain) loss on write down and disposal of long-lived assets,,"1,660",,(992),,"10,671"
7,Total operating costs and expenses (1),,"1,181,969",,"1,087,329",,"722,370"
8,Operating income (1),,"200,849",,"112,852",,"34,968"
9,Non-operating (income) expense:,,,,,,
10,Interest income,,"(2,035)",,(809),,(24)
11,Interest expense,,"21,239",,"32,882",,"39,755"
12,Acquisition (gain) loss,,—,,"(130,880)",,—
13,Change in value of TOKIN options,,—,,—,,"(10,700)"
14,"Other (income) expense, net",,"11,214",,"24,592",,"(3,871)"
15,Income before income taxes and equity income (loss) from equity,,,,,,
16,method investments (1),,"170,431",,"187,067",,"9,808"
17,Income tax expense (benefit) (1),,"(39,460)",,"9,132",,"4,294"
18,Income before equity income (loss) from equity method,,,,,,
19,investments (1),,"209,891",,"177,935",,"5,514"
20,Equity income (loss) from equity method investments,,"(3,304)",,"76,192",,"41,643"
21,Net income (1) $,,"206,587",$,"254,127",$,"47,157"
22,,,,,,,
23,Net income per basic share (1) $,,3.57,$,4.81,$,1.01
24,Net income per diluted share (1) $,,3.50,$,4.33,$,0.85
25,Dividends declared per share $,,0.10,$,—,$,—
26,Weighted-average shares outstanding:,,,,,,
27,Basic,,"57,840",,"52,798",,"46,552"
28,Diluted,,"59,082",,"58,640",,"55,389"
29,______________________________________________________________________________,,,,,,
