,Unnamed: 0,"March 31,",Unnamed: 1,Unnamed: 2,Unnamed: 3,"March 31,.1",Unnamed: 4,Unnamed: 5,Unnamed: 6
0,,2019 Level 1,,Level 2 (1),Level 3 (2),2018,Level 1,Level 2,Level 3
1,Cash and cash equivalents,$ 319 $,319,$ —,$ —,$ 193,$ 193,$ —,$ —
2,Equity securities:,,,,,,,,
3,International equities,"19,965",—,"19,965",—,"22,391",—,"22,391",—
4,Fixed income securities:,,,,,,,,
5,International bonds,"39,030",—,"39,030",—,"43,742",—,"43,742",—
6,Insurance contracts,642,—,—,642,697,—,—,697
7,Diversified growth funds,"3,946",—,"3,946",—,"4,468",—,"4,468",—
8,,"$ 63,902 $",319,"$ 62,941",$ 642,"$ 71,491",$ 193,"$ 70,601",$ 697
9,___________________________________________,,,,,,,,
