,Unnamed: 0,Unnamed: 1,Unnamed: 2,(c) Total Number of (d) Maximum
0,,(a) Total,,Shares Purchased as Number of Shares
1,,Number of (b) Average,,Part of Publicly that may yet be
2,,Shares Price Paid,,Announced Plans or Purchased Under the
3,Periods,Purchased (1) per Share,,Programs (2) Plan or Programs (2)
4,"January 1 to January 31, 2019",— $ —,,— —
5,"February 1 to February 28, 2019",447 18.31,,— —
6,"March 1 to March 31, 2019","21,190 17.51",,— —
7,"Total for Quarter Ended March 31, 2019","21,637 $ 17.53",,
8,_______________________________________________________________________________,,,
9,(1) Represents shares withheld by the Company upon vesting of restricted stock to pay taxes due. The Company does not currently have a publicly announced,,,
10,share repurchase plan or program.,,,
11,(2) The Company does not currently have a publicly announced share repurchase plan or program.,,,
12,Equity Compensation Plan Disclosure,,,
13,The following table summarizes equity compensation plans approved by stockholders and equity compensation plans,,,
14,"that were not approved by stockholders as of March 31, 2019:",,,
15,,(a),,(b) (c)
16,,Number of,,Weighted-average Number of securities
17,,securities to be,,exercise remaining available for
18,,issued upon,,price of future issuance under
19,,exercise of,,outstanding equity compensation
20,,outstanding,,"options, plans (excluding"
21,,"options, warrants,",,"warrants, securities reflected in"
22,Plan category,and rights,,and rights column (a))
23,Equity compensation plans approved by stockholders,"1,962,361(1)",,"$ 6.37 4,284,048"
