,Unnamed: 0,Unnamed: 1,Unnamed: 2,Unnamed: 3,Unnamed: 4,Unnamed: 5,Unnamed: 6,Unnamed: 7,Unnamed: 8,Unnamed: 9,More than
0,Contractual obligations,Total,,Year 1,,,Years 2 - 3,,Years 4 - 5,,5 years
1,Debt obligations (1) $,"305,927",$,"28,430",,$,"59,509",$,"55,708",$,"162,280"
2,Interest obligations (1),"28,200",,"6,326",,,"11,039",,"8,928",,"1,907"
3,Operating lease obligations,"48,311",,"10,898",,,"14,302",,"9,402",,"13,709"
4,Pension and other post-retirement benefits (2),"94,178",,"6,758",,,"15,184",,"18,024",,"54,212"
5,Employee separation liability,"7,640",,594,,,674,,674,,"5,698"
6,Restructuring liability,"2,181",,"1,869",,,312,,—,,—
7,Purchase commitments,"31,468",,"31,468",,,—,,—,,—
8,Capital lease obligations,"2,049",,993,,,888,,168,,—
9,Anti-trust fines and settlements (3),"34,880",,"21,712",,,"10,203",,"2,965",,—
10,Total $,"554,834",$,"109,048",,$,"112,111",$,"95,869",$,"237,806"
11,_______________________________________________________________________________,,,,,,,,,,
