,Unnamed: 0,"June 30, 2019","June 24, 2018",Unnamed: 1
0,,Effective,Effective,
1,,Amount Interest,Amount Interest,
2,,(in thousands) Rate (in thousands),Rate,
3,"Fixed-rate 2.75% Senior Notes Due March 15, 2020 (“2020 Notes”)","$ 500,000 2.88% $","500,000 2.88%",
4,"Fixed-rate 2.80% Senior Notes Due June 15, 2021 (“2021 Notes”)","800,000 2.95%","800,000 2.95%",
5,"Fixed-rate 3.80% Senior Notes Due March 15, 2025 (“2025 Notes”)","500,000 3.87%","500,000 3.87%",
6,"Fixed-rate 3.75% Senior Notes Due March 15, 2026 (“2026 Notes”)","750,000 3.86%",— —,
7,"Fixed-rate 4.00% Senior Notes Due March 15, 2029 (“2029 Notes”)","1,000,000 4.09%",— —,
8,"Fixed-rate 2.625% Convertible Notes Due May 15, 2041 (“2041 Notes”)","212,349 (1) 4.28%","326,953 (1) 4.28%",
9,"Fixed-rate 4.875% Senior Notes Due March 15, 2049 (“2049 Notes”)","750,000 4.93%",— —,
10,Commercial paper,— —,"360,000 2.33%",(2)
11,"Total debt outstanding, at par","4,512,349","2,486,953",
12,Unamortized discount,"(73,191)","(85,196)",
13,Fair value adjustment — interest rate contracts,"(3,612)","(31,189)",
14,Unamortized bond issuance costs,"(5,535)","(1,820)",
15,"Total debt outstanding, at carrying value","$ 4,430,011 $","2,368,748",
16,Reported as:,,,
17,Current portion of long-term debt and commercial paper,"$ 662,308 $","608,532",
18,Long-term debt,"3,767,703","1,760,216",
19,"Total debt outstanding, at carrying value","$ 4,430,011 $","2,368,748",
