,Unnamed: 0,Unnamed: 1,"June 30,",Unnamed: 2,"June 24,"
0,,,2019,,2018
1,ASSETS:,,,,
2,Cash and cash equivalents,$,"3,658,219",$,"4,512,257"
3,Investments,,"1,772,984",,"437,338"
4,"Accounts receivable, less allowance for doubtful accounts of $5,021 as of June 30, 2019 and",,,,
5,"$5,343 as of June 24, 2018",,"1,455,522",,"2,176,936"
6,Inventories,,"1,540,140",,"1,876,162"
7,Prepaid expenses and other current assets,,"133,544",,"147,218"
8,Total current assets,,"8,560,409",,"9,149,911"
9,"Property and equipment, net",,"1,059,077",,"902,547"
10,Restricted cash and investments,,"255,177",,"256,301"
11,Goodwill,,"1,484,597",,"1,484,904"
12,"Intangible assets, net",,"216,950",,"317,836"
13,Other assets,,"425,123",,"367,979"
14,Total assets,$,"12,001,333",$,"12,479,478"
15,LIABILITIES AND STOCKHOLDERS’ EQUITY:,,,,
16,Trade accounts payable,$,"376,561",$,"510,983"
17,Accrued expenses and other current liabilities,,"946,641",,"1,309,209"
18,Deferred profit,,"381,317",,"720,086"
19,Commercial paper and current portion of convertible notes and capital leases,,"667,131",,"610,030"
20,Total current liabilities,,"2,371,650",,"3,150,308"
21,"Senior notes, convertible notes, and capital leases, less current portion",,"3,822,768",,"1,806,562"
22,Income taxes payable,,"892,790",,"851,936"
23,Other long-term liabilities,,"190,821",,"90,629"
24,Total liabilities,,"7,278,029",,"5,899,435"
25,Commitments and contingencies,,,,
26,"Temporary equity, convertible notes",,"49,439",,"78,192"
27,Stockholders’ equity:,,,,
28,"Preferred stock, at par value of $0.001 per share; authorized — 5,000 shares, none",,,,
29,outstanding,,—,,—
30,"Common stock, at par value of $0.001 per share; authorized — 400,000 shares; issued and",,,,
31,"outstanding 144,433 shares at June 30, 2019, and 156,892 shares at June 24, 2018",,144,,157
32,Additional paid-in capital,,"6,409,405",,"6,144,425"
33,"Treasury stock, at cost, 140,573 shares at June 30, 2019, and 119,679 shares at June 24,",,,,
34,2018,,"(11,602,573)",,"(7,846,476)"
35,Accumulated other comprehensive loss,,"(64,030)",,"(57,449)"
36,Retained earnings,,"9,930,919",,"8,261,194"
37,Total stockholders’ equity,,"4,673,865",,"6,501,851"
38,Total liabilities and stockholders’ equity,$,"12,001,333",$,"12,479,478"
