,Unnamed: 0,Unnamed: 1,Unnamed: 2,Unnamed: 3,(in millions),Unnamed: 4,Unnamed: 5,Unnamed: 6
0,"Balance at December 30, 2016",$,(7),$,10 $,(7),$,(4)
1,Other comprehensive income,,36,,10,9,,55
2,Taxes,,(12),,(6),—,,(18)
3,"Balance at December 29, 2017",,17,,14,2,,33
4,Cumulative adjustments related to ASU,,,,,,,
5,adoptions,,3,,10,(4),,9
6,"Balance at December 30, 2017",,20,,24,(2),,42
7,Other comprehensive loss,,(65),,(7),(1),,(73)
8,Taxes,,4,,3,—,,7
9,Reclassification from accumulated other,,,,,,,
10,comprehensive loss,,—,,(6),—,,(6)
11,"Balance at December 28, 2018",,(41),,14,(3),,(30)
12,Other comprehensive income (loss),,5,,(55),(1),,(51)
13,Taxes,,3,,15,—,,18
14,Reclassification from accumulated other,,,,,,,
15,comprehensive loss,,—,,(7),—,,(7)
16,"Balance at January 3, 2020",$,(33),$,(33) $,(4),$,(70)
