,Unnamed: 0,Shares of,Additional,Accumulated other,"Holdings, Inc.",Unnamed: 1,Non-,Unnamed: 2,Unnamed: 3
0,,common,paid-in,earnings comprehensive,stockholders',,controlling,,
1,,stock,capital,(deficit) (loss) income,equity,,interest,,Total
2,,,,"(in millions, except for per share amounts)",,,,,
3,"Balance at December 30, 2016",150,"$ 3,316",$ (177) $ (4),"$ 3,135",,$ 12,$,"3,147"
4,Net income (loss),—,—,366 —,366,,(2),,364
5,"Other comprehensive income,",,,,,,,,
6,net of taxes,—,—,— 37,37,,—,,37
7,Issuances of stock (less,,,,,,,,
8,forfeitures),1,16,— —,16,,—,,16
9,Repurchases of stock and,,,,,,,,
10,other,—,(31),— —,(31),,—,,(31)
11,Dividends of $1.28 per share,—,—,(196) —,(196),,—,,(196)
12,Stock-based compensation,—,43,— —,43,,—,,43
13,Adjustment to original,,,,,,,,
14,purchase price allocation,—,—,— —,—,,3,,3
15,"Balance at December 29, 2017",151,"3,344",(7) 33,"3,370",,13,,"3,383"
16,Cumulative adjustments,,,,,,,,
17,related to ASU adoptions,—,—,(8) 9,1,,—,,1
18,"Balance at December 30, 2017",151,"3,344",(15) 42,"3,371",,13,,"3,384"
19,Net income,—,—,581 —,581,,1,,582
20,"Other comprehensive loss,",,,,,,,,
21,net of taxes,—,—,— (72),(72),,—,,(72)
22,Issuances of stock (less,,,,,,,,
23,forfeitures),1,17,— —,17,,—,,17
24,Repurchases of stock and,,,,,,,,
25,other,(6),(438),— —,(438),,—,,(438)
26,Dividends of $1.28 per share,—,—,(194) —,(194),,—,,(194)
27,Stock-based compensation,—,44,— —,44,,—,,44
28,Purchase of a noncontrolling,,,,,,,,
29,interest,—,(1),— —,(1),,(10),,(11)
30,Other,—,—,— —,—,,(1),,(1)
31,"Balance at December 28, 2018",146,"2,966",372 (30),"3,308",,3,,"3,311"
32,Cumulative adjustments,,,,,,,,
33,related to ASU adoptions,—,—,48 —,48,,—,,48
34,"Balance at December 29, 2018",146,"2,966",420 (30),"3,356",,3,,"3,359"
35,Net income,—,—,667 —,667,,3,,670
36,"Other comprehensive loss,",,,,,,,,
37,net of taxes,—,—,— (40),(40),,—,,(40)
38,Issuances of stock (less,,,,,,,,
39,forfeitures),1,28,— —,28,,—,,28
40,Repurchases of stock and,,,,,,,,
41,other,(6),(458),— —,(458),,—,,(458)
42,Dividends of $1.32 per share,—,—,(191) —,(191),,—,,(191)
43,Stock-based compensation,—,52,— —,52,,—,,52
44,Other,—,(1),— —,(1),,(2),,(3)
45,"Balance at January 3, 2020",141,"$ 2,587",$ 896 $ (70),"$ 3,413",,$ 4,$,"3,417"
