,Unnamed: 0,Unnamed: 1,2019,Unnamed: 2,2018
0,,,,,
1,Net sales,$,"93,662",$,"103,350"
2,,,,,
3,Cost of goods sold,,"68,367",,"74,646"
4,Depreciation expense,,"3,146",,"2,846"
5,Total cost of goods sold,,"71,513",,"77,492"
6,,,,,
7,Gross profit,,"22,149",,"25,858"
8,,,,,
9,Selling expenses,,"11,062",,"13,477"
10,General and administrative,,"12,828",,"13,616"
11,Goodwill and intangible asset impairment,,–,,"1,244"
12,Amortization expense,,192,,631
13,Total operating expenses,,"24,082",,"28,968"
14,,,,,
15,Loss from operations,,"(1,933 )",,"(3,110)"
16,,,,,
17,Other income (expense):,,,,
18,Interest expense,,(249 ),,(271)
19,Fair value gain on investments,,"1,731",,–
20,"Realized gain on investments, net",,"1,413",,–
21,Gain on sale of property and equipment,,189,,54
22,Other income,,84,,16
23,Total other income (expense),,"3,168",,(201)
24,,,,,
25,Income (loss) before provision for income taxes,,"1,235",,"(3,311)"
26,,,,,
27,Provision (benefit) for income taxes,,782,,(225 )
28,,,,,
29,Net income (loss),$,453,$,"(3,086)"
30,,,,,
31,Basic loss per common share,$,0.03,$,(0.19)
32,,,,,
33,Diluted loss per common share,$,0.03,$,(0.19 )
34,,,,,
35,Weighted average number of shares outstanding - Basic,,"15,748",,"15,872"
36,,,,,
37,Weighted average number of shares outstanding - Diluted,,"15,804",,"16,319"
