,Unnamed: 0,Unnamed: 1,2019,Unnamed: 2,2018,Unnamed: 3,2017
0,Net sales,$,"2,788,322",$,"2,566,863",$,"2,221,427"
1,Cost of goods sold,,"1,737,969",,"1,648,744",,"1,395,211"
2,Amortization of intangible assets and purchase accounting effect on inventory,,"13,342",,"8,878",,"6,175"
3,Gross profit,,"1,037,011",,"909,241",,"820,041"
4,Operating expenses:,,,,,,
5,Marketing and selling,,"488,263",,"435,489",,"379,641"
6,Research and development,,"161,230",,"143,760",,"130,525"
7,General and administrative,,"98,732",,"96,353",,"100,270"
8,Amortization of intangible assets and acquisition-related costs,,"14,290",,"8,930",,"5,814"
9,Change in fair value of contingent consideration for business acquisition,,—,,"(4,908)",,"(8,092)"
10,"Restructuring charges (credits), net",,"11,302",,(116),,23
11,Total operating expenses,,"773,817",,"679,508",,"608,181"
12,Operating income,,"263,194",,"229,733",,"211,860"
13,Interest income,,"8,375",,"4,969",,"1,452"
14,"Other income (expense), net",,(436),,"(2,437)",,"1,677"
15,Income before income taxes,,"271,133",,"232,265",,"214,989"
16,Provision for income taxes,,"13,560",,"23,723",,"9,113"
17,Net income,$,"257,573",$,"208,542",$,"205,876"
18,Net income per share:,,,,,,
19,Basic,$,1.56,$,1.27,$,1.27
20,Diluted,$,1.52,$,1.23,$,1.24
21,Weighted average shares used to compute net income per share:,,,,,,
22,Basic,,"165,609",,"164,038",,"162,058"
23,Diluted,,"168,965",,"168,971",,"165,540"
