,Unnamed: 0,(In thousands),Unnamed: 1,Unnamed: 2,(Years),Unnamed: 3,Unnamed: 4,(In thousands).1
0,"Outstanding, March 31, 2016","5,521",,,,,,
1,Granted—time-based,"2,390",$,16.0,,,,
2,Granted—market-based,160,$,15.0,,,,
3,Granted - performance-based,604,$,15.0,,,,
4,Vested,"(2,126)",,,,,$,"48,644"
5,Canceled or expired,(368),,,,,,
6,"Outstanding, March 31, 2017","6,181",$,14.0,,,,
7,Granted—time-based,"1,212",$,33.0,,,,
8,Granted - performance-based,409,$,33.0,,,,
9,Vested,"(2,248)",,,,,$,"81,582"
10,Canceled or expired,(333),,,,,,
11,"Outstanding, March 31, 2018","5,221",$,20.0,,,,
12,Granted—time-based,"1,290",$,40.0,,,,
13,Granted—market and performance-based,381,$,39.0,,,,
14,Vested,"(2,148)",$,17.0,,,$,"89,159"
15,Canceled or expired,(323),$,26.0,,,,
16,"Outstanding, March 31, 2019","4,421",$,29.0,,1.2,$,"173,970"
