,Unnamed: 0,Unnamed: 1,Unnamed: 2,Satellite,Unnamed: 3,Unnamed: 4,Unnamed: 5
0,,,,performance,,,Lease
1,,,Indebtedness,incentive payments,,,liabilities
2,"Balance as at January 1, 2019",$,"3,724,228","$ 58,913",$,,369
3,Cash outflows,,"(3,743,465)","(9,644)",,,"(1,252)"
4,Cash inflows,,"3,786,082",—,,,—
5,"Write-off of deferred financing costs, interest rate floor, prepayment",,,,,,
6,option and net gain on repricing/repayment (Note 24),,"107,065",—,,,—
7,"Amortization of deferred financing costs, interest rate floor, prepayment",,,,,,
8,options and net gain on repricing/repayment,,"22,461",—,,,—
9,Debt issue costs,,"(28,082)",—,,,—
10,Debt issue costs accrued,,(573),,,,
11,Prepayment option at inception – Senior Notes,,"17,829",—,,,—
12,Prepayment option at inception – Senior Secured Notes,,"10,562",—,,,—
13,Cumulative effect adjustment (Note 3),,—,—,,,"26,851"
14,Non-cash additions,,—,—,,,"2,775"
15,Interest paid,,—,—,,,(984)
16,Interest accrued,,—,—,,,"1,288"
17,Other,,—,296,,,(236)
18,Impact of foreign exchange,,"(183,308)","(2,614)",,,(229)
19,"Balance as at December 31, 2019",$,"3,712,799","$ 46,951",$,,"28,582"
20,,,,Satellite,,,
21,,,,performance,,,Capital
22,,,Indebtedness,incentive payments,,,leases
23,"Balance as at January 1, 2018",,"$ 3,543,377","$ 62,961",,$,369
24,Debt repricing costs,,"(10,190)",—,,,—
25,Cash outflows,,"(94,951)","(9,037)",,,(29)
26,"Amortization of deferred financing costs, interest rate floor, prepayment",,,,,,
27,option and net gain on repricing/repayment,,"22,497",—,,,—
28,Loss on voluntary payment (Note 24),,"2,828",—,,,—
29,Gain on repricing (Note 24),,"(6,901)",—,,,—
30,Cumulative effect adjustment (Note 24),,"(36,072)",—,,,—
31,Other,,—,191,,,—
32,Impact of foreign exchange,,"303,640","4,798",,,29
33,"Balance as at December 31, 2018",,"$ 3,724,228","$ 58,913",,$,369
