,"As at December 31,",2019,Unnamed: 0,2018
0,Short-term deferred financing costs $,"3,385",$,"15,263"
1,Long-term deferred financing costs,"24,934",,"68,536"
2,$,"28,319",$,"83,799"
3,Short-term interest rate floor $,—,$,"3,436"
4,Long-term interest rate floor,—,,"15,165"
5,$,—,$,"18,601"
6,Short-term prepayment options $,"(3,001)",$,(942)
7,Long-term prepayment options,"(24,925)",,"(5,986)"
8,$,"(27,926)",$,"(6,928)"
9,Short-term net gain on repricing/repayment $,—,$,"6,315"
10,Long-term net gain on repricing/repayment $,—,$,"27,868"
11,$,—,$,"34,183"
12,"Deferred financing costs, interest rate floor, prepayment options and net gain on",,,
13,repricing/repayment $,393,$,"129,655"
14,"The outstanding principal balance as at December 31, 2019 of indebtedness, excluding deferred financing costs and prepayment",,,
15,"options, will be repaid as follows (in millions of Canadian dollars):",,,
16,2020 2021 2022 2023 2024,Thereafter,,Total
17,$ 24.8 $ 24.8 $ 24.8 $ 24.8 $ 24.8,"$ 3,589.2",$,"3,713.2"
18,25. SHARE CAPITAL,,,
19,The number of shares and stated value of the outstanding shares were as follows:,,,
20,,,,
21,2019,,2018,
22,Number of Stated,Number of,,Stated
23,"As at December 31, shares value",shares,,value
24,"Common Shares 74,252,460 $ 26,580","74,252,460",$,"26,580"
25,"Voting Participating Preferred Shares 7,034,444 48,246","7,034,444",,"48,246"
26,"Non-Voting Participating Preferred Shares 38,477,137 80,059","38,431,311",,"78,870"
27,"Director Voting Preferred Shares 1,000 10","1,000",,10
28,"Share capital $ 154,895",,$,"153,706"
