,Unnamed: 0,Unnamed: 1,2018,Unnamed: 2,2017
0,Revenue (1),$,—,$,660
1,Cost of revenue (1),,(596),,"2,252"
2,Gross profit (loss),,596,,"(1,592)"
3,Operating expenses:,,,,
4,Research and development (1),,"5,251",,"29,167"
5,"Selling, general and administrative (1)",,"1,560",,"13,840"
6,Total operating expenses,,"6,811",,"43,007"
7,Loss from discontinued operations (1),,"(6,215)",,"(44,599)"
8,Other income (2),,—,,"7,500"
9,Gain on sale (2),,—,,"18,022"
10,Loss income before income taxes,,"(6,215)",,"(19,077)"
11,Income tax provision (benefit),,—,,—
12,Loss income from discontinued operations,,"(6,215)",,"(19,077)"
13,,,,,
14,Cash flow used in Operating Activities (1),,"(10,734)",,"(42,776)"
