,Unnamed: 0,Unnamed: 1,2019,Unnamed: 2,2018,Unnamed: 3,2017
0,CASH FLOWS FROM OPERATING ACTIVITIES:,,,,,,
1,Net loss,$,"(383,798)",$,"(139,977)",$,"(169,493)"
2,Adjustments to reconcile net (loss) income to net cash from operating activities:,,,,,,
3,Depreciation and intangible amortization,,"104,418",,"112,383",,"92,998"
4,Share-based compensation,,"23,792",,"31,937",,"36,335"
5,Warrant liability (gain) expense,,(765),,"(27,646)",,"2,522"
6,Acquired inventory step-up amortization,,—,,224,,"44,022"
7,Deferred financing costs amortization and write offs,,"4,061",,"4,587",,"3,373"
8,Acquisition prepaid compensation amortization,,—,,—,,506
9,Loss (gain) from disposition of business,,—,,"34,343",,"(25,520)"
10,Deferred income taxes,,"(41,297)",,"(16,528)",,"92,171"
11,Impairment related charges,,"273,572",,"9,143",,"4,352"
12,Loss on minority equity investment,,"7,481",,"10,406",,—
13,Changes in assets held for sale from discontinued operations,,—,,"(6,644)",,218
14,"Other adjustments, net",,194,,"1,463",,"2,400"
15,Change in operating assets and liabilities:,,,,,,
16,Accounts receivable,,"27,585",,"38,679",,"(15,754)"
17,Inventories,,"14,964",,"(2,166)",,"(4,094)"
18,Prepaid expenses and other assets,,"3,419",,"(10,585)",,"1,126"
19,Accounts payable,,"(12,220)",,"(2,609)",,"3,449"
20,Accrued and other liabilities,,"(2,486)",,"2,347",,"(15,176)"
21,Income taxes,,"1,780",,"(3,064)",,"7,615"
22,Net cash from operating activities,,"20,700",,"36,293",,"61,050"
23,CASH FLOWS FROM INVESTING ACTIVITIES:,,,,,,
24,"Acquisition of businesses, net",,(375),,"(1,000)",,"(270,008)"
25,Purchases of property and equipment,,"(37,963)",,"(53,044)",,"(32,804)"
26,Proceeds from sale of assets,,"5,541",,"1,274",,215
27,Proceeds from sales and maturities of short-term investments,,"173,020",,"100,375",,"44,555"
28,Purchases of short-term investments,,"(174,114)",,"(114,461)",,"(105,048)"
29,Purchases of other investments,,—,,"(5,000)",,—
30,Proceeds associated with divested business and discontinued operations,,—,,"4,737",,"25,520"
31,Net cash used in investing activities,,"(33,891)",,"(67,119)",,"(337,570)"
32,CASH FLOWS FROM FINANCING ACTIVITIES:,,,,,,
33,Proceeds from stock option exercises and employee stock purchases,,"7,193",,"6,957",,"8,281"
34,Payments on notes payable,,"(6,885)",,"(6,885)",,"(4,747)"
35,Payments of capital leases and assumed debt,,"(1,421)",,(713),,"(1,137)"
36,Repurchase of common stock- tax withholdings on equity awards,,"(4,137)",,"(6,828)",,"(18,534)"
37,Proceeds from corporate facility financing obligation,,—,,"4,000",,—
38,Payments of financing costs,,—,,(505),,"(9,077)"
39,Proceeds from notes payable,,—,,—,,"96,558"
40,"Other adjustments, net",,(578),,(477),,"2,309"
41,Net cash (used in) from financing activities,,"(5,828)",,"(4,451)",,"73,653"
42,Foreign currency effect on cash,,(138),,(151),,(6)
43,NET CHANGE IN CASH AND CASH EQUIVALENTS,,"(19,157)",,"(35,428)",,"(202,873)"
44,CASH AND CASH EQUIVALENTS — Beginning of year,$,"94,676",$,"130,104",,"332,977"
45,CASH AND CASH EQUIVALENTS — End of year,$,"75,519",$,"94,676",$,"130,104"
46,,,,,,,
47,Supplemental disclosure of non-cash activities (See Note 25 - Supplemental Cash Flow Information),,,,,,
48,Issuance of common stock in connection with the AppliedMicro Acquisition (See Note 3 - Acquisitions),$,—,$,—,$,"465,082"
