,Unnamed: 0,Unnamed: 1,2019,Unnamed: 2,2018
0,"Total long-term debt, beginning of period",$,"383,421 $",,"9,248"
1,Revolving and term credit facilities - net drawings,$,"170,621 $",,"358,978"
2,Government loans - repayments,,"(1,130)",,"(1,037)"
3,Total cash flow from long-term debt financing activities,$,"169,491 $",,"357,941"
4,Foreign exchange revaluation,$,"(13,935) $",,"15,797"
5,Other non-cash changes,,351,,435
6,Total non-cash changes,$,"(13,584) $",,"16,232"
7,"Total long-term debt, end of period",$,"539,328 $",,"383,421"
8,15. LEASE OBLIGATIONS,,,,
9,Changes in the balance of lease obligations during 2019 were as follows:,,,,
10,"Opening Balance, January 1, 2019(i)",,$,,"254,526"
11,Payments,,,,"(42,304)"
12,Interest,,,,"9,001"
13,Additions,,,,"24,053"
14,Disposals,,,,"(1,487)"
15,Foreign currency translation,,,,(271)
16,"Balance at December 31, 2019",,$,,"243,518"
17,Current,,$,,"39,505"
18,Non-current,,,,"204,013"
19,"Total at December 31, 2019",,$,,"243,518"
