,Unnamed: 0,Estimated Useful Life,2019,Unnamed: 1,2018
0,"Software, including internally developed software",3 years $,"27,974",$,"25,518"
1,Computer equipment,3 to 4 years,"22,424",,"22,714"
2,Finance lease ROU assets,4 years,"5,067",,"5,067"
3,Leasehold improvements,Shorter of useful life or lease term,"4,631",,"4,778"
4,"Office equipment, furniture and fixtures",3 to 5 years,"1,986",,"2,140"
5,Total property and equipment,,"62,082",,"60,217"
6,Less: Accumulated depreciation and amortization,,"(53,558)",,"(48,402"
7,"Property and equipment, net",$,"8,524",$,"11,815"
8,,,,,
9,"Finance lease ROU assets consist of computer equipment held under leases, and were previously included in the “Computer equipment” line in filings for",,,,
10,"periods prior to 2019. Depreciation and amortization of internally developed software for 2019 and 2018 was $5,838 and $6,432, respectively.",,,,
11,The following table shows the components of accrued expenses and other current liabilities as of the dates presented:,,,,
12,,,"December 31,",,
13,,2019,,,2018
14,Accrued salary and payroll-related expenses,$,"3,204 $",,"3,695"
15,Deferred strategic agreement revenues,,"2,182",,934
16,Accrued liabilities,,"1,165",,866
17,Finance lease liabilities,,601,,"1,249"
18,Income taxes payable,,480,,883
19,Advanced billings,,376,,859
20,Sales and use tax payable,,9,,244
21,Deferred rent,,—,,538
22,Customer advances,,—,,432
23,Other,,993,,932
24,Total accrued expenses and other current liabilities,$,"9,010 $",,"10,632"
