,Unnamed: 0,Unnamed: 1,2019,Unnamed: 2,Unnamed: 3,2018,Unnamed: 4,Unnamed: 5,2017,Unnamed: 6
0,Net revenue,$,,"317,180",$,,"384,997",$,,"420,318"
1,Cost of net revenue,,,"149,495",,,"176,223",,,"212,355"
2,Gross profit,,,"167,685",,,"208,774",,,"207,963"
3,Operating expenses:,,,,,,,,,
4,Research and development,,,"98,344",,,"120,046",,,"112,279"
5,"Selling, general and administrative",,,"88,762",,,"101,789",,,"105,831"
6,Impairment losses,,,—,,,"2,198",,,"2,000"
7,Restructuring charges,,,"2,636",,,"3,838",,,"9,524"
8,Total operating expenses,,,"189,742",,,"227,871",,,"229,634"
9,Loss from operations,,,"(22,057 )",,,"(19,097 )",,,"(21,671 )"
10,Interest income,,,775,,,78,,,274
11,Interest expense,,,"(11,133 )",,,"(14,255 )",,,"(10,378 )"
12,"Other income (expense), net",,,(69 ),,,422,,,"(2,223 )"
13,"Total interest and other income (expense), net",,,"(10,427 )",,,"(13,755 )",,,"(12,327 )"
14,Loss before income taxes,,,"(32,484 )",,,"(32,852 )",,,"(33,998 )"
15,Income tax benefit,,,"(12,586 )",,,"(6,653 )",,,"(24,811 )"
16,Net loss,$,,"(19,898 )",$,,"(26,199 )",$,,"(9,187 )"
17,Net loss per share:,,,,,,,,,
18,Basic,$,,(0.28 ),$,,(0.38 ),$,,(0.14 )
19,Diluted,$,,(0.28 ),$,,(0.38 ),$,,(0.14 )
20,Shares used to compute net loss per share:,,,,,,,,,
21,Basic,,,"71,005",,,"68,490",,,"66,252"
22,Diluted,,,"71,005",,,"68,490",,,"66,252"
