,Unnamed: 0,Unnamed: 1,Balance sheet value,Unnamed: 2,Unnamed: 3
0,,,Fair value Fair value,,
1,,Carrying,(Amortised) through outside of,,
2,€ million,amount,cost profit or loss profit or loss,,Fair value
3,Assets,"15,206",n/a n/a n/a,,n/a
4,Loans and receivables,"1,170","1,170 0 0",,"1,177"
5,Loans,33,33 0 0,,32
6,Receivables due from suppliers,328,328 0 0,,328
7,Trade receivables,571,571 0 0,,571
8,Miscellaneous financial instruments,238,238 0 0,,246
9,Held to maturity,0,0 0 0,,0
10,Miscellaneous financial assets,0,0 0 0,,0
11,Held for trading,7,0 7 0,,7
12,Derivative financial instruments not in a,,,,
13,hedging relationship according to IAS 39,7,0 7 0,,7
14,Available for sale,49,2 0 47,,n/a
15,Investments,48,2 0 46,,n/a
16,Securities,1,0 0 1,,1
17,Derivative financial instruments in a hedging,,,,
18,relationship according to IAS 39,4,0 0 4,,4
19,Cash and cash equivalents,"1,298","1,298 0 0",,"1,298"
20,Receivables from finance leases (amount,,,,
21,according to IAS 17),29,n/a n/a n/a,,37
22,Assets not classified according to IFRS 7,"12,648",n/a n/a n/a,,n/a
23,Equity and liabilities,"15,206",n/a n/a n/a,,n/a
24,Held for trading,4,0 4 0,,4
25,Derivative financial instruments not in a,,,,
26,hedging relationship according to IAS 39,4,0 4 0,,4
27,Other financial liabilities,"8,148","8,148 0 0",,"8,161"
28,Borrowings excl. finance leases (incl. hedged,,,,
29,items in hedging relationships according to,,,,
30,IAS 39),"3,359","3,359 0 0",,"3,372"
31,Trade liabilities,"3,993","3,993 0 0",,"3,993"
32,Miscellaneous financial liabilities,796,796 0 0,,796
33,Derivative financial instruments in a hedging,,,,
34,relationship according to IAS 39,1,0 0 1,,1
35,Liabilities from finance leases (amount,,,,
36,according to IAS 17),652,n/a n/a n/a,,854
37,Equity and liabilities not classified according,,,,
38,to IFRS 7,"6,402",n/a n/a n/a,,n/a
