,Unnamed: 0,Unnamed: 1,2017/18,Unnamed: 2,Unnamed: 3,2018/19,Unnamed: 4
0,,Before,,After,Before,,After
1,€ million,taxes,Taxes,taxes,taxes,Taxes,taxes
2,Currency translation differences from translating the,,,,,,
3,financial statements of foreign operations,−190,0,−190,138,0,138
4,thereof currency translation differences from net,,,,,,
5,investments in foreign operations,(3),(0),(3),(40),(0),(40)
6,Effective portion of gains/losses from cash flow,,,,,,
7,hedges,2,0,2,2,0,2
8,Gains/losses on remeasuring financial instruments in,,,,,,
9,the category ‘available for sale’,9,0,9,0,0,0
10,Effects from the fair value measurement of equity,,,,,,
11,instruments,0,0,0,−3,0,−3
12,Effects from the fair value measurement of debt,,,,,,
13,instruments,0,0,0,0,0,0
14,Remeasurement of defined benefit pension plans,17,−6,11,−94,22,−73
15,Remaining income tax on other comprehensive,,,,,,
16,income,0,4,4,0,−4,−4
17,,−162,−2,−164,43,17,59
