,Unnamed: 0,Unnamed: 1,Unnamed: 2,Unnamed: 3,Financial investments,Unnamed: 4,Unnamed: 5,Unnamed: 6
0,,,,,,,Derivatives,
1,,,,,Western Eastern,,with,
2,,,,,Europe Europe,Asia,positive,
3,,Standard &,,,(excl. (excl.,and,market,
4,Grade,Poor’s,Moody’s,Germany,Germany) Russia Russia),others,values,Total
5,Investment,AAA,Aaa,0.0,0.0 0.0 0.0,0.0,0.0,
6,grade,,,,,,,
7,,AA+ to,,,,,,
8,,AA−,Aa1 to Aa3,3.4,0.6 0.4 0.4,8.2,0.2,
9,,A+ to A−,A1 to A3,2.7,0.9 0.0 5.4,54.1,0.7,
10,,BBB+ to,Baa1 to,,,,,
11,,BBB−,Baa3,1.1,1.6 1.2 10.8,4.6,0.8,97.1
12,Non-,BB+ to,,,,,,
13,investment,BB−,Ba1 to Ba3,0.0,0.0 0.0 0.0,0.2,0.0,
14,grade,,,,,,,
15,,B+ to B−,B1 to B3,0.1,0.2 0.0 1.3,0.1,0.0,
16,,CCC+ to C,Caa1 to Ca,0.0,0.0 0.0 0.0,0.0,0.0,1.9
17,No rating,,,0.0,0.0 0.0 0.6,0.4,0.0,1.0
18,,,,7.3,3.3 1.6 18.5,67.6,1.7,100.0
