,€ million,Note no.,30/9/20181,30/9/2019
0,Equity,31,"3,074","2,735"
1,Share capital,,363,363
2,Capital reserve,,"6,118","6,118"
3,Reserves retained from earnings,,"−3,449","−3,778"
4,Non-controlling interests,,41,32
5,Non-current liabilities,,"3,427","3,419"
6,Provisions for post-employment benefits plans and similar,,,
7,obligations,32,468,543
8,Other provisions,33,126,132
9,Financial liabilities,"34, 36","2,590","2,498"
10,Other financial liabilities,"34, 37",56,56
11,Other non-financial liabilities,"34, 37",67,71
12,Deferred tax liabilities,25,120,119
13,Current liabilities,,"8,705","8,343"
14,Trade liabilities,"34, 35","3,993","3,572"
15,Provisions,33,274,168
16,Financial liabilities,"34, 36","1,420",871
17,Other financial liabilities,"34, 37",744,728
18,Other non-financial liabilities,"34, 37",392,233
19,Income tax liabilities,34,191,169
20,Liabilities related to assets held for sale,"30, 43","1,691","2,601"
21,,,"15,206","14,497"
