,1,Defining rules,2,Introduction and,3,Monitoring/audit,4,Monitoring/audit.1
0,—,Definition of principles and,,implementation,,(decentralised),,(centralised)
1,,strategic approach,—,Introduction of a risk,—,Self-assessment of risk,—,Validation of the risk
2,—,Derivation of risk areas from,,management system,,management effectiveness,,inventory
3,,target and control system,—,Implementation of processes,—,Internal risk management,—,Effectiveness assessment
4,—,Definition of processes and,—,Preparation of risk reports,,controls,,by the Internal Audit unit
5,,organisation,,by the units and functions,—,Confirmation by,—,Internal risk management
6,—,Provision of training,—,Organisation of training,,management,,system controls
7,,materials,,measures and knowledge,,,,
8,—,Group reporting,,transfer,,,,
