,METRO Holding France S. A.,Vitry-sur-Seine,France,100.00
0,METRO Hospitality Digital Holding GmbH,Düsseldorf,Germany,100.0
1,METRO Innovations Holding GmbH,Düsseldorf,Germany,100.0
2,METRO Insurance Broker GmbH,Düsseldorf,Germany,100.0
3,METRO International AG,Baar,Switzerland,100.0
4,METRO International Beteiligungs GmbH,Düsseldorf,Germany,100.0
5,METRO INTERNATIONAL SUPPLY GmbH,Düsseldorf,Germany,100.0
6,,San Donato,,
7,METRO Italia Cash and Carry S. p. A.,Milanese,Italy,100.0
8,"METRO Jinjiang Cash & Carry Co., Ltd.",Shanghai,China,90.0
9,METRO Kalisz sp. z o.o.,Warsaw,Poland,100.0
10,METRO Kereskedelmi Kft.,Budaörs,Hungary,100.0
11,METRO Kielce sp. z o.o,Warsaw,Poland,100.0
12,METRO Kobierzyce sp. z o.o.,Warsaw,Poland,100.0
13,METRO Koszalin sp. z o.o.,Warsaw,Poland,100.0
14,METRO Kraków Jasnogórska sp. z o.o.,Warsaw,Poland,100.0
15,METRO Kraków Zakopiańska sp. z o.o.,Warsaw,Poland,100.0
16,METRO Leasing GmbH,Düsseldorf,Germany,100.0
17,METRO Leasing Objekt Schwerin GmbH,Düsseldorf,Germany,100.0
18,METRO Legnica sp. z o.o.,Warsaw,Poland,100.0
19,METRO Łódź sp. z o.o.,Warsaw,Poland,100.0
20,METRO LOGISTICS Germany GmbH,Düsseldorf,Germany,100.0
21,METRO Logistics Polska sp. z o.o.,Warsaw,Poland,100.0
22,METRO Logistics Polska spółka z ograniczoną,,,
23,odpowiedzialnością i Spółka spółka komandytowa,Warsaw,Poland,99.83
24,METRO Lublin sp. z o.o.,Warsaw,Poland,100.0
25,METRO Management EOOD,Sofia,Bulgaria,100.0
26,METRO Markets GmbH,Düsseldorf,Germany,100.0
27,METRO North Warehouse Management (Chongqing) Co. Ltd.,Chongqing,China,100.0
28,METRO Olsztyn sp. z o.o.,Warsaw,Poland,100.0
29,METRO Opole Sp. z o.o.,Warsaw,Poland,100.0
30,METRO Pakistan (Pvt.) Limited,Lahore,Pakistan,100.0
31,METRO Payment Services GmbH,Düsseldorf,Germany,100.0
32,METRO Poznań II sp. z o.o.,Warsaw,Poland,100.0
33,METRO Poznań sp. z o.o.,Warsaw,Poland,100.0
34,METRO Properties B.V.,Amsterdam,Netherlands,100.0
35,METRO Properties CR s.r.o.,Prague,Czech Republic,100.0
