,Unnamed: 0,Unnamed: 1,2019,%,Unnamed: 2,2018,%.1,Unnamed: 3,2017,%.2
0,Microcontrollers,$,"2,921.9",54.6,$,"2,619.1",65.9,$,"2,147.3",63.0
1,"Analog, interface, mixed signal and timing",,,,,,,,,
2,products,,"1,530.7",28.6,,952.0,23.9,,888.9,26.1
3,Field-programmable gate array products,,303.8,5.7,,—,—,,—,—
4,Memory products,,184.0,3.4,,199.7,5.0,,184.1,5.4
5,Technology licensing,,132.4,2.5,,104.8,2.6,,91.2,2.7
6,Multi-market and other,,276.7,5.2,,105.2,2.6,,96.3,2.8
7,Total net sales,$,"5,349.5",100.0,$,"3,980.8",100.0,$,"3,407.8",100.0
