,2020 - 2024 $,—,$,Unnamed: 0,Unnamed: 1,55,$.1,Unnamed: 2,55.1
0,2025 - 2029,—,,,,58,,,58
1,2030 - 2034,3,,,,113,,,116
2,2035 - 2039,350,,,,4,,,354
3,Indefinite,—,,,,75,,,75
4,$,353,$,,,305,$,,658
5,Below is a reconciliation of the beginning and ending amount of our unrecognized tax benefits:,,,,,,,,
6,For the year ended,2019,,,2018,,,2017.0,
7,Beginning unrecognized tax benefits $,261,$,,,327,$,,304
8,Increases related to tax positions from prior years,124,,,,—,,,—
9,Increases related to tax positions taken in current year,44,,,,68,,,15
10,Decreases related to tax positions from prior years,(46),,,(126),,,,—
11,Settlements with tax authorities,—,,,,(8),,,(47)
12,Increases due to the Inotera Acquisition,—,,,,—,,,54
13,Other,—,,,,—,,,1
14,Ending unrecognized tax benefits $,383,$,,,261,$,,327
