,2022 Term Loan B,Senior Secured Term Loan B due 2022,Micron,"Micron Technology, Inc. (Parent Company)"
0,2024 Notes,5.25% Senior Notes due 2024,MMJ,"Micron Memory Japan, Inc."
1,2025 Notes,5.50% Senior Notes due 2025,MMJ Companies,MAI and MMJ
2,2026 Notes,5.63% Senior Notes due 2026,MMJ Group,MMJ and its subsidiaries
3,2027 Notes,4.19% Senior Notes due 2027,MMT,"Micron Memory Taiwan Co., Ltd."
4,2029 Notes,5.33% Senior Notes due 2029,MSP,"Micron Semiconductor Products, Inc."
5,2030 Notes,4.66% Senior Notes due 2027,MSTW,"Micron Semiconductor Taiwan Co., Ltd."
6,2032D Notes,3.13% Convertible Senior Notes due 2032,MTTW,"Micron Technology Taiwan, Inc."
7,2033F Notes,2.13% Convertible Senior Notes due 2033,NAND,Not And
8,2043G Notes,3.00% Convertible Senior Notes due 2043,Nanya,Nanya Technology Corporation
9,ASIC,Application-Specific Integrated Circuit,NOR,Not Or
10,CuA,CMOS Under the Array,NVMe,Non-Volatile Memory Express
11,DDR,Double Data Rate,OEM,Original Equipment Manufacturer
12,DRAM,Dynamic Random Access Memory,PCIe,Peripheral Component Interconnect Express
13,e.MMC,Embedded Multi-Media Controller,Qimonda,Qimonda AG
14,,An e.MMC or UFS solution with LPDRAM,,
15,eMCP,in the same package,QLC,Quad-Level Cell (four bits per cell)
16,GDDR,Graphics Double Data Rate,RDIMM,Registered Dual In-line Memory Module
17,HDD,Hard Disk Drive,SATA,Serial AT Attachment
18,IMFT,"IM Flash Technologies, LLC",SLC,Single-Level Cell (one bit per cell)
19,Inotera,"Inotera Memories, Inc.",SSD,Solid State Drive
20,Intel,Intel Corporation,TLC,Triple-Level Cell (three bits per cell)
21,LPDDR,Low Power Double Data Rate,UFS,Universal Flash Storage
22,MAI,"Micron Akita, Inc.",uMCP,UFS-based MCP
23,MCP,Multi-Chip Package,VIE,Variable Interest Entity
