,Unnamed: 0,Unnamed: 1,EXHIBIT LIST,Unnamed: 2,Unnamed: 3,Unnamed: 4
0,,,,Incorporated by Reference,,
1,Exhibit,,,File Filing,,Included
2,Number,Exhibit Description,Form,Number Exhibit Date,,Herewith
3,10.28*,"Amendment dated December 9, 1999 to the",S-8,333-101696 4.1.4 12/6/2002,,
4,,Adoption Agreement to the Microchip,,,,
5,,Technology Incorporated Supplemental,,,,
6,,Retirement Plan,,,,
7,10.29*,"February 3, 2003 Amendment to the Adoption",10-K,000-21184 10.28 6/5/2003,,
8,,Agreement to the Microchip Technology,,,,
9,,Incorporated Supplemental Retirement Plan,,,,
10,10.30*,Amendments to Supplemental Retirement,10-Q,000-21184 10.1 2/9/2006,,
11,,Plan,,,,
12,10.31*,Amended and Restated Adoption Agreement,10-K,000-21184 10.28 5/24/2016,,
13,,to the Microchip Technology Incorporated,,,,
14,,Supplemental Retirement Plan dated October,,,,
15,,"8, 2008, as amended December 15, 2008",,,,
16,10.32*,Change of Control Severance Agreement,8-K,000-21184 10.1 12/18/2008,,
17,10.33*,Change of Control Severance Agreement,8-K,000-21184 10.2 12/18/2008,,
18,10.34,Development Agreement dated as of August,10-Q,000-21184 10.1 2/13/1998,,
19,,"29, 1997 by and between Registrant and the",,,,
20,,"City of Chandler, Arizona",,,,
21,10.35,Addendum to Development Agreement by,10-K,000-21184 10.14 5/15/2001,,
22,,and between Registrant and the City of,,,,
23,,"Tempe, Arizona, dated May 11, 2000",,,,
24,10.36,"Development Agreement dated as of July 17,",10-Q,000-21184 10.2 2/13/1998,,
25,,1997 by and between Registrant and the City,,,,
26,,"of Tempe, Arizona",,,,
27,21.1,Subsidiaries of Registrant,,,,X
28,23.1,Consent of Independent Registered Public,,,,X
29,,Accounting Firm,,,,
30,24.1,Power of Attorney included on Page 63 of this,,,,X
31,,Form 10-K,,,,
32,31.1,Certification of Chief Executive Officer,,,,X
33,,Pursuant to Rule 13a-14(a) of the Securities,,,,
34,,"Exchange Act of 1934, as amended (the",,,,
35,,Exchange Act),,,,
36,31.2,Certification of Chief Financial Officer,,,,X
37,,Pursuant to Rule 13a-14(a) of the Securities,,,,
38,,"Exchange Act of 1934, as amended (the",,,,
39,,Exchange Act),,,,
40,32**,Certifications Pursuant to 18 U.S.C. Section,,,,X
41,,"1350, as adopted pursuant to Section 906 of",,,,
42,,the Sarbanes-Oxley Act of 2002,,,,
