,Unnamed: 0,Unnamed: 1,"As of March 31,"
0,,,2019 2018
1,Deferred tax assets:,,
2,Net operating loss carryforwards,$,"35,120$ 24,159"
3,Share-based compensation,,"5,6872,760"
4,Deferred revenue,,"1,7612,237"
5,Fixed assets,,"4,1873,593"
6,Lease liability,,"11,74817,024"
7,Accrued compensation,,"1,211742"
8,Accrued costs,,"4011,362"
9,Deferred rent,,320473
10,Income tax credits,,"1,8331,151"
11,Other,,"1,247109"
12,Gross deferred tax assets,,"63,51553,610"
13,Deferred tax liabilities:,,
14,Prepaid expenses,,(219) (315)
15,Fixed assets,,"(13,855) (19,280)"
16,Unremitted earnings,,(320) (115)
17,Intangible assets,,"(4,818) —"
18,Capitalized commissions,,"(7,606) —"
19,Other,,(387) —
20,Gross deferred tax liabilities,,"(27,205) (19,710)"
21,Valuation allowance,,"(38,318) (34,008)"
22,"Deferred tax (liabilities) assets, net",$,"(2,008) $ (108)"
