,"Parking Election Notice”) given to Landlord not later than thirty (30) days, time being of the essence, after receipt of the"
0,"Parking Cost & Schedule Notice to elect (i) to proceed with Option A only, (ii) to proceed with Option B only, (iii) to"
1,"proceed with both Option A and Option B, or (iv) to reject the Parking Cost & Schedule Notice; provided, however, that as"
2,"a condition precedent to Tenant’s exercise of its rights pursuant to the preceding clause (i), (ii) or (iii), Tenant must deliver to"
3,Landlord together with Tenant’s Parking Election Notice good funds in an amount equal to Two Hundred Thousand and
4,"00/100 Dollars ($200,000.00) (“Tenant’s Initial Parking Contribution ”), which shall be held and applied by Landlord"
5,"pursuant to Sections 6(b), 6(c), and 7(b) below. If Tenant fails timely to give Tenant’s Parking Election Notice within such"
6,"thirty (30) day period, then Tenant shall be deemed to have rejected the Parking Cost & Schedule Notice. If Tenant timely"
