,8.4,Waiver of a pre-condition under 8.2 shall not affect any right which the Landlord may have against the Tenant or against any third
0,,party in respect of a breach of the Tenant's obligations.
1,8.5,Time is of the essence of all dates and periods referred to in this clause 8.
2,8.6,If notice is not served by the Tenant to terminate this Lease on the relevant date pursuant to clause 8.1 the Landlord and Tenant
3,,agree that the Principal Rent shall be reduced to a peppercorn for the period of 9 months from and including the relevant date.
4,8.7,The parties agree that to the extent the Tenant has paid any Rents or Service Charge to a date which is beyond the relevant date the
