,1,"The maintenance, repair, decoration and inspection and when reasonably necessary (where in the reasonable opinion of the Landlord"
0,,the item is beyond economic repair) the renewal of the Building and each and every part thereof (including the glass in the outside
1,,walls of the Building in any atria in the Building and in the Common Facilities) excepting:
2,,(a) the Premises; and
3,,(b) other premises within the Building as are from time to time let or intended to be let.
4,2.0,"The operation, maintenance, repair, inspection and cleansing and when reasonably necessary (where in the reasonable opinion of the"
5,,Landlord the item is beyond economic repair) the renewal of any roof terrace and the Common Facilities including (without prejudice to
6,,"the generality of the foregoing) the lifts and escalators within and forming part of the Building, the Service Conduits and Appliances,"
7,,"water treatment systems, sanitary apparatus, pneumatics, vehicle turntables, electrically/mechanically operated barrier gates,"
8,,"computer monitoring system, closed circuit television, surveillance system, control security system and indicator installation, refuse"
9,,"compactors and all other mechanical and electrical systems and all plant, machinery and equipment associated therewith (except"
10,,Landlord's Services Equipment) within the Building.
11,3.0,The:
12,,"(a) operation, maintenance, repair, inspection and cleansing and when reasonably necessary (where in the reasonable opinion of"
13,,the Landlord the item is beyond economic repair) the renewal and replacement of the Standby Generators and the Landlord's
14,,Services Equipment (excluding such parts as are within the Premises or any other parts of the Building let or intended to be
15,,let by the Landlord and respectively serve the Premises or such other parts of the Building let or intended to be let by the
16,,"Landlord exclusively) and provision of heating, cooling and ventilation to all parts of the Building;"
17,,(b) external cleaning of the Building; and
18,,"(c) external and internal cleaning of the Common Facilities,"
19,,in all such cases as often as in the Landlord's reasonable opinion may be requisite and such maintenance shall include the
20,,"preparation, cleaning, decoration, repointing, painting, graining, varnishing, papering, polishing and other treatment or replacement of"
21,,"finishes (walls, floors and ceilings) with good quality materials of their several kinds and in a suitable manner for maintenance in good"
22,,condition as may be appropriate for the particular external or internal finishes.
23,4.0,The provision (but not the initial capital cost of the provision of equipment) and maintenance of security services (including (without
24,,prejudice to the generality of the foregoing)  24 hour security guards in respect of the Common Facilities and electronic surveillance
25,,systems as the Landlord shall reasonably deem necessary).
26,5.0,"The lighting (including the maintenance, repair and for the purposes of repair the proper replacement of the lighting equipment and"
27,,fittings) of any atria in the Building and the Common Facilities.
28,6.0,The disposal of refuse from the Building including the collection and compaction thereof and the provision of receptacles and plant
