,Available-for-sale securities:,Unnamed: 0,Unnamed: 1,Unnamed: 2,Unnamed: 3,Unnamed: 4,Unnamed: 5,Unnamed: 6,Unnamed: 7,Unnamed: 8,Unnamed: 9
0,"U.S. Treasury, short-term",$,"4,240",$,,2,$,,—,$,"4,242"
1,"Corporate debt securities, short-term",,"12,258",,,2,,,—,,"12,260"
2,"U.S. Treasury, long-term",,"1,102",,,—,,,(1),,"1,101"
3,"Corporate debt securities, long-term",,451,,,—,,,—,,451
4,Total,$,"18,051",$,,4,$,,(1),$,"18,054"
5,,,,,,,,,,,
6,,,,,Gross,,,Gross,,,
7,,,,,Unrealized,,,Unrealized,,,Fair Market
8,"September 30, 2018:",,Cost,,Gains,,,Losses,,,Value
9,Available-for-sale securities:,,,,,,,,,,
10,"U.S. Treasury, short-term",$,"3,693",$,,—,$,,(10),$,"3,683"
11,"Corporate debt securities, short-term",,"4,779",,,—,,,(14),,"4,765"
12,Total,$,"8,472",$,,—,$,,(24),$,"8,448"
