,Unnamed: 0,Unnamed: 1,2019,Unnamed: 2,2018,2017
0,SH FLOWS FROM OPERATING ACTIVITIES:,,,,,
1,Net loss,$,"(48,846)",$,"(43,084) $","(53,362)"
2,Adjustments to reconcile net loss to net cash provided by (used in) operating activities:,,,,,
3,Stock-based compensation expense,,"35,804",,"38,436","33,731"
4,Depreciation,,"3,426",,"3,846","3,389"
5,Amortization of intangible assets,,—,,100,545
6,Accretion of premium of investment securities,,(24),,(50),(57)
7,Provision for doubtful accounts,,—,,199,149
8,Impairment of ROU assets,,"1,328",,—,—
9,Loss (gain) on disposal of equipment,,185,,25,(16)
10,Changes in operating assets and liabilities:,,,,,
11,Accounts receivable,,"2,179",,"(10,564)","(4,916)"
12,Deferred commissions,,(572),,"1,078",329
13,Other current and noncurrent assets,,(582),,"(5,535)","(1,006)"
