,Unnamed: 0,Unnamed: 1,2019,Unnamed: 2,2018,Unnamed: 3,2017
0,"(in thousands, except percentages and per share data)",,,,,,
1,Non-GAAP gross profit reconciliation:,,,,,,
2,Gross profit,$,"162,847",$,"158,270",$,"149,221"
3,Add: Stock-based compensation expense,,"5,095",,"5,006",,"3,772"
4,Add: Amortization of intangible assets,,—,,100,,545
5,Add: Restructuring charge,,300,,—,,311
6,Non-GAAP gross profit,$,"168,242",$,"163,376",$,"153,849"
7,Non-GAAP gross margin reconciliation:,,,,,,
8,GAAP gross margin: GAAP gross profit over GAAP total revenue,,79.3 %,,81.9 %,,83.0 %
9,GAAP to non-GAAP gross margin adjustments,,2.7,,2.7,,2.6
10,Non-GAAP gross margin,,82.0 %,,84.6 %,,85.6 %
11,Non-GAAP operating loss reconciliation:,,,,,,
12,GAAP operating loss,$,"(48,075)",$,"(42,861)",$,"(53,208)"
13,Add: Stock-based compensation expense,,"35,804",,"38,436",,"33,731"
14,Add: Amortization of intangible assets,,—,,100,,545
15,Add: Litigation settlement charge,,—,,—,,"1,143"
16,Add: Restructuring charge,,"3,582",,—,,"1,349"
17,Non-GAAP operating loss,$,"(8,689)",$,"(4,325)",$,"(16,440)"
18,Non-GAAP operating margin reconciliation:,,,,,,
19,GAAP operating margin: GAAP operating profit over GAAP total revenue,,(23.4)%,,(22.2)%,,(29.6)%
20,GAAP to non-GAAP operating margin adjustments,,19.2,,20.0,,20.5
21,Non-GAAP operating margin,,(4.2)%,,(2.2)%,,(9.1)%
22,Non-GAAP net loss reconciliation:,,,,,,
23,GAAP net loss,$,"(48,846)",$,"(43,084)",$,"(53,362)"
24,Add: Stock-based compensation expense,,"35,804",,"38,436",,"33,731"
25,Add: Amortization of intangible assets,,—,,100,,545
26,Add: Litigation settlement charge,,—,,—,,"1,143"
27,Add: Restructuring charge,,"3,582",,—,,"1,349"
28,Non-GAAP net loss,$,"(9,460)",$,"(4,548)",$,"(16,594)"
29,Non-GAAP net loss per share reconciliation:,,,,,,
30,GAAP net loss per share,$,(0.44),$,(0.42),$,(0.57)
31,Add: Stock-based compensation expense per share,,0.32,,0.38,,0.36
32,Add: Amortization of intangible assets per share,,—,,—,,0.01
33,Add: Litigation settlement charge per share,,—,,—,,0.01
34,Add: Restructuring charge per share,,0.03,,—,,0.01
35,Non-GAAP net loss per share,$,(0.09),$,(0.04),$,(0.18)
36,Free cash flow:,,,,,,
37,Net cash provided by (used in) operating activities,$,"(2,406)",$,"14,157",$,"3,036"
38,Purchase of property and equipment,,"(1,518)",,"(1,956)",,"(6,454)"
39,Free cash flow,$,"(3,924)",$,"12,201",$,"(3,418)"
