,Customer arrangements with termination rights,Unnamed: 0,"(3,237)",Unnamed: 1,(179),Unnamed: 2,"5,348"
0,Accrued expenses and other long-term liabilities,,"(3,666)",,355,,"2,029"
1,Net cash provided by (used in) operating activities,,"(2,406)",,"14,157",,"3,036"
2,SH FLOWS FROM INVESTING ACTIVITIES:,,,,,,
3,Purchase of property and equipment,,"(1,518)",,"(1,956)",,"(6,454)"
4,Proceeds from maturities of investment securities,,"5,150",,"15,900",,"38,015"
5,Purchase of investment securities,,"(4,126)",,"(10,053)",,"(8,570)"
6,Net cash provided by (used in) investing activities,,(494),,"3,891",,"22,991"
7,SH FLOWS FROM FINANCING ACTIVITIES:,,,,,,
8,Proceeds from Employee Stock Purchase Plan,,"4,396",,"4,424",,"4,798"
9,Proceeds from exercise of stock options,,"5,508",,"6,514",,"4,114"
10,Taxes paid for net settlement of equity awards,,"(5,892)",,"(4,862)",,"(3,149)"
11,Amounts withheld for net settlement of equity awards,,—,,"(1,513)",,—
12,Repurchases of common stock,,"(11,310)",,"(3,831)",,—
13,Net cash provided by (used in) financing activities,,"(7,298)",,732,,"5,763"
14,NET CHANGE IN CASH AND CASH EQUIVALENTS,,"(10,198)",,"18,780",,"31,790"
15,CASH AND CASH EQUIVALENTS—Beginning of period,,"104,613",,"85,833",,"54,043"
16,CASH AND CASH EQUIVALENTS—End of period,$,"94,415",$,"104,613",$,"85,833"
17,PPLEMENTAL DISCLOSURES OF CASH FLOW INFORMATION,,,,,,
18,Cash paid for income taxes,$,"1,813",$,"1,419",$,"1,189"
19,Lease payments for amounts included in the measurement of lease liabilities,$,"7,281",$,"7,213",$,"6,786"
20,PPLEMENTAL DISCLOSURES OF NONCASH FINANCING ACTIVITIES:,,,,,,
21,Value of shares issued under Bonus Plans,$,"6,374",$,"5,898",$,"5,123"
22,Value of shares issued under the Employee Stock Purchase Plan,$,"4,132",$,"4,548",$,"4,562"
