,(in thousands),Unnamed: 0,2019,Unnamed: 1,Unnamed: 2,2018,Unnamed: 3,Unnamed: 4,2017
0,Cloud subscriptions - ratable,$,,"67,034",$,"50,714",,$,"38,728"
1,On-premise subscriptions - point-in-time,,,"22,022",,"20,948",,,"15,994"
2,On-premise subscriptions - ratable,,,"18,909",,"16,275",,,"14,779"
3,Software support on perpetual licenses - ratable,,,"64,983",,"63,211",,,"59,076"
4,Recurring revenue,,,"172,948",,"151,148",,,"128,577"
5,Perpetual license - point-in-time,,,"27,447",,"38,390",,,"48,041"
6,Professional services - point-in-time,,,"4,841",,"3,654",,,"3,140"
7,Non-recurring revenue,,,"32,288",,"42,044",,,"51,181"
8,Total revenue,$,,"205,236",$,"193,192",,$,"179,758"
