,Unnamed: 0
0,The Company determined the fair value of the auction-rate securities using a discounted cash flow model with the following assumptions:
1,
2,"December 31,"
3,2019 2018
4,Time-to-liquidity (in years) 2 - 3 2 - 3
5,Discount rate 4.0% - 8.3% 4.9% - 10.1%
6,
7,The fair value measurement involves the analysis of valuation techniques and evaluation of unobservable inputs commonly used by market participants to price si
8,"instruments. Outputs from the valuation process are assessed against various market sources when they are available, including marketplace quotes, recent trades"
9,similar illiquid securities and independent pricing services. The valuation of the auction-rate securities is subject to significant management judgment regarding
10,"projected future cash flows, which will depend on many factors, including the quality of the underlying collateral, estimated time to liquidity including potential to"
11,"called or restructured, underlying final maturity, insurance guaranty and market conditions, among others. Changes in any of the unobservable inputs used in the f"
12,"value measurement of auction-rate securities in isolation would result in a lower or higher fair value measurement. For example, an increase in the time-to-liquidity"
13,assumption or estimated discount rate would result in a lower fair value measurement.
14,
15,5. BALANCE SHEET COMPONENTS
16,
17,Inventories
18,
19,Inventories consist of the following (in thousands):
20,
21,"December 31,"
22,2019 2018
23,"Raw materials  $ 22,872  $ 43,017"
24,"Work in process 42,68138,674"
25,"Finished goods 61,94754,693"
26,"Total  $ 127,500  $ 136,384"
27,
28,Other Current Assets
29,
30,Other current assets consist of the following (in thousands):
31,
32,"December 31,"
33,2019 2018
34,"RSU tax withholding proceeds receivable  $ 6,106  $ 39"
35,"Prepaid expense 7,9913,425"
36,"Interest receivable 2,4901,441"
37,"Assets for product returns 1,5851,602"
38,"Prepaid wafer refund receivable -4,297"
39,"Other 1,4331,127"
40,"Total  $ 19,605  $ 11,931"
