,Unnamed: 0,Unnamed: 1,2019,Unnamed: 2,2018
0,Revenue,,,,
1,Software-as-a-service related,$,"72,831",$,"65,646"
2,Software and hardware related,,"8,015",,"4,534"
3,Maintenance,,"10,519",,"9,834"
4,Total software-related revenue,,"91,365",,"80,014"
5,Sequencing and molecular analysis,,"1,733",,"3,129"
6,Home health care services,,"2,863",,"6,321"
7,Total net revenue,,"95,961",,"89,464"
8,,,,,
9,Cost of Revenue,,,,
10,Software-as-a-service related,,"23,233",,"23,691"
11,Software and hardware related,,"2,886",,"3,335"
12,Maintenance,,"1,625",,924
13,Amortization of developed technologies,,"4,662",,"4,933"
14,Total software-related cost of revenue,,"32,406",,"32,883"
15,Sequencing and molecular analysis,,"4,545",,"8,055"
16,Home health care services,,"1,471",,"3,331"
17,Total cost of revenue,,"38,422",,"44,269"
18,,,,,
19,Gross Profit,,"57,539",,"45,195"
20,,,,,
21,Operating Expenses,,,,
22,"Selling, general and administrative",,"61,043",,"70,763"
23,Research and development,,"19,072",,"20,916"
24,Amortization of acquisition-related assets,,"4,217",,"4,217"
25,Impairment of intangible asset,,"3,977",,—
26,Total operating expenses,,"88,309",,"95,896"
27,Loss from operations,,"(30,770)",,"(50,701)"
28,"Interest expense, net",,"(18,044)",,"(17,120)"
29,"Other expense, net",,"(5,625)",,"(17,876)"
30,Loss from related party equity method investment,,"(8,317)",,"(108,409)"
31,Loss from continuing operations before income taxes,,"(62,756)",,"(194,106)"
32,Benefit from income taxes,,(112),,"(3,673)"
33,Net loss from continuing operations,,"(62,644)",,"(190,433)"
34,"Loss from discontinued operations, net of tax",,(118),,"(1,719)"
35,Net loss,$,"(62,762)",$,"(192,152)"
36,,,,,
37,Basic and diluted net loss per share,,,,
38,Continuing operations - common stock,$,(0.57),$,(1.74)
39,Discontinued operations - common stock,$,—,$,(0.02)
40,Total net loss per share - common stock,$,(0.57),$,(1.76)
