,Unnamed: 0,Unnamed: 1,2019,Unnamed: 2,Unnamed: 3,2018
0,Deferred income tax assets:,,,,,
1,Accounts payable and accrued expenses,$,"7,336",,$,"5,581"
2,163(j) Interest limitation,,"5,392",,,"2,509"
3,Inventory impairment,,39,,,495
4,Deferred revenue,,"3,623",,,"5,438"
5,Allowance for doubtful accounts,,72,,,546
6,"Property, plant and equipment, net",,761,,,691
7,Intangibles,,"3,166",,,"3,409"
8,Investments,,"51,349",,,"48,836"
9,Stock-based compensation,,719,,,"2,159"
10,Other,,"1,202",,,"1,321"
11,Operating lease liabilities,,"3,314",,,—
12,Net operating loss carryforwards,,"109,952",,,"104,404"
13,Less: Valuation allowance,,"(155,755)",,,"(140,788)"
14,Total deferred income tax assets,,"31,170",,,"34,601"
15,Deferred income tax liabilities:,,,,,
16,State taxes,,"(6,723)",,,"(5,339)"
17,"Intangible assets, net",,"(19,474)",,,"(25,630)"
18,Convertible notes,,"(3,017)",,,"(4,241)"
19,Deferred costs to obtain a customer contract,,(980),,,"(1,633)"
20,Other,,(292),,,(195)
21,Operating lease right-of-use assets,,"(2,563)",,,—
22,Total deferred income tax liabilities,,"(33,049)",,,"(37,038)"
23,"Deferred income taxes, net",$,"(1,879)",,$,"(2,437)"
