,Unnamed: 0,Unnamed: 1,First Quarter,Unnamed: 2,Second Quarter,Third Quarter,Unnamed: 3,Unnamed: 4,Fourth Quarter
0,Net revenue,$,"23,729",$,"25,686 $","22,356",,$,"24,190"
1,Cost of revenue,,"11,290",,"9,816","8,372",,,"8,944"
2,Gross profit,,"12,439",,"15,870","13,984",,,"15,246"
3,Operating expenses,,"22,923",,"24,792","20,758",,,"19,836"
4,Loss from operations,,"(10,484)",,"(8,922)","(6,774)",,,"(4,590)"
5,Net loss from continuing operations,,"(19,839)",,"(14,682)","(16,374)",,,"(11,749)"
6,"Loss from discontinued operations, net of tax",,(84),,(31),(3),,,—
7,Net loss,,"(19,923)",,"(14,713)","(16,377)",,,"(11,749)"
8,Basic and diluted net loss per share:,,,,,,,,
9,Continued operations - common stock,$,(0.18),$,(0.13) $,(0.15),,$,(0.11)
10,Discontinued operations - common stock,$,—,$,— $,—,,$,—
11,Total net loss per share - common stock,$,(0.18),$,(0.13) $,(0.15),,$,(0.11)
12,,,,,"Year Ended December 31, 2018",,,,
13,,,First Quarter,,Second Quarter,Third Quarter,,,Fourth Quarter
14,Net revenue,$,"22,263",$,"22,047 $","22,292",,$,"22,862"
15,Cost of revenue,,"11,068",,"10,582","11,226",,,"11,393"
16,Gross profit,,"11,195",,"11,465","11,066",,,"11,469"
17,Operating expenses,,"26,942",,"25,331","22,890",,,"20,733"
18,Loss from operations,,"(15,747)",,"(13,866)","(11,824)",,,"(9,264)"
19,Net loss from continuing operations,,"(21,975)",,"(21,806)","(97,432)",,,"(49,220)"
20,"(Loss) income from discontinued operations, net of tax",,(193),,"(1,591)",(32),,,97
21,Net loss,,"(22,168)",,"(23,397)","(97,464)",,,"(49,123)"
22,Basic and diluted net loss per share:,,,,,,,,
23,Continued operations - common stock,$,(0.20),$,(0.20) $,(0.89),,$,(0.45)
24,Discontinued operations - common stock,$,—,$,(0.01) $,—,,$,—
25,Total net loss per share - common stock,$,(0.20),$,(0.21) $,(0.89),,$,(0.45)
