,Signature,Title,Date
0,,,
1,/s/ Patrick Soon-Shiong,"Chairman, Chief Executive Officer and Director","February 28, 2020"
2,Patrick Soon-Shiong,(Principal Executive Officer),
3,,,
4,/s/ Bob Petrou,Chief Financial Officer,"February 28, 2020"
5,Bob Petrou,(Principal Financial and Accounting Officer),
6,,,
7,/s/ Ron Louks,Chief Operating Officer and Director,"February 28, 2020"
8,Ron Louks,,
9,,,
10,/s/ Michael S. Sitrick,Director,"February 28, 2020"
11,Michael S. Sitrick,,
12,,,
13,/s/ Kirk K. Calhoun,Director,"February 28, 2020"
14,Kirk K. Calhoun,,
15,,,
16,/s/ Michael Blaszyk,Director,"February 28, 2020"
17,Michael Blaszyk,,
