,BOAT CHARTER PART!2NOCERAB‘ 001” ST ERA,ND ABDRA,Unnamed: 0,Unnamed: 1,Unnamed: 2,Unnamed: 3,Unnamed: 4,Unnamed: 5,Unnamed: 6,Unnamed: 7,Unnamed: 8,Unnamed: 9,Unnamed: 10,Unnamed: 11,Unnamed: 12,Unnamed: 13,Unnamed: 14,Unnamed: 15,Unnamed: 16,Unnamed: 17,Unnamed: 18,Unnamed: 19,Unnamed: 20,Unnamed: 21,Unnamed: 22,Unnamed: 23,Unnamed: 24,Unnamed: 25,Unnamed: 26,Unnamed: 27,Unnamed: 28,Unnamed: 29,Unnamed: 30,Unnamed: 31,Unnamed: 32,Unnamed: 33,Unnamed: 34,Unnamed: 35,Unnamed: 36,Unnamed: 37,Unnamed: 38,Unnamed: 39,Unnamed: 40,Unnamed: 41,Unnamed: 42,Unnamed: 43,Unnamed: 44,Unnamed: 45,Unnamed: 46,Unnamed: 47,Unnamed: 48,Unnamed: 49,Unnamed: 50,Unnamed: 51,Unnamed: 52,Unnamed: 53,Unnamed: 54,Unnamed: 55,Unnamed: 56,Unnamed: 57,Unnamed: 58,Unnamed: 59,Unnamed: 60,Unnamed: 61,Unnamed: 62,Unnamed: 63,Unnamed: 64,Unnamed: 65,Unnamed: 66,Unnamed: 67,Unnamed: 68,Unnamed: 69,Unnamed: 70,Unnamed: 71,Unnamed: 72,Unnamed: 73,Unnamed: 74,Unnamed: 75,Unnamed: 76,Unnamed: 77,Unnamed: 78,Unnamed: 79,Unnamed: 80,Unnamed: 81,Unnamed: 82,Unnamed: 83,Unnamed: 84,Unnamed: 85,Unnamed: 86,Unnamed: 87,Unnamed: 88,Unnamed: 89,Unnamed: 90,Unnamed: 91,Unnamed: 92,Unnamed: 93,Unnamed: 94,Unnamed: 95,Unnamed: 96,Unnamed: 97,Unnamed: 98,Unnamed: 99,Unnamed: 100,Unnamed: 101,Unnamed: 102,Unnamed: 103,Unnamed: 104,Unnamed: 105,Unnamed: 106,Unnamed: 107,Unnamed: 108,Unnamed: 109,Unnamed: 110,Unnamed: 111,Unnamed: 112,Unnamed: 113,Unnamed: 114,Unnamed: 115,Unnamed: 116,Unnamed: 117,Unnamed: 118,Unnamed: 119,Unnamed: 120,Unnamed: 121,Unnamed: 122,Unnamed: 123,Unnamed: 124,Unnamed: 125,Unnamed: 126,Unnamed: 127,Unnamed: 128,Unnamed: 129,Unnamed: 130,Unnamed: 131,Unnamed: 132,Unnamed: 133,Unnamed: 134,Unnamed: 135,Unnamed: 136
0,")1 et2 i( rb k) oa Ip fp .l ai Ie Ms Q, os )C)21.IC()ssesubfoecaiP/)s(eegag.natt re Cllatd e of F",ei 1n cncia tdI,Cn Is,"au (m fe (t ma n n)a 3. 4a or b,",oI (f ta lp lp tl ci eoa,"e,",.a ac se s. at,,,,,,,,,,,,,li n,el s. p1 pa4,,i,,,,,,,,,,,,,,,,,,,,,,,,,,,,,,,,,,,,,,,,,,,,,,,,,,,,,,,,,,,,,,,,,,,,,,,,,,,,,,,,,,,,,,,,,,,,,,,,,,,,,,,,,,,,,,,,,,,,
1,seuSee Clause 44 S e e laC,40,,,,,,,,,,,,,,,,,,,,,,,,,,,,,,,,,,,,,,,,,,,,,,,,,,,,,,,,,,,,,,,,,,,,,,,,,,,,,,,,,,,,,,,,,,,,,,,,,,,,,,,,,,,,,,,,,,,,,,,,,,,,,,,,,,,,,,,,,
2,"y3 v0 u. ,aA llpd sd yi ft ei co 3n 4a ,ol ii 1t oin ns )su (r oa cn rc","Ce Cc to ne lfr, ai pf e,",.o,r rO ew laC’sn eeunoa cc ))ddAL 3l dei .m i 1t,"b)n ra l i (n por i,nc",,"i,lc aCov e auanr ai f",,"(, er fh",,a,,lt le,.r,,"lp,r",,’,)a bo,)t t )o mi( . 1C iI I1 .r I f otdei,Cc a b ( 3g,,,,,,cc (b 0e 4(1 g,,IAN,S,su,e 4,,,,,,,,,,,,,,,,,,,,,,,,,,,,,,,,,,,,,,,,,,,,,,,,,,,,,,,,,,,,,,,,,,,,,,,,,,,,,,,,,,,,,,,,,,,,,,,,,,,,,,,,,,,
3,3be. L23 oa etct iris (oede tn alolf n rey to b,deif dlled In If,p,oth e snt eh kt 33n Br. we or ha Nammg,e atc NCpi oiss,)o )7n,An md,,o .a y,,,I.Cll,e,I(,,I,,A2,,,,,,,,,,,,,,,,,,,,,,,,,,,,,,,,,,,,,,,,,,,,,,,,,,,,,,,,,,,,,,,,,,,,,,,,,,,,,,,,,,,,,,,,,,,,,,,,,,,,,,,,,,,,,,,,,,,,,,,,,
4,33 t4 t. 0Gr roa c i)e ebp (e tr si 2)ao .sad n( rge Rts l 0e,len ndnoLbtsu um ar .o 4f c s3l 1tae,"ur ,b",3k ui )n (g wd a 8y cs( aDC a(bI d5. on3 i p aLs o,bu )ta e,,c(0,0),(),3;,,fi,,,,,,,"eeo,",oeP al rAc f i er Sao Ct ni semno,ils gt IC(deta E3 I0 la),,,,,,h,,,,,,,,,,,,,,,,,,,,,,,,,,,,,,,,,,,,,,,,,,,,,,,,,,,,,,,,,,,,,,,,,,,,,,,,,,,,,,,,,,,,,,,,,,,,,,,,,,,,,,,,,,,,,,,,
5,ar cW6.3 Ia n )Q(6(ll ationce Aei )n,ad scai e ct o u n Nt ier,,2g r (e Cd.I,,,,,,,,,,,,,,,,,,,,,,,,,,,,,,,,,,,,,,,,,,,,,,,,,,,,,,,,,,,,,,,,,,,,,,,,,,,,,,,,,,,,,,,,,,,,,,,,,,,,,,,,,,,,,,,,,,,,,,,,,,,,,,,,,,,,,,,
6,y to be3 io7 .. N !e !A3w ebu llidl un alg iV ses Is de il,n( sppaI n ld Ic At ae lw )i Nt mh,P‘ eiy,lfr ‘oe ’s (onno r’ hetw eh lA 8RT l. Ifa eae,lp Nl c de B,,lad er s,,Rf i ll,,,,,n,,Qt !i,,,!P T pl,Il p ) MJ,,,,,,,,,,,,,,,,,,,,,,,,,,,,,,,,,,,,,,,,,,,,,,,,,,,,,,,,,,,,,,,,,,,,,,,,,,,,,,,,,,,,,,,,,,,,,,,,,,,,,,,,,,,,,,,,,,,,,,,
7,oN,,,,,,,,,,,,,,,,,,,,,,,,,,,,,,,,,,,,,,,,,,,,,,,,,,,,,,,,,,,,,,,,,,,,,,,,,,,,,,,,,,,,,,,,,,,,,,,,,,,,,,,,,,,,,,,,,,,,,,,,,,,,,,,,,,,,,,,,,,
8,l3 T9 i. lV Pe Ss so fe ol’ bs lY pa -r id gB lu fi bl l \d,yi sn Rg pN ho e. t( )o tn al Ay et,.o 0b,Nce rf li Rll pdl ne IId n lAfi alPtnldR aI pl l4 fD oe Tl Il o<,I,u,ng eC n,ot,I( Al,,,t,,,,,,,pl )lI,iea i,,,,,,,,,,,,,,,,,,,,,,,,,,,,,,,,,,,,,,,,,,,,,,,,,,,,,,,,,,,,,,,,,,,,,,,,,,,,,,,,,,,,,,,,,,,,,,,,,,,,,,,,,,,,,,,,,,,,,,,
9,No,,,,,,,,,,,,,,,,,,,,,,,,,,,,,,,,,,,,,,,,,,,,,,,,,,,,,,,,,,,,,,,,,,,,,,,,,,,,,,,,,,,,,,,,,,,,,,,,,,,,,,,,,,,,,,,,,,,,,,,,,,,,,,,,,,,,,,,,,,
10,t4 ti1 a. dL q ayi pau gmt e ad da a te as,ha sn ld tc so as,l,o Ct.eurcc e }ot ( cs re A/a l N.)1,,,,,,,,,,,,,,,,,,,,,,,,,,,,,,,,,,,,,,,,,,,,,,,,,,,,,,,,,,,,,,,,,,,,,,,,,,,,,,,,,,,,,,,,,,,,,,,,,,,,,,,,,,,,,,,,,,,,,,,,,,,,,,,,,,,,,,,
11,NIA,,,,,,,,,,,,,,,,,,,,,,,,,,,,,,,,,,,,,,,,,,,,,,,,,,,,,,,,,,,,,,,,,,,,,,,,,,,,,,,,,,,,,,,,,,,,,,,,,,,,,,,,,,,,,,,,,,,,,,,,,,,,,,,,,,,,,,,,,,
12,AIN~~,,,,,,,,,,,,,,,,,,,,,,,,,,,,,,,,,,,,,,,,,,,,,,,,,,,,,,,,,,,,,,,,,,,,,,,,,,,,,,,,,,,,,,,,,,,,,,,,,,,,,,,,,,,,,,,,,,,,,,,,,,,,,,,,,,,,,,,,,,
13,a42. tH hi rr ee ece/ bP hhu c 4’r era es hoa g Br te,rm se ran yt ( t‘i tn hd i iRa tet owe,oi,t ih gy ee 3s ’ rno or ‘ n w rh ae . r C,’ie,s,ey i( cd atht,,ew ’‘n‘,,,,,,,,,,w,,,,,,,,,,,,,,,,,,,,,,,,,,,,,,,,,,,,,,,,,,,,,,,,,,,,,,,,,,,,,,,,,,,,,,,,,,,,,,,,,,,,,,,,,,,,,,,,,,,,,,,,,,,,,,,,,,,,,,,,
14,IIP TAR NV a lpp ai oe Als ie) A)( ono ITRp It i,o)a llP A )V,pa pp,(s it Nn,,,,,,,,,,,,,,,,,,,,,,,,,,,,,,,,,,,,,,,,,,,,,,,,,,,,,,,,,,,,,,,,,,,,,,,,,,,,,,,,,,,,,,,,,,,,,,,,,,,,,,,,,,,,,,,,,,,,,,,,,,,,,,,,,,,,,,,
15,7esuaS 3e e (Cl d),,,,,,,,,,,,,,,,,,,,,,,,,,,,,,,,,,,,,,,,,,,,,,,,,,,,,,,,,,,,,,,,,,,,,,,,,,,,,,,,,,,,,,,,,,,,,,,,,,,,,,,,,,,,,,,,,,,,,,,,,,,,,,,,,,,,,,,,,,
16,o44 Ca. dF nl tna ug yr eeho tf,s) VarB te ab lehhCo,a tr,T fRgiee Rr Ab(ys r 4t fo apgn l Py t Vo Ie pe5 d. lC eo iu yn )et yir yy RoRo,f t TU edn er,Pl,n dg (s nt,tor,bn fl,lipAfo,,,,,,Ii,Il,,,Ni l Ai n si,a lip,,,,,/N A,,,,,,,,,,,,,,,,,,,,,,,,,,,,,,,,,,,,,,,,,,,,,,,,,,,,,,,,,,,,,,,,,,,,,,,,,,,,,,,,,,,,,,,,,,,,,,,,,,,,,,,,,,,,,,,,,
17,7uaS)see lC d(3e,,,,,,,,,,,,,,,,,,,,,,,,,,,,,,,,,,,,,,,,,,,,,,,,,,,,,,,,,,,,,,,,,,,,,,,,,,,,,,,,,,,,,,,,,,,,,,,,,,,,,,,,,,,,,,,,,,,,,,,,,,,,,,,,,,,,,,,,,,
18,n4 o6 o. IdN iu om e>b oe ir if sa etd i vn,pal clau espg se os c rv ice ir,dlan,"! a, gf r",,,,,,,,,,,,,,,,,,,,,,,,,,,,,,,,,,,,,,,,,,,,,,,,,,,,,,,,,,,,,,,,,,,,,,,,,,,,,,,,,,,,,,,,,,,,,,,,,,,,,,,,,,,,,,,,,,,,,,,,,,,,,,,,,,,,,,,
19,ivoCl 0 lnclause 32 t o 6 us,,,,,,,,,,,,,,,,,,,,,,,,,,,,,,,,,,,,,,,,,,,,,,,,,,,,,,,,,,,,,,,,,,,,,,,,,,,,,,,,,,,,,,,,,,,,,,,,,,,,,,,,,,,,,,,,,,,,,,,,,,,,,,,,,,,,,,,,,,
20,averplRP EA hMB -lE hstI 1 us m ndtu,na nl rl ey pga niv sriar po /a Ad Vt /h,ltt,lh di os PC Ro In ipt hr ta hc TRAPst h la el b Ioorp e Crr tf dPro m se bd u rj thre Rc,ot ht lo Tet ih ce ac fo rn Pd,.i Pt hni,fo in os tPc To vn ut ea ci,rn,se pd u1 ln et fh,h1,,As,tC,oh,,rpa,yr,rt,ae yr ew th e1 ec,dnahs onda Iict of cl l cI l eu od A nR tT lI,I fI o. eI tt nh xe ev,te,en,,,ho,"uf ta oo bn tf Ii tt Ii Tn es R, Ah le rp xr fo rv ti as",hi io,vn ss vo cf,eP nA,oR sI ns eta,l,,,,o,aIt s,rf uu ur lt mh te,,,,,a,,Tl ay Ta rg ar Ae se ld yt ah da ot PP RA VR hT lt oi ll aa pn,,,,,,,,,,,,,,,,,,,,rnd,as lh l,,,d aon fly,m,a,o sf,,I,s,fl oa g,,se ldn,ooas t,Ie,Id hBn,x eIes,"n3 27 n, a4",,d,,34 t. If,A eRT I,ll,ogdn / Po,lr VP oA RR pT /I rV Aa Tn ad,,,,,,,,,,p,"y, I",,,",ss rfu 1",vh,,r,ora r onee,d,tt ih ea nt,,,h,,te lfne,t,,!ca lo cn l ict of,,o,,,,,,,,,,,foi Ros,aAP IT,,,,,,ee
21,neroP rA rR ) S gT ullI la /n Rd rrt/ AP nA VR dT TI,PV oa,,noeohtot naiohx cut fo s btf ilc ntc u tf,he er gSi n ta ut,re (OWn,ser,,)(u,sr,e,,,rC,h,ea,,,,,,,,,,,,,,,,,,,,,,,,,,,,,,,,,,,,,,,,,,,,,,,,,,,,,,,,,,,,,,,,,,,,,,,,,,,,,,,,,,,,,,,,,,,,,,,,,,,,,,,,,,,,,,,,,,,,,,,,,,,
22,",., --;’1. -.-",,,,,,,,,,,,,,,,,,,,,,,,,,,,,,,,,,,,,,,,,,,,,,,,,,,,,,,,,,,,,,,,,,,,,,,,,,,,,,,,,,,,,,,,,,,,,,,,,,,,,,,,,,,,,,,,,,,,,,,,,,,,,,,,,,,,,,,,,,
23,; .-_.. ’,,,,,,,,,,,,,,,,,,,,,,,,,,,,,,,,,,,,,,,,,,,,,,,,,,,,,,,,,,,,,,,,,,,,,,,,,,,,,,,,,,,,,,,,,,,,,,,,,,,,,,,,,,,,,,,,,,,,,,,,,,,,,,,,,,,,,,,,,,
24,.~.. ... . .. .~ ...~ ... ...~ ... .. ... ..,.... .. .. :. .. .. .. ... ~. .. .. ..~,..,. ... .. . .. .. . .,,,,,,,,,,,,,,,,,,,,,,,,,,,,,,,,,,,,,,,,,,,,,,,,,,,,,,,,,,,,,,,,,,,,,,,,,,,,,,,,,,,,,,,,,,,,,,,,,,,,,,,,,,,,,,,,,,,,,,,,,,,,,,,,,,,,,,,
25,JBaPolk no: My sa ~ta In .o oreb «u t<O ~B,.y : C ;,k«,,,,,,,,,,,,,,,,,,,,,,,,,,,,,,,,,,,,,,,,,,,,,,,,,,,,,,,,,,,,,,,,,,,,,,,,,,,,,,,,,,,,,,,,,,,,,,,,,,,,,,,,,,,,,,,,,,,,,,,,,,,,,,,,,,,,,,,,
26,OiltT aili it iel re s: eP r (d tue n tt -LUof dA,)L I vN gAE S n. s. eT,ne w:,rA -+ -ov Su e t~ - F< ’,,,,,,,,,,,,,,,,,,,,,,,,,,,,,,,,,,,,,,,,,,,,,,,,,,,,,,,,,,,,,,,,,,,,,,,,,,,,,,,,,,,,,,,,,,,,,,,,,,,,,,,,,,,,,,,,,,,,,,,,,,,,,,,,,,,,,,,
27,nbB Ooy k: asMa ln u o,,,,,,,,,,,,,,,,,,,,,,,,,,,,,,,,,,,,,,,,,,,,,,,,,,,,,,,,,,,,,,,,,,,,,,,,,,,,,,,,,,,,,,,,,,,,,,,,,,,,,,,,,,,,,,,,,,,,,,,,,,,,,,,,,,,,,,,,,,
28,"oT .i Kt tl : Pe Tr o fs Dl Od La OIn O ,NJ",K A CU II I,.,,,,,,,,,,,,,,,,,,,,,,,,,,,,,,,,,,,,,,,,,,,,,,,,,,,,,,,,,,,,,,,,,,,,,,,,,,,,,,,,,,,,,,,,,,,,,,,,,,,,,,,,,,,,,,,,,,,,,,,,,,,,,,,,,,,,,,,,
