,Vessel Name,Vessel Type,Built,(in metric tons),(1)
0,Navios Lyra,Handysize,2012,"34,718",Yes (2)
1,Navios Mercury,Ultra Handymax,2013,"61,393",Yes
2,Navios Venus,Ultra Handymax,2015,"61,339",Yes
3,Navios Marco Polo,Panamax,2011,"80,647",Yes
4,Navios Southern Star,Panamax,2013,"82,224",Yes
5,Elsa S,Panamax,2015,"80,954",No
6,Navios Amber,Panamax,2015,"80,994",Yes
7,Navios Sky,Panamax,2015,"82,056",Yes
8,Navios Coral,Panamax,2016,"84,904",Yes
9,Navios Citrine,Panamax,2017,"81,626",Yes
10,Navios Dolphin,Panamax,2017,"81,630",Yes
11,Mont Blanc Hawk,Panamax,2017,"81,638",No
12,Cassiopeia Ocean,Panamax,2018,"82,069",No
13,Navios Gemini,Panamax,2018,"81,704",No (3)
14,Navios Horizon I,Panamax,2019,"81,692",No (3)
15,Navios Koyo,Capesize,2011,"181,415",Yes
16,Navios Obeliks,Capesize,2012,"181,415",Yes
17,Navios Felix,Capesize,2016,"181,221",Yes
