,Unnamed: 0,Unnamed: 1,Unnamed: 2,Unnamed: 3,Unnamed: 4,Statement of Operations
0,,,Ownership,Country of,,
1,Company Name,Nature,Interest,Incorporation,2019,2018 2017
2,Solange Shipping Ltd.,Vessel Owning Company,100%,Marshall Is.,1/1 - 12/31,1/1 - 12/31 1/1 - 12/31
3,Diesis Ship Management Ltd,Operating Company,100%,Marshall Is.,1/1 - 12/31,1/1 - 12/31 1/1 - 12/31
4,Navios Holdings Europe Finance Inc.,Sub-Holding Company,100%,Marshall Is.,1/1 - 12/31,1/1 - 12/31 1/1 - 12/31
5,Navios Asia LLC,Sub-Holding Company,100%,Marshall Is.,1/1 - 12/31,1/1 - 12/31 1/1 - 12/31
6,Iris Shipping Corporation,Vessel Owning Company,100%,Marshall Is.,1/1 - 12/31,1/1 - 12/31 1/1 - 12/31
7,Jasmine Shipping Corporation,Vessel Owning Company,100%,Marshall Is.,1/1 - 12/31,1/1 - 12/31 1/1 - 12/31
8,Emery Shipping Corporation,Vessel Owning Company,100%,Marshall Is.,1/1 - 12/31,1/1 - 12/31 1/1 - 12/31
9,Lavender Shipping Corporation,Vessel Owning Company,100%,Marshall Is.,1/1 - 12/31,1/1 - 12/31 1/1 - 12/31
10,Esmeralda Shipping Corporation,Vessel Owning Company,100%,Marshall Is.,—,1/1 - 8/30 1/1 - 12/31
11,Triangle Shipping Corporation,Vessel Owning Company,100%,Marshall Is.,—,1/1 - 8/30 1/1 - 12/31
12,Roselite Shipping Corporation,Operating Company,100%,Marshall Is.,1/1 - 12/31,1/1 - 12/31 1/1 - 12/31
13,Smaltite Shipping Corporation,Operating Company,100%,Marshall Is.,1/1 - 12/31,1/1 - 12/31 1/1 - 12/31
14,Motiva Trading Ltd,Operating Company,100%,Marshall Is.,1/1 - 12/31,1/1 - 12/31 1/1 - 12/31
15,Alpha Merit Corporation,Sub-Holding Company,100%,Marshall Is.,1/1 - 12/31,1/1 - 12/31 11/3 -12/31
16,Thalassa Marine S.A.,Operating Company,100%,Marshall Is.,1/1 - 12/31,1/1 - 12/31 12/15 -12/31
17,Asteroid Shipping S.A.,Operating Company,100%,Marshall Is.,1/1 - 12/31,1/12 - 12/31 —
18,Cloud Atlas Marine S.A.,Operating Company,100%,Marshall Is.,1/1 - 12/31,1/15 - 12/31 —
19,Heodor Shipping Inc.,Vessel Owning Company,100%,Marshall Is.,1/1 - 12/31,2/13 - 12/31 —
20,Navios Maritime Containers GP LLC,Operating Company,100%,Marshall Is.,1/1 - 8/29,9/11 - 12/31 —
21,Navios Containers Management Inc.,Management Company,100%,Marshall Is.,1/1 - 8/29,1/1 - 12/31 —
22,Pacifico Navigation Corp.,Vessel Owning Company,100%,Marshall Is.,1/1 - 12/31,11/7 - 12/31 —
23,Rider Shipmanagement Inc.,Operating Company,100%,Marshall Is.,1/1 - 12/31,12/4 - 12/31 —
24,Talia Shiptrade S.A.,Operating Company,100%,Marshall Is.,1/1 - 12/31,10/11-12/31 —
