,ht en:,Unnamed: 0,Unnamed: 1,Unnamed: 2,Unnamed: 3,Unnamed: 4,Unnamed: 5,Unnamed: 6,Unnamed: 7,Unnamed: 8,Unnamed: 9,Unnamed: 10,Unnamed: 11,Unnamed: 12,Unnamed: 13,Unnamed: 14,Unnamed: 15,Unnamed: 16,Unnamed: 17,Unnamed: 18,Unnamed: 19,Unnamed: 20,Unnamed: 21,Unnamed: 22,Unnamed: 23,Unnamed: 24,Unnamed: 25,Unnamed: 26,Unnamed: 27,Unnamed: 28,Unnamed: 29,Unnamed: 30,Unnamed: 31,Unnamed: 32,Unnamed: 33,Unnamed: 34,Unnamed: 35,Unnamed: 36,Unnamed: 37,Unnamed: 38,Unnamed: 39,Unnamed: 40,Unnamed: 41,Unnamed: 42,Unnamed: 43,Unnamed: 44,Unnamed: 45,Unnamed: 46,Unnamed: 47,Unnamed: 48,Unnamed: 49,Unnamed: 50,Unnamed: 51,Unnamed: 52,Unnamed: 53,Unnamed: 54,Unnamed: 55,Unnamed: 56,Unnamed: 57,Unnamed: 58,Unnamed: 59,Unnamed: 60,Unnamed: 61,Unnamed: 62,Unnamed: 63,Unnamed: 64,Unnamed: 65,Unnamed: 66,Unnamed: 67,Unnamed: 68,Unnamed: 69,Unnamed: 70,Unnamed: 71,Unnamed: 72,Unnamed: 73,Unnamed: 74,Unnamed: 75,Unnamed: 76,Unnamed: 77,Unnamed: 78,Unnamed: 79,Unnamed: 80,Unnamed: 81,Unnamed: 82,Unnamed: 83,Unnamed: 84,Unnamed: 85,Unnamed: 86,Unnamed: 87,Unnamed: 88,Unnamed: 89,Unnamed: 90,Unnamed: 91,Unnamed: 92,Unnamed: 93,Unnamed: 94,Unnamed: 95,Unnamed: 96,Unnamed: 97,Unnamed: 98,Unnamed: 99,Unnamed: 100,Unnamed: 101,Unnamed: 102,Unnamed: 103,Unnamed: 104,Unnamed: 105,Unnamed: 106,Unnamed: 107,Unnamed: 108,Unnamed: 109,Unnamed: 110,Unnamed: 111,Unnamed: 112,Unnamed: 113,Unnamed: 114,Unnamed: 115,Unnamed: 116,Unnamed: 117,Unnamed: 118,Unnamed: 119,Unnamed: 120,Unnamed: 121,Unnamed: 122,Unnamed: 123,Unnamed: 124,Unnamed: 125,Unnamed: 126,Unnamed: 127,Unnamed: 128,Unnamed: 129,Unnamed: 130,Unnamed: 131,Unnamed: 132,Unnamed: 133,Unnamed: 134,Unnamed: 135,Unnamed: 136,Unnamed: 137,Unnamed: 138,Unnamed: 139,Unnamed: 140,Unnamed: 141,Unnamed: 142,Unnamed: 143,Unnamed: 144,Unnamed: 145,Unnamed: 146,Unnamed: 147,Unnamed: 148,Unnamed: 149,Unnamed: 150,Unnamed: 151,Unnamed: 152,Unnamed: 153,Unnamed: 154,Unnamed: 155,Unnamed: 156,Unnamed: 157,Unnamed: 158,Unnamed: 159,Unnamed: 160,Unnamed: 161,Unnamed: 162,Unnamed: 163,Unnamed: 164,Unnamed: 165,Unnamed: 166,Unnamed: 167,Unnamed: 168,Unnamed: 169,Unnamed: 170,Unnamed: 171,Unnamed: 172,Unnamed: 173,Unnamed: 174,Unnamed: 175,Unnamed: 176,Unnamed: 177,Unnamed: 178,Unnamed: 179,Unnamed: 180,Unnamed: 181,Unnamed: 182,Unnamed: 183,Unnamed: 184,Unnamed: 185,Unnamed: 186,Unnamed: 187,Unnamed: 188,Unnamed: 189,Unnamed: 190,Unnamed: 191,Unnamed: 192,Unnamed: 193,Unnamed: 194,Unnamed: 195,Unnamed: 196,Unnamed: 197,Unnamed: 198,Unnamed: 199,Unnamed: 200,Unnamed: 201,Unnamed: 202,Unnamed: 203,Unnamed: 204,Unnamed: 205,Unnamed: 206,Unnamed: 207,Unnamed: 208,Unnamed: 209,Unnamed: 210,Unnamed: 211,Unnamed: 212,Unnamed: 213,Unnamed: 214,Unnamed: 215,Unnamed: 216,Unnamed: 217,Unnamed: 218,Unnamed: 219,Unnamed: 220,Unnamed: 221,Unnamed: 222,Unnamed: 223,Unnamed: 224,Unnamed: 225,Unnamed: 226,Unnamed: 227,Unnamed: 228,Unnamed: 229,Unnamed: 230,Unnamed: 231,Unnamed: 232,Unnamed: 233,Unnamed: 234,Unnamed: 235,Unnamed: 236,Unnamed: 237,Unnamed: 238,Unnamed: 239,Unnamed: 240,Unnamed: 241,Unnamed: 242,Unnamed: 243,Unnamed: 244,Unnamed: 245,Unnamed: 246,Unnamed: 247,Unnamed: 248,Unnamed: 249,Unnamed: 250,Unnamed: 251,Unnamed: 252,Unnamed: 253,Unnamed: 254,Unnamed: 255,Unnamed: 256,Unnamed: 257,Unnamed: 258,Unnamed: 259,Unnamed: 260,Unnamed: 261,Unnamed: 262,Unnamed: 263,Unnamed: 264,Unnamed: 265,Unnamed: 266,Unnamed: 267,Unnamed: 268,Unnamed: 269,Unnamed: 270,Unnamed: 271,Unnamed: 272,Unnamed: 273,Unnamed: 274,Unnamed: 275,Unnamed: 276,Unnamed: 277,Unnamed: 278,Unnamed: 279,Unnamed: 280,Unnamed: 281,Unnamed: 282,Unnamed: 283,Unnamed: 284,Unnamed: 285,Unnamed: 286,Unnamed: 287,Unnamed: 288,Unnamed: 289,Unnamed: 290
0,aa t) eI sn ec oa ms de lC tl da ns es ei om rrp,es cs,a,mc no on cd ai st hi to on so or,,,,,,,tyat nio,f,,,,,,,,,,,,,,,,,hoq,"wu ri ear ee ad pr by ad ho ic lk ri dn sg eb ue if co tr he gn de ox at cs mc Ch ae ud gu ll ee hd od ar ny nd lo sc rk ii yn ig ,. sC ah aa sr ,t pe sr ee wr rs ws ah ha vl al ep ia ry tht ao cO gw cn ee hr qs at eh ae ue ts ot ci tm oa at me td bc io es ot et no yr fe dp oa pi rgaseitrapehtsselnutadsr",c,,,,,,rfbe .i,,,,,,,,,,,,,,,t,,,,,,,,,,,,,,,,,,,,,,,,elotsoctcer t,,,,,,,,,,,,,,,,,,,,,,,,,,,,,,,,,,,,,,,,,,,,,,,,,y or e ininrpp ywtmorfdeniatkrowria,dnepednielbatupero ent s,ih,di yar .d,os a y pret,,tt ehe iciv,,,,t ovieh,,,,,,sr,", ot en",de dt bo rb ye no Ob st wa oonoi nn,,,,,,,,,,,,,ee b C wh Ba ir ingit te ear ehe kr s,,,,i sen 2,,n,,herDa,,f,dmo t ita eeh,,ofo,nis tpm,toi,cfo,deh fti ino,,cno mer,nmo,,,,,n,,,,,wr,,,,,,,,,,,,,,,,,,,,,,,,,,,,,,,,,,,,,,,,,,,,,,,,,,,,,,,,,,,,,,,,,,,,,,,,,,,,,,,,,,,,,,,,,,,,,,,,,,,,,,,,,,
1,nIb tless) acodyrdeborssalCesac cqe eVu ri,ne,,,,iek,rde,,eho erb fe,,xet,,csn,,,det,,,rdu elh,,,,,odd,,,y,,,fehtgnik otVehtttaleC sh e era tr renwOehoyrvilederotroirpesnsseVehtkcodyrdllahss xeh totlessr Cep e td or ae sp,sa ti,.r as,ia,fm,e,,la,cs is,,,,,,,,,,n,,,,,,,,,,,,,,,,,,,,,,,,,,,,,,,,,,,,,,,,,,,,,,,,,,,,,,,,,,,,,,,,,,,,,,,,,,,,,,,,,,,,,,,,,,,,,,,,,,,,,,,,,,,,,,,,,,,,,,,,,,,,,,,,,,,,,,,,,,,,,,,,,,,,,,,,,,,,,,,,,,,,,,,,,,,,,,,,,,,,,,,,,,,,,,,,,,,,,,,,,,,,,,,,,,,,,,,,,,,,,,,,,,,,,,,,,,,,,,,,,,,,
2,foIn hsuch event the Vessel shall be redelivered at th,,,,,,,,e dockyardpe,,o tr .t,,,,,,,,,,,,,,,,,,,,,,,,,,,,,,,,,,,,,,,,,,,,,,,,,,,,,,,,,,,,,,,,,,,,,,,,,,,,,,,,,,,,,,,,,,,,,,,,,,,,,,,,,,,,,,,,,,,,,,,,,,,,,,,,,,,,,,,,,,,,,,,,,,,,,,,,,,,,,,,,,,,,,,,,,,,,,,,,,,,,,,,,,,,,,,,,,,,,,,,,,,,,,,,,,,,,,,,,,,,,,,,,,,,,,,,,,,,,,,,,,,,,,,,,,,,,,,,,,,,,,,,,,,,,,,,,,,,,,,,,,
3,4 ELD6 RE. ERIV Y,,,,,,,,,,,,,,,,,,,,,,,,,,,,,,,,,,,,,,,,,,,,,,,,,,,,,,,,,,,,,,,,,,,,,,,,,,,,,,,,,,,,,,,,,,,,,,,,,,,,,,,,,,,,,,,,,,,,,,,,,,,,,,,,,,,,,,,,,,,,,,,,,,,,,,,,,,,,,,,,,,,,,,,,,,,,,,,,,,,,,,,,,,,,,,,,,,,,,,,,,,,,,,,,,,,,,,,,,,,,,,,,,,,,,,,,,,,,,,,,,,,,,,,,,,,,,,,,,,,,,,,,,,,,,,,,,,,,,,,,,,,,,,,,,,,
4,mT hh ae rC sh 8a er nt ye 3r ae ar ws es eh fa ol al tr,oe hd,erCe ul gi,ov ter st fo ot .h ue TO iw hn ae,er,bs,Oh,le,hV,rdee,ss es se nl,ri st,eh,iye,,wv,ue,nr,oy,tt nh,ci,lin eg,,ub,je,rsl dbo,grn,sg ii,ed lubricating oils incltarehotgn,"rt oeh e rert re ve lr cl nu id i tn dg as sp ia cr le pp danr d h, eu ,s oe ud yo kd hs nu Ct ht ee",,,,,,,ikal,al t,,dk,ae,,tve,,ar,,,,,,,,,,,,,,,,,ers for remaining bun,,,,,,,,,,,,,,e rfa tas,n nd,su,,,u,,,,,,,,,,,,,,,,,,,,,,,,,,,,,,,,,,,,,,,,,,,,"hrb ou,","n niv sca gned opr poi ,ia n,s pst aor ose edn oht",shcr lin,rs cu rm oa sb,rl se hs,pt io,or ee Fs ha rs ep ae er pC,il ea,wu,ts se,p5 o3,"ta nl B3nihtiwtnuomagnidnatstuoehtelttesllahssrenwOeht.ctesnoisivorpdehcaorbnudna,sliht",,e,aC,th r ve ur he,rr,.s o’ tp,eu ur pc sh ed tc,,,,ne “u,,,,,,,hg,,is hp,,,,,o Wf oorht,i hs,,"sc il ya au ws re t, rt",sh,ee,lC hh pa er,(t He ”r de,lr rs ts oh aa tl il,ew ai mt nh,sh to dl id,et )h ne,aH,,,,,,,,,,,,,a,yl o af,Dsf ete,t deh,c oo,"ds nt to af ab cu nn lk de rr ns t, au in gu is se nd ul bu ob cr gi",,,,,,,,,,,,,,,,,,,eh,,,p,"lvi es oi go an es ne rt tc i. f, or be am da ti hn ti mn",,,,,,,,,,,,,,,,,o,,ir ote,,civ he .r Hy tf lr ro im ht eh de iW,,,,,,,,,e,,,I atf,h se,iW di et ih Hh re il,,,,,,,n,,cus f tf,ei oc ni,,,t,,sov,oe er ht,,c,,,kot f,nbu,"ure s,",sun,lde,,u rb,,,,,,,,,,,,,ere tre yil vde,,Vfo,seh le .se
5,iP ter gsonal effects of the Ma,,"ster, offi",cers and crew includin,,,,,,,,,"slop chest, hired equip",,,,,,,,,,,,,,,,,"arterment, hf an y a nd oe f oll nwi ig l est td i sem oa mtir ve e xc el yu fd ee fd ea en id es eh sa :l eV sl rbe oem dve tby Che rh e rs p rio oto tr a eth",,,to,,rr,hd,l,,,,,,,,,,,,l,,,,,,,,,,,,,,,,,,,,,,,,,,,,,,,,,,,,,,,,,,,,,,,,,,,,,,,,,,,,,,,,,,,,,,,,,,,,,,,,,,,,,,,,,,,,,,,,,,,,,,,,,,,,,,,,,,,,,,,,,,,,,,,,,,,,,,,,,,,,,,,,,,,,,,,,,,,,,,,,,,,,,,,,,,,,,,,,,,,,,,,,,,,,,,,,,,,,,,,,,,,,,,,,,,,,,,,,,,,,,,,,,,,,,,,,,,,,,,,,,,,
