,"Balance December 31, 2016","$ 13,936",Unnamed: 0,"$ (9,423)",Unnamed: 1,"$ 4,513"
0,Additions,531,,"(1,257)",,(726)
1,Disposals,(75),,28,,(47)
2,Write offs,(32),,32,,—
3,"Balance December 31, 2017","14,360",,"(10,620)",,"3,740"
4,Additions,"5,845",,"(1,572)",,"4,273"
5,Write offs,(329),,295,,(34)
6,"Balance December 31, 2018","19,876",,"(11,897)",,"7,979"
7,Additions,"2,161",,"(1,056)",,"1,105"
8,Write offs,"(14,206)",,"7,993",,"(6,213)"
9,"Balance December 31, 2019","$ 7,831",,"$ (4,960)",,"$ 2,871"
10,,,,Accumulated,,Net Book
11,Total,Cost,,Depreciation,,Value
12,"Balance December 31, 2016","$2,529,488",,"$ (708,387)",,"$1,821,101"
13,Additions,"11,122",,"(97,114)",,"(85,992)"
14,Impairment losses,"(104,157)",,"58,034",,"(46,123)"
15,Disposals,"(15,488)",,"3,613",,"(11,875)"
16,Write offs,(32),,32,,—
17,Revaluation of vessels due to termination of capital lease obligation,"(5,243)",,—,,"(5,243)"
18,"Transfers from deposits for vessels, port terminals and other fixed assets","137,357",,—,,"137,357"
19,"Balance December 31, 2017","2,553,047",,"(743,822)",,"1,809,225"
20,Vessels upon obtaining control,"376,133",,(882),,"375,251"
21,Additions,"12,354",,"(93,789)",,"(81,435)"
22,Vessel acquisition,"47,148",,(493),,"46,655"
23,Vessel impairment,"(411,265)",,"212,399",,"(198,866)"
24,Vessel disposals,"(101,717)",,—,,"(101,717)"
25,Disposals,(156),,137,,(19)
26,Write offs,(329),,295,,(34)
27,"Transfers from deposits for vessels, port terminals and other fixed assets","49,421",,—,,"49,421"
28,Transfers to other long-term assets,(26),,—,,(26)
29,"Balance December 31, 2018","2,524,610",,"(626,155)",,"1,898,455"
30,Additions,"11,628",,"(83,589)",,"(71,961)"
31,Vessel acquisition,"67,832",,(693),,"67,139"
32,Vessel impairment,"(274,067)",,"159,834",,"(114,233)"
33,Vessel disposals,"(48,830)",,—,,"(48,830)"
34,Write offs,"(16,270)",,"8,859",,"(7,411)"
35,Navios Containers Deconsolidation,"(455,708)",,"9,063",,"(446,645)"
36,"Balance December 31, 2019","$ 1,809,195",,"$ (532,681)",,"$1,276,514"
