,•,"As a consequence of the above-mentioned restructuring process, on November 13, 2018, Granos has entered into a user agreement"
0,,"with the Free Zone of Nueva Palmira, having been authorized to operate as a direct free zone user, therefore being allowed to install"
1,,"and operate a transfer station to handle and store goods, and to build and operate a plant to receive, prepare and dry grain and all"
2,,"types of liquid cargo on land in the Nueva Palmira Free Zone. By the means of the said agreement, Granos currently has the right of"
3,,
4,,"use of approximately 46 acres and pays a total fixed annual fee that amounts to $0.2 million, payable over eight consecutive months"
5,,beginning in January of each year and increasing yearly in proportion to the variation in the U.S. Consumer Price Index
6,,corresponding to the previous year. There is also a transshipment fee of $ 0.25 per ton transshipped. The agreement with the Free
7,,"Zone expires on March 3, 2046, with a 20-year extension at our option, until 2066."
8,,
9,•,"On August 4, 2011, Enresur entered into a direct user agreement with the Free Zone of Nueva Palmira and subsequently, due to the"
10,,"acquisition of Enresur by Navios Logistics, such agreement has been revised by an amendment entered into with the Free Zone in"
11,,"July 22, 2016. Therefore, Enresur obtained an authorization to operate as a free zone user, being allowed to build, install and operate"
12,,"a system of handling, storage and treatment of materials in general and raw materials. As a consequence of the agreement, Enresur"
13,,
14,,"currently has the right of use of 27 acres and 9556 square meters and pays a total fixed annual fee that amounts to $0.1 million,"
15,,payable over eight consecutive months beginning in January of each year and increasing yearly in proportion to the variation in the
16,,U.S. Consumer Price Index corresponding to the previous year. There is also a transshipment fee of $0.25 per ton transshipped. The
17,,"agreement expires on July 22, 2046, with a 20-year extension at our option, until 2066."
18,,
19,•,"On December 29, 2008, Edolmix S.A. entered into a direct user agreement with the Free Zone of Nueva Palmira and, due to the"
20,,"acquisition of Edolmix by Navios Logistics in 2015, such agreement has been revised by an amendment entered into with the Free"
21,,"Zone in July 22, 2016. Therefore, Edolmix obtained an authorization to operate as a free zone user, being allowed to install and"
22,,"operate warehouses, silos, industrial facilities for the storage and handling of materials in general and raw materials, including raw"
23,,"manganese, minerals, grains and liquid cargo, containers and pallets; having being also authorized to install and operate a barge doc"
24,,
25,,"and a port terminal. As a consequence of the agreement, Edolmix currently has the right of use of 34.5 acres and 3,546 square meter"
26,,"and pays a total fixed annual fee that amounts to $0.1 million, payable over eight consecutive months beginning in January of each"
27,,year and increasing yearly in proportion to the variation in the U.S. Consumer Price Index corresponding to the previous year. There
28,,"is also a transshipment fee of $ 0.25 per ton transshipped. The agreement expires on July 22, 2046, with a 20-year extension at our"
29,,option until 2066.
30,,
31,•,"CNSA also leases approximately 400 square meters of space at Paraguay 2141, Montevideo, Uruguay, pursuant to a lease that"
32,,
33,,expires in November 2020.
34,,
35,•,"Compania Naviera Horamar S.A. leases approximately 409 square meters at Cepeda 429 Street, San Nicolás, Buenos Aires,"
36,,
37,,"Argentina, pursuant to a lease agreement that expires in November 2020."
38,,
39,•,"Compania Naviera Horamar S.A. leases approximately 277 square meters at 874 California Street, Buenos Aires, Argentina. The"
40,,
41,,"lease agreement expires in August 31, 2021."
42,,
43,•,"Compania Naviera Horamar S.A. leases a piece of land called “La Misteriosa” in an Island in the Province of Entre Rios, Argentina,"
44,,"Department of Islands of Ibicuy and Paranacito. As per new contract dated June 28, 2019, the lease agreement expires on June 30,"
45,,2021.
46,,
47,•,"Compania Naviera Horamar S.A. leases approximately 1,370 square meters of office space at Av. Juana Manso 205, Buenos Aires,"
48,,"Argentina, pursuant to a lease agreement that expires in June 2021. As per an addendum dated November 21, 2019, CNH has agreed"
49,,to lease nine additional parking spaces and one storage until expiration date.
50,,
51,•,Merco Par S.A.C.I. leases approximately 655 square meters of office space at Avenida Aviadores del Chaco No 1.669 corner San
52,,
53,,"Martín, Asuncion, Paraguay, pursuant to a lease agreement that expires in October 2023."
54,,
55,•,"Hidronave South American Logistics leases an office space at 688, 15 de novembro street, Corumbá, Brazil, pursuant to a lease"
