,Unnamed: 0,5-Year Average 3-Year Average,1-Year Average,Unnamed: 1
0,,(% below the 10-year average),,
1,Handysize,(10.0%)  4.1%,5.6%,
2,Ultra-Handymax,(14.3%)  (0.4%),(3.1%),
3,Panamax,(11.0%)  7.8%,9.7%,
4,Capesize,(15.7%)  2.3%,3.1%,
5,"If testing for impairment using the five-year, three-year and one-year historical averages (of the one-year charter rate for similar vessels) in",,,
6,"lieu of the 10-year historical average (of the one-year charter rate for similar vessels), the Company estimates that 2, 0 and 0 of its vessels, respectively,",,,
7,would have carrying values in excess of their projected undiscounted future cash flows.,,,
8,"As of December 31, 2019 and 2018, the Company owns and operates a fleet of 30 and 35, respectively, with an aggregate carrying value of",,,
9,"$757.0 million as of December 31, 2019, including the carrying value of existing time charters on its fleet of vessels. On a vessel-by-vessel basis, as of",,,
10,"December 31, 2019 and 2018, the carrying value of 26 and 29 of the Company’s vessels, respectively, (including the carrying value of the time charter,",,,
11,"if any, on the specified vessel) exceeds the estimated fair value of those same vessels (including the estimated fair value of the time charter, if any, on the",,,
12,"specified vessel) by approximately $211.8 million and $317.9 million, respectively, in the aggregate (the unrealized loss).",,,
13,"A vessel-by-vessel summary as of December 31, 2019 and 2018 follows (with an * indicating those individual vessels whose carrying",,,
14,"value exceeds its estimated fair value, including the related time charter):",,,
15,,,,
16,,Carrying Value,Carrying Value,
17,,"Year Purchase Price (as of December 31, 2019)","(as of December 31, 2018)",
18,Vessel,Built (in millions)(1)(in millions)(1),(in millions)(1),
19,Navios Serenity,2011$ 26.8$ 19.0*,$,20.0*
20,Navios Celestial,200936.323.6*,,22.8*
21,Navios Vector,2002——,,17.7*
22,Navios Meridian,2002——,,12.6*
23,Navios Mercator,2002——,,12.2*
24,Navios Arc,2003——,,13.0*
25,Navios Hios,20037.77.7,,16.6*
26,Navios Kypros,200335.714.9*,,16.5*
27,Navios Ulysses,200716.514.3*,,15.4*
28,Navios Vega,200916.715.7*,,14.8
29,Navios Astra,200623.914.4*,,15.7*
30,Navios Star,200229.412.7*,,14.1*
31,Navios Asteriks,200554.025.9*,,28.3*
32,Navios Centaurus,201237.827.3*,,28.7*
33,Navios Avior,201239.928.9*,,30.4*
34,Navios Bonavis,200931.730.4*,,28.5
35,Navios Happiness,200930.929.5*,,28.5
36,Navios Lumen,200927.527.5,,74.8*
37,Navios Stellar,200997.462.7*,,64.1*
38,Navios Phoenix,200928.227.4,,70.6*
39,Navios Antares,201029.627.6*,,28.5
40,Navios Etoile,201066.945.4*,,47.8*
