,Unnamed: 0,2019,Unnamed: 1,2018,Unnamed: 2,2017,Unnamed: 3,Unnamed: 4
0,Revenues:,,,,,,,
1,Product,,61  %,,60  %,,56,%
2,Software maintenance,,15,,15,,16,
3,Hardware maintenance and other services,,24,,25,,28,
4,Net revenues,,100,,100,,100,
5,Cost of revenues:,,,,,,,
6,Cost of product,,29,,29,,29,
7,Cost of software maintenance,,1,,—,,1,
8,Cost of hardware maintenance and other services,,7,,8,,9,
9,Gross profit,,64,,63,,61,
10,Operating expenses:,,,,,,,
11,Sales and marketing,,27,,29,,30,
12,Research and development,,13,,13,,14,
13,General and administrative,,5,,5,,5,
14,Restructuring charges,,1,,—,,1,
15,Gain on sale or derecognition of assets,,(1 ),,(4 ),,—,
16,Total operating expenses,,44,,43,,50,
17,Income from operations,,20,,20,,11,
18,"Other income, net",,1,,1,,—,
19,Income before income taxes,,21,,20,,11,
20,Provision for income taxes,,2,,18,,3,
21,Net income,,19  %,,2  %,,9,%
