,Exhibit No,Description,Form,File No.,Exhibit,Filing Date
0,,,,,,
1,10.48,First Amendment to Agreement of Purchase,10-Q,000-27130,10.3,"November 29,"
2,,and Sale and Joint Escrow Instructions dated,,,,2017
3,,"as of October 2, 2017, by and between the",,,,
4,,Company and Google LLC.,,,,
5,,,,,,
6,10.49,Second Amendment to Agreement of,10-Q,000-27130,10.4,"November 29,"
7,,Purchase and Sale and Joint Escrow,,,,2017
8,,"Instructions dated as of October 25, 2017, by",,,,
9,,and between the Company and Google LLC.,,,,
10,,,,,,
11,10.5,Third Amendment to Agreement of Purchase,10-Q,000-27130,10.1,"February 22, 2018"
12,,and Sale and Joint Escrow Instructions dated,,,,
13,,"as of October 31, 2017, by and between the",,,,
14,,Company and Google LLC.,,,,
15,,,,,,
16,10.51,Fourth Amendment to Agreement of,10-Q,000-27130,10.2,"February 22, 2018"
17,,Purchase and Sale and Joint Escrow,,,,
18,,"Instructions dated as of November 2, 2017,",,,,
19,,by and between the Company and Google,,,,
20,,LLC.,,,,
21,,,,,,
22,10.52,Fifth Amendment to Agreement of Purchase,10-Q,000-27130,10.3,"February 22, 2018"
23,,and Sale and Joint Escrow Instructions dated,,,,
24,,"as of November 8, 2017, by and between the",,,,
25,,Company and Google LLC.,,,,
26,,,,,,
27,10.53,Sixth Amendment to Agreement of Purchase,10-Q,000-27130,10.4,"February 22, 2018"
28,,and Sale and Joint Escrow Instructions dated,,,,
29,,"as of November 10, 2017, by and between",,,,
30,,the Company and Google LLC.,,,,
31,,,,,,
32,10.54,Seventh Amendment to the Agreement of,—,—,—,—
33,,Purchase and Sale and Joint Escrow,,,,
34,,"Instructions dated as of March 15, 2019 by",,,,
35,,and between the Company and Google LLC.,,,,
36,,,,,,
37,21.1,Subsidiaries of the Company.,—,—,—,—
38,,,,,,
39,23.1,Consent of Independent Registered Public,—,—,—,—
40,,Accounting Firm.,,,,
41,,,,,,
42,24.1,Power of Attorney (see signature page).,—,—,—,—
43,,,,,,
44,31.1,Certification of the Chief Executive Officer,—,—,—,—
45,,pursuant to Section 302(a) of the Sarbanes-,,,,
46,,Oxley Act of 2002.,,,,
47,,,,,,
48,31.2,Certification of the Chief Financial Officer,—,—,—,—
49,,pursuant to Section 302(a) of the Sarbanes-,,,,
50,,Oxley Act of 2002.,,,,
51,,,,,,
52,32.1,Certification of Chief Executive Officer,—,—,—,—
53,,"pursuant to 18 U.S.C. Section 1350, as",,,,
54,,adopted pursuant to section 906 of the,,,,
55,,Sarbanes-Oxley Act of 2002.,,,,
