,"regulations limit the use of lead in electronic components. To our knowledge, we maintain compliance with all applicable current government regulations"
0,"concerning the materials utilized in our products, for all the locations in which we operate. Since we operate on a global basis, this is a complex process which"
1,requires continual monitoring of regulations and an ongoing compliance process to ensure that we and our suppliers are in compliance with all existing regulations.
2,There are areas where new regulations have been enacted which could increase our cost of the components that we utilize or require us to expend additional
3,"resources to ensure compliance. For example, the SEC's “conflict minerals” rules apply to our business, and we are expending significant resources to ensure"
4,"compliance. The implementation of these requirements by government regulators and our partners and/or customers could adversely affect the sourcing,"
5,"availability, and pricing of minerals used in the manufacture of certain components used in our products. In addition, the supply-chain due diligence investigation"
