,Unnamed: 0,Unnamed: 1,2019,Unnamed: 2,2018,2017,Unnamed: 3,2016,Unnamed: 4,2015
0,,,,,,(In thousands),,,,
1,"Cash, cash equivalents and short-term investments",$,"195,707",$,"274,364","$ 329,653",$,"365,728",$,"278,230"
2,Working capital - continuing operations,$,"445,718",$,"473,907","$ 478,766",$,"551,228",$,"475,365"
3,Working capital - discontinued operations,,—,,—,"112,462",,"54,904",,"30,006"
4,Working capital,$,"445,718",$,"473,907","$ 591,228",$,"606,132",$,"505,371"
5,Total assets - continuing operations,$,"955,813",$,"1,043,376","$ 924,313",$,"1,009,946",$,"957,743"
6,Total assets - discontinued operations,,—,,—,"284,251",,"174,510",,"92,826"
7,Total assets,$,"955,813",$,"1,043,376","$ 1,208,564",$,"1,184,456",$,"1,050,569"
8,Total current liabilities - continuing operations,$,"298,391",$,"383,992","$ 293,773",$,"278,640",$,"283,328"
9,Total current liabilities - discontinued operations,,—,,—,"130,663",,"78,013",,"32,444"
10,Total current liabilities,$,"298,391",$,"383,992","$ 424,436",$,"356,653",$,"315,772"
11,Total non-current liabilities - continuing operations,$,"48,729",$,"31,832","$ 40,310",$,"23,986",$,"23,032"
12,Total non-current liabilities - discontinued operations,,—,,—,"13,333",,"6,998",,"3,055"
13,Total non-current liabilities,$,"48,729",$,"31,832","$ 53,643",$,"30,984",$,"26,087"
14,Total stockholders' equity,$,"608,693",$,"627,552","$ 730,485",$,"796,819",$,"708,710"
