,Unnamed: 0,Unnamed: 1,2019,2018
0,Current,,,
1,State and local $,,"50,000 $","82,000"
2,Federal,,"(197,000)","2,226,000"
3,Total Current Tax Expense $,,"(147,000)  $","2,308,000"
4,,,,
5,Deferred,,,
6,State and local,,―,―
7,Federal,,"168,000",―
8,Total Deferred Tax Expense,,"168,000",―
9,,,,
10,Total Income Taxes $,,"21,000 $","2,308,000"
11,,,,
12,"components of deferred tax assets as of December 31, 2019 and 2018 consisted of the following:",,,
13,,,2019,2018
14,Deferred tax assets:,,,
15,Net operating loss carry forwards $,,"490,000 $",―
16,,,,
17,Stock options and restricted stock units,,,
18,not yet deducted for tax purposes,,―,"168,000"
19,,,,
20,Valuation Allowance,,"(490,000)",―
21,,,,
22,Total deferred tax assets $,,― $,"168,000"
23,"er 31, 2019, the Company had net operating loss carryforwards (NOLs) totaling approximately $2,332,000 that under the Tax Act do not exp",,,
24,"ny’s recent losses and uncertainty of future operating results, management determined that all of the NOL was not likely to be utilized at De",,,
25,"nt that the Company earns income in the future, it will report income tax expense and such expense attributable to federal income taxes will re",,,
26,benefit asset reflected on the balance sheet.  Management will continue to evaluate the recoverability of the NOL and adjust the,,,
27,ly.  Utilization of NOL credit carryforwards can be subject to a substantial annual limitation due to ownership change limitations that could o,,,
28,"by Section 382 of the Internal Revenue Code of 1986, as amended, as well as similar state provisions.",,,
29,iliation between the taxes as shown and the amount that would be computed by applying the statutory federal income tax rate to the net inco,,,
30,follows:,,,
31,,,Years Ended,
32,,,"December 31,",
33,,2019.0,,2018
34,,,,
35,Income tax - statutory rate,,21.0%,21.0%
36,"State and local, net",,(2.82)%,1.75%
37,Adjustment of tax liability,,11.11%,―
38,Net deferred tax provision,,(2.85)%,―
39,Other,,0.01%,0.30%
40,Valuation allowance on deferred tax assets,,(27.63)%,―
41,Total,,(1.18)%,23.05%
