,2019,Unnamed: 0,Unnamed: 1,Unnamed: 2,Unnamed: 3,Unnamed: 4,Unnamed: 5,Unnamed: 6,Unnamed: 7,Unnamed: 8
0,U.S.,$,,"3,724",$,,85 $,,,"10,176"
1,"North and South America, excluding the U.S.",,,551,,,(104),,,297
2,United Kingdom,,,208,,,(110),,,120
3,"Other Europe, Middle East & Africa",,,"1,179",,,(26),,,578
4,Asia Pacific,,,836,,,62,,,169
5,Total,$,,"6,498",$,,(93) $,,,"11,340"
6,,,,,,Operating,,,Long-,
7,,,,,,Income/,,,lived,
8,(IN MILLIONS),,Revenues(1),,,(Loss),,,Assets(2),
9,2018,,,,,,,,,
10,U.S.,$,,"3,697",$,,31 $,,,"10,806"
11,"North and South America, excluding the U.S.",,,569,,,(226),,,523
12,United Kingdom,,,192,,,(130),,,153
13,"Other Europe, Middle East & Africa",,,"1,217",,,(157),,,734
14,Asia Pacific,,,840,,,7,,,263
15,Total,$,,"6,515",$,,(475) $,,,"12,479"
16,,,,,,Operating,,,,
17,,,,,,Income/,,,,
18,(IN MILLIONS),,Revenues(1),,,(Loss),,,,
19,2017,,,,,,,,,
20,U.S.,$,,"3,730",$,,743,,,
