,Asset Category,Unnamed: 0,Level 1,Unnamed: 1,Level 2,Unnamed: 2,Level 3,Unnamed: 3,Unnamed: 4,Total,Unnamed: 5,Unnamed: 6,Level 1.1,Unnamed: 7,Level 2.1,Unnamed: 8,Level 3.1,Unnamed: 9,Total.1
0,Cash and equivalents,$,11,$,—,$,—,,$,11.0,,$,30,$,—,$,—,$,30.0
1,Equity securities – U.S.,,75,,4,,—,,,79.0,,,53,,10,,—,,63.0
2,Equity securities – Global.,,36,,115,,—,,,151.0,,,37,,206,,—,,243.0
3,Equity securities – non-U.S.,,9,,80,,—,,,89.0,,,9,,68,,—,,77.0
4,Real estate,,—,,—,,22,,,22.0,,,—,,—,,42,,42.0
5,Corporate bonds,,112,,80,,—,,,192.0,,,100,,270,,—,,370.0
6,"Debt issued by national, state or",,,,,,,,,,,,,,,,,,
7,local government,,38,,39,,—,,,77.0,,,31,,194,,—,,225.0
8,Other,,—,,6,,—,,,6.0,,,—,,2,,132,,134.0
