,"Balance, end of year December 31, 2017",$,47,$.1,149,$.2,196
0,Actual return on plan assets:,,,,,,
1,(Sales)/investments,,(4),,(8),,(12)
2,Unrealized gains,,—,,(1),,(1)
3,Effect of foreign currency translation,,(1),,(8),,(9)
4,"Balance, end of year December 31, 2018",$,42,$,132,$,174
5,Actual return on plan assets:,,,,,,
6,(Sales)/Investments,,(2),,—,,(2)
7,Settlements,,(18),,(130),,(148)
8,Unrealized losses,,—,,—,,—
9,Effect of foreign currency translation,,—,,(2),,(2)
10,"Balance, end of year December 31, 2019",$,22,$,—,$,22
