,Unnamed: 0,Estimated,Weighted,Unnamed: 1,"December 31,",Unnamed: 2,"December 31,.1",Unnamed: 3,"December 31,.2","December 31,.3"
0,(IN MILLIONS),Useful Lives,Average,,2019,,2018,,2019,2018
1,Indefinite-lived intangibles:,,,,,,,,,
2,Trade names and trademarks,,,$,"1,921",$,"1,921",$,—,$ —
3,Amortized intangibles:,,,,,,,,,
4,Trade names and trademarks,5-20 years,12 years,,144,,140,,(109),(102)
5,Customer-related intangibles,6-25 years,21 years,,"3,153",,"3,145",,"(1,764)","(1,604)"
6,Covenants-not-to-compete,1-7 years,3 years,,37,,39,,(36),(38)
7,Content databases,12-16 years,12 years,,168,,167,,(40),(26)
8,Computer software,3-10 years,5 years,,"2,626",,"3,029",,"(1,260)","(1,694)"
9,Patents and other,3-10 years,6 years,,182,,173,,(141),(126)
10,Total,,,$,"6,310",$,"6,693",$,"(3,350)","$ (3,590)"
