,"Balance December 31, 2018",$,(779),$.1,11,$.2,(342),$.3,"(1,110"
0,Other comprehensive income/(loss) before reclassifications,$,5,$,(23),$,(42),$,(60
1,Amounts reclassified from accumulated other comprehensive,,,,,,,,
2,(income)/loss,,—,,(7),,174,,167
3,Net current period other comprehensive income/(loss),,5,,(30),,132,,107
4,Net current period other comprehensive income/(loss),,,,,,,,
5,attributable to noncontrolling interest,,2,,—,,—,,2
6,Net current period other comprehensive income/(loss),,,,,,,,
7,attributable to Nielsen shareholders,,3,,(30),,132,,105
8,"Balance December 31, 2019",$,(776),$,(19),$,(210),$,"(1,005"
