,Unnamed: 0,"incorporated by reference to Exhibit 4.5 to the Company's annual report on Form 20-F for the fiscal year ended December 31, 2009 filed with the Securities and"
0,,"Exchange Commission on May 24, 2010."
1,,
2,4.8,"Amendment to Restated Management Agreement dated July 1, 2010, between Scandic American Shipping Ltd. and Nordic American Tanker Shipping Limited"
3,,"incorporated by reference to Exhibit 4.8 to the Company's annual report on Form 20-F filed with the Securities and Exchange Commission on April 17, 2012."
4,,
5,4.9,"Amendment to Restated Management Agreement dated December 1, 2011 between Scandic American Shipping Ltd. and Nordic American Tankers Limited"
6,,"incorporated by reference to Exhibit 4.9 to the Company's annual report on Form 20-F filed with the Securities and Exchange Commission on April 17, 2012."
7,,
8,4.1,"Amendment to Restated Management Agreement dated January 10, 2013 between Scandic American Shipping Ltd. and Nordic American Tankers Limited incorporated"
9,,"by reference to Exhibit 4.14 to the Company's annual report on Form 20-F for the fiscal year ended December 31, 2012 filed with the Securities and Exchange"
10,,"Commission on March 19, 2013."
11,,
12,4.11,Amended and Restated 2011 Equity Incentive Plan.
13,,
14,4.12,"Facility Agreement USD500,000,000 Revolving Credit Facility by and among Nordic American Tankers Limited as Borrower, arranged by DNB Bank ASA, Nordea Bank"
15,,"Norge ASA and Skandinaviska Enskilda Banken AB dated October 26, 2012 as amended and restated by an amendment and restatement agreement dated December"
16,,"16, 2015, incorporated by reference to Form 6-K filed with the Securities and Exchange Commission on November 30, 2018."
17,,
18,4.13,"Waiver and Consent Letter dated May 4, 2018 from DNB Bank ASA to Nordic American Tankers Limited, incorporated by reference to Form 6-K filed with the"
19,,"Securities and Exchange Commission on November 30, 2018."
20,,
21,4.14,"Equity Distribution Agreement dated March 29, 2019, by and between Nordic American Tankers Limited and B. Riley FBR, Inc."
22,,
23,8.1,Subsidiaries of Nordic American Tankers Limited
