,Unnamed: 0,FY19 Severance and Change of Control Protections
0,Philosophy,Considerations Terms
1,• Attract and Retain Executives,• The employment of our NEOs • Executive Severance Plan
2,,"is ‘‘at will,’’ meaning we can"
3,Intended to ease an NEO’s,Provides for cash severance
4,,terminate them at any time
5,transition due to an unexpected,and other benefits where the
6,,and they can terminate their
7,employment termination or retain,individual’s employment is
8,,employment with us at any
9,an NEO through a change in,terminated without cause
10,,time.
11,control event.,outside of the change in
12,,"• Severance arrangements control context, contingent on"
13,• Align Interests with Stockholders,
14,,should be designed to: a release.
15,Mitigate any potential employer,(i) provide reasonable
16,,• Executive Retention Plan
17,liability and avoid future disputes,compensation to executive
18,or litigation; retain and encourage,officers who leave our Provides for double trigger
19,our NEOs to remain focused on,Company under certain acceleration of vesting of
20,our business and the interests of,circumstances to facilitate equity awards and cash
21,our stockholders when considering,their transition to new severance benefits where the
22,or implementing strategic,employment and (ii) require a individual’s employment is
23,alternatives.,"departing executive officer to terminated without cause, or"
24,,"sign a separation and release is constructively terminated,"
25,,agreement acceptable to us within 12 months after a
26,,"as a condition to receiving change in control, contingent"
27,,post-employment on a release; no ‘‘golden
28,,compensation payments or parachute’’ excise tax
29,,benefits. gross-ups.
30,,• ‘‘Double-trigger’’ provisions • Nicholas R. Noviello’s
31,,preserve morale and Transition Services
32,,"productivity, and encourage Agreement"
33,,executive retention in the
34,,Provides for certain transition
35,,event of a change of control.
36,,"and severance benefits,"
37,,• Transition or retention including continued vesting
