,Unnamed: 0,Unnamed: 1,2019,Unnamed: 2,2018,Unnamed: 3,Unnamed: 4,Unnamed: 5,2017,Unnamed: 6
0,United States,$,(308.2),$,,(181.8),,$,,(270.1)
1,Foreign,,584.8,,,936.8,,,,817.6
2,,$,276.6,$,,755.0,,$,,547.5
3,mpany's provision (benefit) for income taxes is as follows (in millions):,,,,,,,,,
4,,,,"Year ended December 31,",,,,,,
5,,,2019,,2018.0,,,,2017.0,
6,Current:,,,,,,,,,
7,Federal,$,1.2,$,,(2.0),,$,,26.3
8,State and local,,—,,,(2.2),,,,0.2
9,Foreign,,48.5,,,55.3,,,,53.1
10,,,49.7,,,51.1,,,,79.6
11,Deferred:,,,,,,,,,
12,Federal,,(5.0),,,99.4,,,,(356.3)
13,State and local,,—,,,—,,,,0.4
14,Foreign,,18.0,,,(25.4),,,,10.8
15,,,13.0,,,74.0,,,,(345.1)
16,Total provision (benefit),$,62.7,$,,125.1,,$,,(265.5)
