,10.11(b),Amendment No. 1 to Employment Agreement by and between Semiconductor Components
0,,"Industries, LLC and Bernard Gutmann, dated as of June 1, 2017 (incorporated by reference to"
1,,"Exhibit 10.2 to the Company’s Current Report on Form 8-K filed with the Commission on June 2,"
2,,2017)(2)
3,10.12(a),"Employment Agreement between Semiconductor Components Industries, LLC and William"
4,,"Schromm dated as of August 25, 2014 (incorporated by reference to Exhibit 10.1 to the Company’"
5,,"Current Report on Form 8-K filed with the Commission on August 25, 2014)(2)"
6,10.12(b),Amendment No. 1 to Employment Agreement by and between Semiconductor Components
7,,"Industries, LLC and William Schromm, dated as of June 1, 2017 (incorporated by reference to"
8,,"Exhibit 10.4 to the Company’s Current Report on Form 8-K filed with the Commission on June 2,"
9,,2017)(2)
10,10.13(a),"Employment Agreement between Semiconductor Components Industries, LLC and Paul Rolls"
11,,"dated as of July 14, 2013 (incorporated by reference to Exhibit 10.1 to the Company’s Quarterly"
12,,"Report on Form 10-Q filed with the Commission on May 4, 2015)(2)"
13,10.13(b),Amendment No. 1 to Employment Agreement by and between Semiconductor Components
14,,"Industries, LLC and Paul Rolls, effective June 1, 2017 (incorporated by reference to"
15,,Exhibit 10.21(b) to the Company’s Annual Report on Form 10-K filed with the Commission on
16,,"February 21, 2018)(2)"
17,10.14,Key Officer Severance and Change of Control Agreement by and between Semiconductor
18,,"Components Industries, LLC and Taner Ozcelik, dated as of June 1, 2017 (incorporated by"
19,,reference to Exhibit 10.22 to the Company’s Annual Report on Form 10-K filed with the
20,,"Commission on February 21, 2018)(2)"
21,10.15,"Employment Agreement by and between Semiconductor Components Industries, LLC and Vince"
22,,"Hopkin, dated as of May 11, 2018 (incorporated by reference to Exhibit 10.2 to the Company’s"
23,,"Quarterly Report on Form 10-Q filed with the Commission on July 30, 2018)(2)"
24,10.16,"Employment Agreement by and between Semiconductor Components Industries, LLC and Simon"
25,,"Keeton, dated January 1, 2019 (incorporated by reference to Exhibit 10.20 to the Company's"
26,,"Annual Report on Form 10-K filed with the Commission on February 20, 2019)(2)"
27,,
28,10.17,Form of Indemnification Agreement with Directors and Officers (incorporated by reference to
29,,Exhibit 10.1 to the Company’s Current Report on Form 8-K filed with the Commission on
30,,"February 25, 2016)(2)"
31,10.18(a),"Environmental Side Letter, dated March 11, 1997, between National Semiconductor Corporation"
32,,and Fairchild Semiconductor Corporation (incorporated by reference to Exhibit 10.19 to Fairchild
33,,"Semiconductor Corporation’s Registration Statement filed with the Commission on May 12, 1997"
34,,(File No. 333-26897))
35,10.18(b),"Intellectual Property License Agreement, dated April 13, 1999, between Samsung Electronics Co.,"
36,,"Ltd. and Fairchild Korea Semiconductor, Ltd. (incorporated by reference to Exhibit 10.41 to"
37,,"Fairchild Semiconductor International, Inc.’s Registration Statement filed with the Commission o"
38,,"June 30, 1999 (File No. 333-78557))"
39,10.18(c),Fairchild Benefit Restoration Plan (incorporated by reference to Exhibit 10.23 to Fairchild
40,,"Semiconductor Corporation’s Registration Statement filed with the Commission on May 12, 1997"
41,,(File No. 333-26897))(2)
42,10.18(d),"Technology Licensing and Transfer Agreement, dated March 11, 1997, between National"
43,,Semiconductor Corporation and Fairchild Semiconductor Corporation (incorporated by reference t
44,,"Amendment No. 3 to Fairchild Semiconductor Corporation’s Registration Statement on Form S-4,"
45,,"filed July 9, 1997 (File No. 333-28697))"
46,10.18(e),"Intellectual Property Assignment and License Agreement, dated December 29, 1997, between"
47,,"Raytheon Semiconductor, Inc. and Raytheon Company (incorporated by reference to Fairchild"
48,,"Semiconductor International, Inc.’s Current Report on Form 8-K, dated December 31, 1997, filed"
49,,"January 13, 1998. (File No. 333-26897))"
50,,"Asset Purchase Agreement, dated as of April 22, 2019, between GLOBALFOUNDRIES U.S. Inc."
51,,"and Semiconductor Components Industries, LLC (incorporated by reference to Exhibit 10.1 to the"
52,10.19,"Company’s Quarterly Report on Form 10-Q filed with the Commission on August 5, 2019)†"
53,,"Settlement Agreement, dated October 19, 2019, by and between ON Semiconductor Corporation"
54,10.20,"and Power Integrations, Inc.(1)"
