,Performance Obligation,When Performance Obligation is Typically Satisfied
0,License revenue:,
1,"Software licenses (Perpetual,Term, Subscription)",When software activation keys have been made available for
2,,download (point in time)
3,Cloud services and subscriptions revenue:,
4,Outsourced Professional Services,As the services are provided (over time)
5,Managed Services / Ongoing Hosting,"Over the contract term, beginning on the date that service is made"
6,,"available (i.e. ""Go live"") to the customer (over time)"
7,Customer support revenue:,
8,When and if available updates and upgrades and,Ratable over the course of the service term (over time)
9,technical support,
10,Professional service and other revenue:,
11,Professional services,As the services are provided (over time)
