,•,"our belief that our acquisitions enhance the products and services that we can offer to customers, expand our customer base, provide greater scale"
0,,"to accelerate innovation, grow our revenues and earnings, and increase stockholder value;"
1,•,"our expectation that, on a constant currency basis, our total cloud and license revenues generally will continue to increase due to expected growth in"
2,,"our cloud services and our license support offerings, continued demand for our cloud license and on-premise license offerings, and contributions"
3,,from acquisitions;
4,•,"our belief that our Oracle Cloud Software-as-a-Service and Infrastructure-as-a-Service (SaaS and IaaS, respectively, and collectively, Oracle Cloud"
5,,"Services) offerings are opportunities for us to expand our cloud and license business, and that demand for our Oracle Cloud Services will continue to"
6,,increase;
7,•,our belief that we can market and sell our SaaS and IaaS offerings together to help customers migrate their extensive installed base of on-premise
8,,applications and infrastructure technologies to the Oracle Cloud while at the same time reaching a broader ecosystem of developers and partners;
9,•,our belief that we can market our SaaS and IaaS services to small and medium-sized businesses and non-IT lines of business purchasers;
10,•,our expectation that substantially all of our customers will renew their license support contracts annually;
11,•,our belief that our cloud ErP offerings drive adoption of our other SaaS offerings as our customers realize benefits of a common data model utilized
12,,across our SaaS offerings;
13,•,"our expectations regarding the performance of our Oracle Autonomous Database, including its ability to reduce customer downtime and cost;"
14,•,our expectation that our hardware business will have lower operating margins as a percentage of revenues than our cloud and license business;
15,•,"our expectation that we will continue to make significant investments in research and development, and our belief that research and development"
16,,efforts are essential to maintaining our competitive position;
17,•,our expectation that our international operations will continue to provide a significant portion of our total revenues and expenses;
18,•,"the sufficiency of our sources of funding for working capital, capital expenditures, contractual obligations, acquisitions, dividends, stock repurchases,"
