,Unnamed: 0,Unnamed: 1,hedges,Unnamed: 2,plans),Unnamed: 3,Unnamed: 4,Total,Unnamed: 5
0,"Balance as of December 31, 2018",$,—,$,,"(7,192)",$,,"(7,192)"
1,"Current period change, excluding amounts reclassified from",,,,,,,,
2,accumulated other comprehensive loss,,—,,,501,,,501
3,Amounts reclassified from accumulated other,,,,,,,,
4,comprehensive loss,,—,,,282,,,282
5,Total change in accumulated other comprehensive loss,,—,,,783,,,783
6,"Balance as of December 31, 2019",$,—,$,,"(6,409)",$,,"(6,409)"
7,,,,,,,,,
8,"Balance as of December 31, 2017",$,(112),$,,"(6,350)",$,,"(6,462)"
9,"Current period change, excluding amounts reclassified from",,,,,,,,
10,accumulated other comprehensive loss,,—,,,300,,,300
11,Amounts reclassified from accumulated other,,,,,,,,
12,comprehensive loss,,112,,,341,,,453
13,Adoption of accounting standard - reclassification,,,,,,,,
14,adjustment to retained earnings,,—,,,"(1,483)",,,"(1,483)"
15,Total change in accumulated other comprehensive loss,,112,,,(842),,,(730)
16,"Balance as of December 31, 2018",$,—,$,,"(7,192)",$,,"(7,192)"
17,,,,,,,,,
18,The following table presents information with respect to amounts reclassified out of accumulated other comprehensive loss for th,,,,,,,,
19,"two years ended December 31, 2019.",,,,,,,,
20,,,,,,,,,
21,,,,,,,,Statement of,
22,,,"Years Ended December 31,",,,,,Operations,
23,Accumulated Other Comprehensive Loss Component,,2019,,2018,,,Line Item,
24,Unrealized losses on cash flow hedges:,,,,,,,,
25,Interest rate caps entered into by the Company’s subsidiaries,,—,,,(181),Interest expense,,
26,,,,,,,,,
27,Items not yet recognized as a component of net periodic benefit,,,,,,,,
28,cost (pension and other postretirement plans):,,,,,,,,
29,Net periodic benefit costs associated with pension and,,,,,,Other income/,,
30,postretirement benefit plans for shore-based employees,,(570),,,(465),"(expense), net",,
31,,,,,,,,,
32,Net periodic benefit costs associated with pension and,,,,,,Other income/,,
33,postretirement benefit plans for seagoing employees,,200,,,166,"(expense), net",,
34,,,(370),,,(480),Total before tax,,
35,,,652,,,933,Tax provision,,
36,,,$ 282,,$,453,Total net of tax,,
