,Unnamed: 0,Unnamed: 1,Unnamed: 2,2019,Unnamed: 3,Unnamed: 4,Unnamed: 5,2018,Unnamed: 6
0,,,Spot,,Fixed,,Spot,,Fixed
1,,,Earnings,,Earnings,,Earnings,,Earnings
2,Jones Act Handysize Product Carriers:,,,,,,,,
3,Average rate,$,"25,036",$,"57,910",$,"31,254",$,"60,252"
4,Revenue days,,523,,"4,052",,"1,142",,"3,141"
5,Non-Jones Act Handysize Product Carriers:,,,,,,,,
6,Average rate,$,"30,671",$,"13,912",$,"25,925",$,"12,097"
7,Revenue days,,482,,417,,707,,3
8,ATBs:,,,,,,,,
9,Average rate,$,"19,117",$,"21,861",$,"15,333",$,"22,207"
10,Revenue days,,255,,773,,990,,998
11,Lightering:,,,,,,,,
12,Average rate,$,"63,162",$,—,$,"66,041",$,—
13,Revenue days,,713,,—,,697,,—
