,Unnamed: 0,(in thousands),Value at Date of Grant,Unnamed: 1,(in thousands).1
0,"Units outstanding as of October 1, 2016","1,022",$ 41.49,,
1,Granted,397,54.21,,
2,Canceled,(22),41.17,,
3,Vested,(329),43.76,,
4,"Units outstanding as of September 30, 2017","1,068",$ 45.97,,
5,Granted,331,61.88,,
6,Canceled,(42),46.74,,
7,Vested,(324),45.48,,
8,"Units outstanding as of September 29, 2018","1,033",$ 51.19,,
9,Granted,375,55.76,,
10,Canceled,(38),54.03,,
11,Vested,(408),41.51,,
12,"Units outstanding as of September 28, 2019",962,$ 56.97,$,"60,193"
