,"onciliation of cash, cash equivalents and restricted cash",Unnamed: 0,Unnamed: 1,Unnamed: 2,Unnamed: 3,Unnamed: 4,Unnamed: 5
0,s shown in the consolidated statement of cash flows,,,,,,
1,Cash and cash equivalents,$,"847,555",$,"185,392",$,"286,072"
2,Restricted cash included in prepaid expenses and other,,,,,,
3,current assets,,"3,734",,283,,315
4,Restricted cash included in other non-current assets,,"6,618",,477,,273
5,"Total cash, cash equivalents and restricted cash",$,"857,907",$,"186,152",$,"286,660"
