,Unnamed: 0,Unnamed: 1,2019,Unnamed: 2,2018
0,,,,,
1,CASH FLOWS FROM OPERATING ACTIVITIES,,,,
2,Net Loss,$,"(1,750,911)",$,"(2,557,531)"
3,Adjustments to reconcile net loss to net cash used in operating activities,,,,
4,Depreciation expense,,339,,347
5,Stock based compensation,,"797,761",,"1,130,071"
6,Change in fair value of the derivative liability,,"(343,857)",,"250,241"
7,Gain on sale of marketable securities,,"(4,435)",,"(4,047)"
8,Amortization of debt discount,,"11,370",,-
9,Loss on settlement of accounts payable,,"99,541",,-
10,Changes in operating assets and liabilities,,,,
11,Prepaid expenses,,"40,044",,"11,143"
12,Accounts payable and accrued expenses,,"662,158",,"98,588"
13,,,,,
14,NET CASH USED IN OPERATING ACTIVITIES,,"(487,990)",,"(1,071,188)"
15,,,,,
16,CASH FLOWS FROM INVESTING ACTIVITIES,,,,
17,,,,,
18,Sale of marketable securities,,"250,000",,"3,790,000"
19,Purchase of marketable securities,,-,,"(2,744,338)"
20,,,,,
21,NET CASH PROVIDED BY INVESTING ACTIVITIES,,"250,000",,"1,045,662"
22,,,,,
23,CASH FLOWS FROM FINANCING ACTIVITIES,,,,
24,,,,,
25,Proceeds from convertible notes,,"420,000",,-
26,Proceeds from convertible notes - related party,,"250,000",,-
27,,,,,
28,NET CASH PROVIDED BY FINANCING ACTIVITIES,,"670,000",,-
29,,,,,
30,Effect of exchange rate on cash and cash equivalents,,"4,127",,"(11,675)"
31,,,,,
32,NET INCREASE (DECREASE) IN CASH AND CASH EQUIVALENTS,,"436,137",,"(37,201)"
33,,,,,
34,"CASH AND CASH EQUIVALENTS, BEGINNING OF PERIOD",,"362,486",,"399,687"
35,,,,,
36,"CASH AND CASH EQUIVALENTS, END OF PERIOD",$,"798,623",$,"362,486"
37,,,,,
38,SUPPLEMENTAL DISCLOSURES OF CASH FLOW INFORMATION,,,,
39,Cash paid for interest expense,$,-,$,-
40,Cash paid for income taxes,$,-,$,-
41,,,,,
42,NONCASH FINANCING AND INVESTING TRANSACTIONS,,,,
43,Unrealized (gain) loss on marketable securities,$,"4,823",$,"(6,250)"
44,Debt discount from beneficial conversion feature,$,"252,000",$,-
45,Debt discount from beneficial conversion feature - related party,$,"150,000",$,-
46,Issuance of options for settlement of accounts payable,$,"29,950",$,-
