,"Corporation, plc, which he successfully restructured. Prior to Agenus Inc., Dr. Armen established Armen Partners, a money management firm specializing in biotechnology and"
0,"pharmaceutical companies and was the architect of the widely publicized creation of the Immunex Lederle oncology business in 1993. Earlier, he was a senior vice president of"
1,"research at Dean Witter Reynolds, having begun his career on Wall Street as an analyst and investment banker at EF Hutton. In 2002, Dr. Armen founded the Children of"
2,"Armenia Fund, a nonprofit organization dedicated to significantly rebuilding and revitalizing impoverished rural Armenian towns to provide immediate and sustainable benefits"
3,"to children and youth. He received the Ellis Island Medal of Honor in 2004 for his humanitarian efforts, and received the Sabin Humanitarian Award from the Sabin Vaccine"
4,Institute in 2006 for his achievements in biotechnology and progressing medical research. Dr. Armen was also the Ernst & Young 2002 New York City Biotechnology
5,"Entrepreneur of the Year, and received a Wings of Hope Award in 2005 from The Melanoma Research Foundation for his ongoing commitment to the melanoma community. Dr."
6,"Armen received a PhD in physical chemistry from the Graduate Center, City University of New York, after which he worked as a research fellow at Brookhaven National"
