,Unnamed: 0,Unnamed: 1,Unnamed: 2,Unnamed: 3,Unnamed: 4,than historical volatility.,Unnamed: 5,Unnamed: 6
0,Outstanding as of,,,,,,,
1,"March 31,",,,,,,,
2,2018,"2,623",$20.06,,,The dividend yield assumption is,based on,the
3,,,,,,Company’s history and expectation of,future dividend,
4,Granted,—,—,,,,,
5,,,,,,payouts and may be subject to change,in the future.,
6,Exercised,(727),$19.25,,,,,
7,,,,,,The Company has never paid a dividend.,,
8,Canceled,(8),$16.82,,,,,
9,Forfeited,(2),$56.91,,,,,
10,,,,,,The expected life of employee,stock options,
11,Outstanding as of,,,,,represents the weighted-average period that the stock,,
12,"March 30,",,,,,,,
13,2019,"1,886",$20.36,2.98,"$96,925",options are expected to remain outstanding.,,The
14,,,,,,Company’s method of calculating the expected term of,,
15,Vested and,,,,,,,
16,expected to,,,,,an option assumes that all outstanding options will be,,
17,vest as of,,,,,exercised at the midpoint of the current date and full,,
18,"March 30,",,,,,,,
19,,,,,,"contractual term, combined with the average life of all",,
20,2019,"1,886",$20.36,2.98,"$96,925",,,
21,,,,,,options that have been exercised or,canceled.,The
22,Options,,,,,,,
23,exercisable as,,,,,Company believes that this method provides a better,,
24,"of March 30,",,,,,estimate of the future expected life based on analysis,,
