,Operating lease costs:,Unnamed: 0,Unnamed: 1,Unnamed: 2
0,Fixed  $,,,757
1,Variable,,,-
2,Short term,,,40
3,Total,,,797
4,Finance lease costs:,,,
5,Amortization of ROU asset,,,388
6,Interest,,,18
7,Total  $,,,406
8,The following table provides the details of supplemental cash flow information (in thousands):,,,
9,,,,
10,,Fiscal Year Ended,,
11,,"December 29, 2019",,
12,Cash paid for amounts included in the measurement of lease liabilities:,,,
13,Operating cash flows used for operating leases $,,,791
14,Operating cash flows used for finance leases,,,24
15,Financing cash flows used for financing leases,,,365
16,Total $,,,"1,180"
17,Right-of-use assets obtained in exchange for obligations:,,,
18,Operating leases $,,,"2,200"
19,Finance leases,,,170
20,Total $,,,"2,370"
21,,,,
22,"The following table provides the details of right-of-use assets and lease liabilities as of December 29, 2019 (in thousands):",,,
23,,,,
24,,,,
25,,"December 29, 2019",,
26,Right-of-use assets:,,,
27,Operating leases $,,,"2,200"
28,Finance leases,,,170
29,Total $,,,"2,370"
30,Lease liabilities:,,,
31,Operating leases,,,"1,816"
32,Finance leases,,,471
33,Total $,,,"2,287"
34,,,,
35,,,,
36,"The following table provides the details of future lease payments for operating and finance leases as of December 29, 2019 (in thousands):",,,
37,,,,
38,Annual Fiscal Years Operating,,Finance,
39,2020 $ 611,$,,214
40,2021 493,,,150
41,2022 409,,,150
42,2023 421,,,—
43,2024 106,,,—
44,"Total lease payments 2,040",,,514
45,Less: Interest (224 ),,,(43 )
46,"Present value of lease liabilities $ 1,816",$,,471
