,Exhibit,Unnamed: 0,Unnamed: 1,Unnamed: 2,Unnamed: 3,Filing,Filed
0,Number,Exhibit Description,Form,File No.,Exhibit,Date,Herewith
1,3.1,Amended and Restated Certificate of Incorporation of the,10-K,001-36331,3.1,3/11/2016,
2,,"Registrant, as amended effective October 20, 2015.",,,,,
3,3.2,Amended and Restated Bylaws of the Registrant.,8-K,001-36331,3.2,10/6/2015,
4,4.1,Form of Registrant’s Common Stock Certificate.,S-1/A,333-193692,4.1,2/25/2014,
5,4.2,Eighth Amended and Restated Investors’ Rights Agreement,S-1,333-193692,4.2,1/31/2014,
6,,"among the Registrant and certain holders of its capital stock,",,,,,
7,,"dated June 1, 2011.",,,,,
8,4.3,"Indenture, dated November 17, 2017, between Quotient",8-K,001-36331,4.1,11/17/2017,
9,,"Technology, Inc. and U.S. Bank National Association",,,,,
10,4.4,Form of 1.75% Convertible Senior Note due 2022 (included in,8-K,001-36331,4.1,11/17/2017,
11,,Exhibit 4.3),,,,,
12,4.5,Description of the Registrant’s Securities Registered Pursuant to,,,,,
13,,,,,,,X
14,,Section 12 of the Securities Exchange Act of 1934,,,,,
15,10.1†,Form of Indemnification Agreement for directors and officers.,S-1/A,333-193692,10.1,2/14/2014,
16,10.2†,"2000 Stock Plan, as amended, and forms of agreement",S-1,333-193692,10.2,1/31/2014,
17,,thereunder.,,,,,
18,10.3†,"2006 Stock Plan, as amended, and forms of agreement",S-1,333-193692,10.3,1/31/2014,
19,,thereunder.,,,,,
20,10.4†,2013 Equity Incentive Plan.,S-1,333-193692,10.4,1/31/2014,
21,10.5†,Form of Restricted Stock Unit Agreement,10-Q,001-36331,10.6,11/8/2016,
22,10.6†,Form of Restricted Stock Unit Agreement for Non-Employee,10-Q,001-36331,10.1,11/3/2017,
23,,Directors,,,,,
24,10.7†,Form of Option Agreement for Employees,10-Q,001-36331,10.7,11/8/2016,
25,10.8†,Form of Option Agreement for Non-Employee Directors,10-Q,001-36331,10.8,11/8/2016,
26,10.9†,Notice of Grant of Restricted Stock Units for Employees,10-Q,001-36331,10.1,11/9/2018,
27,10.10†,Notice of Grant of Restricted Stock Units for Non-Employee,10-Q,001-36331,10.2,11/3/2017,
28,,Directors – Initial Award,,,,,
29,10.11†,Notice of Grant of Restricted Stock Units for Non-Employee,10-Q,001-36331,10.3,11/3/2017,
30,,Directors – Annual Grant,,,,,
31,10.12†,"Amended and Restated 2013 Employee Stock Purchase Plan,",10-Q,001-36331,10.1,5/5/2017,
32,,"dated April 25, 2017",,,,,
33,10.13†,Executive Bonus Plan,S-1,333-193692,10.9,2/25/2014,
34,10.14†,"Employment Offer Letter between the Registrant and Mir Aamir,",S-1/A,333-193692,10.6,2/25/2014,
35,,"dated February 18, 2014.",,,,,
36,10.15†,"Mir Aamir Consulting Agreement, dated August 27, 2019",10-Q,001-36331,10.1,11/8/2019,
37,10.16†,"Offer Letter of Employment with Ronald J. Fior, dated July 25,",10-Q,001-36331,10.2,11/8/2016,
38,,2016,,,,,
39,10.17†,"Offer Letter of Employment with Scott Raskin, dated August 5,",10-Q,001-36331,10.2,11/8/2019,
40,,2019,,,,,
41,10.18†,"Offer Letter of Employment with Pam Strayer, dated October 31,",,,,,
42,,,,,,,X
43,,2019,,,,,
44,10.19†,"Transition Agreement, by and between the Registrant and",10-K,001-36331,10.8,3/11/2016,
45,,"Richard Hornstein, dated January 4, 2016.",,,,,
