,REVENUES,$,"735,000",$.1,"524,000"
0,OPERATING EXPENSES,,,,
1,Research and development,,"18,854,000",,"14,271,000"
2,"Sales, marketing and administration",,"12,040,000",,"11,546,000"
3,TOTAL OPERATING EXPENSES,,"30,894,000",,"25,817,000"
4,NET OPERATING LOSS,,"(30,159,000 )",,"(25,293,000 )"
5,OTHER INCOME (EXPENSE),,,,
6,Interest and investment income,,"253,000",,"481,000"
7,Other expense,,"(21,000 )",,"(3,000 )"
8,TOTAL OTHER INCOME (EXPENSE),,"232,000",,"478,000"
9,LOSS BEFORE INCOME TAXES,,"(29,927,000 )",,"(24,815,000 )"
10,Provision for income taxes,,"1,000",,"1,000"
11,NET LOSS,$,"(29,928,000 )",$,"(24,816,000 )"
12,,,,,
13,"Foreign currency translation adjustment, net of tax",$,"16,000",$,"(8,000 )"
14,COMPREHENSIVE LOSS,$,"(29,912,000 )",$,"(24,824,000 )"
15,,,,,
16,,,,,
17,NET LOSS PER SHARE - BASIC AND DILUTED,$,(1.02 ),$,(0.98 )
18,Weighted average shares outstanding — basic and diluted,,"29,409,776",,"25,290,426"
