,Unnamed: 0,Unnamed: 1,Unnamed: 2,Incorporated by Reference,Unnamed: 3,Unnamed: 4
0,Exhibit,,,,,Filed
1,Number Exhibit Description,,Form,File Number Exhibit,Filing Date,Herewith
2,Amended and Restated Certificate of Incorporation of3.1.1,,8-K,001-36467 3.1,6/5/2014,
3,the Registrant,,,,,
4,Certificate of Amendment to the Amended and Restated3.1.2,,8-K,001-36467 3.1,6/12/2019,
5,Certificate of Incorporation of the Registrant,,,,,
6,3.2 Amended and Restated Bylaws of the Registrant,,8-K,001-36467 3.2,6/5/2014,
7,4.1 Form of the Registrant’s common stock certificate,,S-1/A,333-193552 4.1,4/11/2014,
8,Amended and Restated Warrant to Purchase Common,,,,,
9,"Stock, dated November 15, 2013, issued by the4.2",,S-1,333-193552 10.25,1/24/2014,
10,Registrant in favor of MDB Capital Group LLC for,,,,,
11,"222,222 shares of common stock",,,,,
12,Amended and Restated Warrant to Purchase Common,,,,,
13,"Stock, dated November 15, 2013, issued by the4.3",,S-1,333-193552 10.26,1/24/2014,
14,Registrant in favor of MDB Capital Group LLC for a to-,,,,,
15,be-determined number of shares of common stock,,,,,
16,4.4 Form of Warrant issued to investors,,8-K,001-36467 10.3,9/29/2017,
17,"4.5 Placement Agent Warrant, dated September 28, 2017",,8-K,001-36467 10.4,9/29/2017,
18,"4.6 Placement Agent Warrant, dated October 2, 2017",,8-K,001-36467 10.1,10/3/2017,
19,Form of Indemnification Agreement between the,,,,,
20,10.1* Registrant and each of its directors and officers,,S-1,333-193552 10.1,1/24/2014,
21,,,,,,
22,Registrant’s Amended and Restated 2014 Omnibus10.2.1*,,S-1/A,333-193552 10.2,4/11/2014,
23,Incentive Plan,,,,,
24,Amendment No. 1 to Registrant’s Amended and10.2.2*,,S-8,333-211893 10.1,6/7/2016,
25,Restated 2014 Omnibus Incentive Plan,,,,,
26,Amendment No. 2 to Registrant’s Amended and10.2.3*,,S-8,333-218542 10.3,6/7/2017,
27,Restated 2014 Omnibus Incentive Plan,,,,,
