,Unnamed: 0,Unnamed: 1,Unnamed: 2,Unnamed: 3,Unnamed: 4,Unnamed: 5
0,3.01.01,Restated and Amended Articles of Incorporation filed with the Secretary of State of,,,,
1,,"California on December 13, 2001",10-KSB,000-32565,3.3,"April 16, 2002"
2,3.01.02,Certificate of Amendment of Articles of Incorporation filed with the Secretary of State,,,,
3,,"of California on August 4, 2003",SB-2,333-129839,3.01.1,"November 18, 2005"
4,3.01.03,Certificate of Amendment of Articles of Incorporation filed with the Secretary of State,,,,
5,,"of California on October 31, 2003",10-QSB,000-32565,3.4,"November 19, 2003"
6,3.01.04,Certificate of Amendment of Articles of Incorporation filed with the Secretary of State,,,,
7,,"of California on September 29, 2005",SB-2,333-129839,3.03,"November 18, 2005"
8,3.01.05,Certificate of Amendment of Articles of Incorporation filed with the Secretary of State,,,,
9,,"of California on August 20, 2007",10-Q,000-32565,3.1,"August 14, 2007"
10,3.01.06,Certificate of Amendment of Articles of Incorporation filed with the Secretary of State,,,,
11,,"of California on June 30, 2011",8-K,000-32565,3.1,"July 5, 2011"
12,3.01.07,Certificate of Amendment of Articles of Incorporation filed with the Secretary of State,,,,
13,,"of California on July 12, 2013",10-Q,000-32565,3.1,"August 14, 2013"
14,3.01.08,Certificate of Amendment of Articles of Incorporation filed with the Secretary of State,,,,
15,,"of California on May 30, 2014",S-3,333-196541,3.01.08,"June 5, 2014"
16,3.01.09,Certificate of Amendment of Articles of Incorporation filed with the Secretary of State,S-3,333-217131,3.1.9,"April 04, 2017"
17,,"of California on February 15, 2017",,,,
18,3.02,"Certificate of Designation of the Rights, Preferences, and Privileges of the Series A",,,,
19,,"Preferred Stock filed with the Secretary of State of California on December 13, 2001",SB-2,333-89790,4.1,"June 4, 2002"
20,3.03,"Certificate of Determination, Preferences and Rights of Series B Convertible Preferred",,,,
21,,"Stock filed with the Secretary of State of California on October 4, 2005",8-K,000-32565,3.1,"October 4, 2005"
22,3.04,"Certificate of Determination, Preferences and Rights of Series C Convertible Preferred",,,,
23,,"Stock filed with the Secretary of State of California on May 10, 2006",8-K,000-32565,3.1,"May 15, 2006"
24,3.05,"Certificate of Determination, Preferences and Rights of the Series D Convertible",,,,
25,,"Preferred Stock, filed with the Secretary of State of California on October 17, 2008",8-K,000-32565,3.1,"October 20, 2008"
26,3.06,"Certificate of Determination, Preferences and Rights of the Series E Convertible",,,,
27,,"Preferred Stock, filed with the Secretary of State of California on May 7, 2009",8-K,000-32565,3.1,"May 8, 2009"
28,3.07,"Certificate of Determination, Preferences and Rights of the Series F Convertible",,,,
29,,"Preferred Stock, filed with the Secretary of State of California on February 18, 2016",8-K,000-32565,3.1,"February 23, 2016"
30,3.08,Form of Certificate of Determination of Preferences and Rights of Series G Convertible,,,,
31,,"Preferred Stock, filed with the Secretary of State of California on February 9, 2017",8-K,000-32565,3.1,"February 15, 2017"
32,3.09.1,Bylaws,SB-2,333-134957,3.05,"June 12, 2006"
33,3.09.2,"Amendment of Bylaws, effective June 19, 2007",8-K,000-32565,3.1,"June 25, 2007"
34,3.09.3,"Amendment of Bylaws, effective December 4, 2009",8-K,000-32565,3.1,"December 10, 2009"
35,3.09.4,"Amendment of Bylaws, effective as of February 13, 2017",S-3,333-217131,3.9.4,"April 04, 2017"
36,3.1,"Amendment to Bylaws, effective July 30, 2019",8-K,001-36245,3.1,"August 5, 2019"
