,Unnamed: 0,2019,Unnamed: 1,2018,Unnamed: 2,2017,Unnamed: 3
0,Revenues,,,,,,
1,Subscriptions,,91 %,,91 %,,92 %
2,Other,,9,,9,,8
3,Total revenues,,100,,100,,100
4,Cost of revenues,,,,,,
5,Subscriptions,,18,,16,,18
6,Other,,8,,7,,6
7,Total cost of revenues,,26,,23,,24
8,Gross profit,,74,,77,,76
9,Operating expenses,,,,,,
10,Research and development,,15,,15,,15
11,Sales and marketing,,49,,49,,48
12,General and administrative,,16,,15,,14
13,Total operating expenses,,79,,79,,77
14,Loss from operations,,(5),,(2),,(1)
