,Unnamed: 0,Unnamed: 1,Unnamed: 2,Unnamed: 3,Unnamed: 4,Unnamed: 5,Paid-in,Unnamed: 6,Comprehensive,Unnamed: 7,Unnamed: 8,Accumulated,Unnamed: 9,Stockholders',Unnamed: 10
0,,Shares,,Amount,,,Capital,,Loss,,,Deficit,,Equity,
1,"Balance as of December 31, 2016","74,383",$,,7,$,"366,800",$,,"2,737",$,"(205,296)",$,,"164,248"
2,Issuance of common stock in connection with Equity Incentive and Employee Stock Purchase,,,,,,,,,,,,,,
3,"plans, net of tax withholdings","3,594",,,1,,"21,803",,,—,,—,,,"21,804"
4,Issuance of common stock for achievement of Glip related matters,77,,,—,,"3,560",,,—,,—,,,"3,560"
5,Share-based compensation,—,,,—,,"42,677",,,—,,—,,,"42,677"
6,Changes in comprehensive loss,—,,,—,,—,,,261,,—,,,261
7,Net loss,—,,,—,,—,,,—,,"(4,204)",,,"(4,204)"
8,"Balance as of December 31, 2017","78,054",$,,8,$,"434,840",$,,"2,998",$,"(209,500)",$,,"228,346"
9,Issuance of common stock in connection with Equity Incentive and Employee Stock Purchase,,,,,,,,,,,,,,
10,"plans, net of tax withholdings","3,231",,,—,,"13,449",,,—,,—,,,"13,449"
11,Shares repurchased,(239),,,—,,"(15,000)",,,—,,—,,,"(15,000)"
12,Share-based compensation,—,,,—,,"68,876",,,—,,—,,,"68,876"
13,"Equity component of convertible senior notes, net of issuance cost",—,,,—,,"98,823",,,—,,—,,,"98,823"
14,Purchase of capped calls,—,,,—,,"(49,910)",,,—,,—,,,"(49,910)"
15,Changes in comprehensive loss,—,,,—,,—,,,(772),,—,,,(772)
16,Net loss,—,,,—,,—,,,—,,"(26,203)",,,"(26,203)"
17,"Balance as of December 31, 2018","81,046",$,,8,$,"551,078",$,,"2,226",$,"(235,703)",$,,"317,609"
18,Issuance of common stock in connection with Equity Incentive and Employee Stock Purchase,,,,,,,,,,,,,,
19,"plans, net of tax withholdings","3,723",,,1,,"15,160",,,—,,—,,,"15,161"
20,Issuance of common stock in connection with investments,"2,171",,,—,,"361,000",,,—,,—,,,"361,000"
21,Share-based compensation,—,,,—,,"105,815",,,—,,—,,,"105,815"
22,Changes in comprehensive loss,—,,,—,,—,,,(278),,—,,,(278)
23,Net loss,—,,,—,,—,,,—,,"(53,607)",,,"(53,607)"
24,"Balance as of December 31, 2019","86,940",$,,9,$,"1,033,053",$,,"1,948",$,"(289,310)",$,,"745,700"
