,ACCOUNTING POLICY,Unnamed: 0,Unnamed: 1,Unnamed: 2,Unnamed: 3,Unnamed: 4,Unnamed: 5,EXPLANATORY INFORMATION,Unnamed: 6
0,Accounts receivable represent amounts owing,to,us,,that are,,,,
1,currently due and collectible. We initially recognize,,,,accounts,,,,As at December 31
2,receivable on the date they originate. We,measure,,,accounts,,,,
3,,,,,,,,(In millions of dollars) Note,2019 2018
4,"receivable initially at fair value, and subsequently at amortized cost,",,,,,,,,
5,with changes recognized in net income.,We,measure,,an,,,Customer accounts receivable,"1,579 1,529"
6,impairment loss for accounts receivable as,the excess,,,of the,,,Other accounts receivable,785 762
7,carrying amount over the present value of future,cash,,,flows we,,,Allowance for doubtful accounts 15,(60) (55
8,"expect to derive from it, if any. The excess",is allocated,,,to an,,,,
9,,,,,,,,Total accounts receivable,"2,304 2,236"
10,allowance for doubtful accounts and recognized,as,a loss,,in net,,,,
11,income.,,,,,,,,
12,,,,,,,,We have retrospectively reclassified $23,million as at
13,,,,,,,,"December 31, 2018 and January 1, 2019 related",to our wireless
14,,,,,,,,financing programs from “accounts receivable”,to “other current
15,,,,,,,,assets” as the collection time frame of the amounts,differs from
16,,,,,,,,accounts receivable.,
17,NOTE 16: INVENTORIES,,,,,,,,
18,ACCOUNTING POLICY,,,,,,,EXPLANATORY INFORMATION,
19,"We measure inventories, including wireless",devices,,,and,,,,
20,"merchandise for resale, at the lower of cost",(determined,,,on a,,,,As at December 31
21,weighted average cost basis for Wireless devices and accessories,,,,,,,,
22,,,,,,,,(In millions of dollars),2019 2018
23,"and a first-in, first-out basis for other finished",,goods,,and,,,,
24,merchandise) and net realizable value. We,reverse,a,,previous,,,Wireless devices and accessories,380 399
25,"writedown to net realizable value, not to exceed",,the,,original,,,Other finished goods and merchandise,80 67
26,"recognized cost, if the inventories later increase in value.",,,,,,,,
27,,,,,,,,Total inventories,460 466
