,important information about our business and our performance for,"assumptions include, but are not limited to, statements about our"
0,"the year ended December 31, 2019. This MD&A should be read in","objectives and strategies to achieve those objectives, and about"
1,conjunction with our 2019 Audited Consolidated Financial,"our beliefs, plans, expectations, anticipations, estimates, or"
2,"Statements, which have been prepared in accordance with",intentions.
3,International Financial Reporting Standards (IFRS) as issued by the,Forward-looking information:
4,International Accounting Standards Board (IASB).,"• typically includes words like could, expect, may, anticipate,"
5,All dollar amounts are in Canadian dollars unless otherwise stated.,"assume, believe, intend, estimate, plan, project, guidance,"
6,All percentage changes are calculated using the rounded numbers,"outlook, target, and similar expressions, although not all forward-"
7,as they appear in the tables. This MD&A is current as at,looking information includes them;
8,"March 5, 2020 and was approved by RCI’s Board of Directors (the","• includes conclusions, forecasts, and projections that are based"
9,Board). This MD&A includes forward-looking statements and,"on our current objectives and strategies and on estimates,"
10,assumptions. See “About Forward-Looking Information” for more,"expectations, assumptions, and other factors, most of which are"
11,information.,"confidential and proprietary, that we believe to have been"
12,,reasonable at the time they were applied but may prove to be
13,"We, us, our, Rogers, Rogers Communications, and the Company",incorrect; and
14,refer to Rogers Communications Inc. and its subsidiaries. RCI refers,• was approved by our management on the date of this MD&A.
15,"to the legal entity Rogers Communications Inc., not including its",
16,,"Our forward-looking information includes conclusions, forecasts,"
17,subsidiaries. Rogers also holds interests in various investments and,
18,,"and projections related to the following items, some of which are"
19,ventures.,
20,,non-GAAP measures (see “Non-GAAP Measures and Related
21,We are publicly traded on the Toronto Stock Exchange (TSX: RCI.A,"Performance Measures”), among others:"
22,and RCI.B) and on the New York Stock Exchange (NYSE: RCI).,• revenue;
23,,• total service revenue;
24,"In this MD&A, first quarter refers to the three months ended",• adjusted EBITDA;
25,"March 31, 2019, second quarter refers to the three months",• capital expenditures;
26,"ended June 30, 2019, third quarter refers to the three months",• cash income tax payments;
27,"ended September 30, 2019, fourth quarter refers to the three",• free cash flow;
28,"months ended December 31, 2019, this year refers to the twelve",• dividend payments;
29,"months ended December 31, 2019, and last year refers to the",• the growth of new products and services;
30,"twelve months ended December 31, 2018. All results commentary",• expected growth in subscribers and the services to which they
31,is compared to the equivalent periods in 2018 or as at,subscribe;
32,"December 31, 2018, as applicable, unless otherwise indicated.",• the cost of acquiring and retaining subscribers and deployment
33,"Effective January 1, 2019, we adopted the new accounting",of new services;
34,"standard, IFRS 16, Leases (IFRS 16), that is discussed in “Accounting",• continued cost reductions and efficiency improvements;
35,Policies” in this MD&A. The adoption of IFRS 16 had a significant,• reduction of our debt leverage ratio; and
36,effect on our reported results. Due to our selected transition,• all other statements that are not historical facts.
37,"method, we have not restated our prior year comparatives.",Specific forward-looking information included or incorporated in
38,,"this MD&A includes, but is not limited to, our information and"
39,"Effective January 1, 2019, we redefined free cash flow, a non-GAAP",
40,,statements under “Financial and Operating Guidance” relating to
41,"measure, such that we no longer adjust for the “net change in",
42,,"our 2020 consolidated guidance on total service revenue, adjusted"
43,contract asset and deferred commission cost asset balances”. We,
44,,"EBITDA, capital expenditures, and free cash flow. All other"
45,redefined free cash flow to simplify this measure and believe,
46,,statements that are not historical facts are forward-looking
47,removing this adjustment will make us more comparable within our,
48,,information.
49,industry. See “Non-GAAP Measures and Related Performance,
50,Measures” for more information.,"We base our conclusions, forecasts, and projections (including the"
51,,"aforementioned guidance) on the following factors, among others:"
52,TM Rogers and related marks are trademarks of Rogers,• general economic and industry growth rates;
53,"Communications Inc. or an affiliate, used under licence. All other",• currency exchange rates and interest rates;
54,"brand names, logos, and marks are trademarks and/or copyright of",• product pricing levels and competitive intensity;
55,their respective owners. ©2020 Rogers Communications,• subscriber growth;
56,,"• pricing, usage, and churn rates;"
57,ABOUT FORWARD-LOOKING INFORMATION,• changes in government regulation;
58,,• technology deployment;
59,This MD&A includes “forward-looking information” and “forward-,• availability of devices;
60,looking statements” within the meaning of applicable securities,• timing of new product launches;
61,"laws (collectively, “forward-looking information”), and assumptions",• content and equipment costs;
62,"about, among other things, our business, operations, and financial",• the integration of acquisitions; and
63,performance and condition approved by our management on the,• industry structure and stability.
