,Our borrowings,had,a,weighted,average,cost,of,4.30%,as,at,considered to,be,ratings,of.1,at.1,least,A-3,"(S&P),",F3,"(Fitch),",or
0,"December 31, 2019 (2018 – 4.45%) and a weighted average term",,,,,,,,,,P-3 (Moody’s) quality or higher.,,,,,,,,,,
1,to maturity of 14.1 years (2018 – 10.7 years).,,,,,,,,,,,,,,,,,,,,
2,,,,,,,,,,,"Credit ratings are not recommendations to purchase, hold, or sell",,,,,,,,,,
3,,,,,,,,,,,"securities, nor",are,they a,comment,,on,market,price,,or investor,
4,COVENANTS,,,,,,,,,,,,,,,,,,,,
5,,,,,,,,,,,suitability. There is no assurance that a rating will remain in effect for,,,,,,,,,,
6,The provisions of,our,$3.2,billion,revolving,bank,,credit,facility,,,,,,,,,,,,
7,,,,,,,,,,,"a given period,",or,that a rating,,will,not,be,revised,or,withdrawn,
8,described in “Sources,,,and Uses,of Cash”,,impose,certain,,,,,,,,,,,,,
9,,,,,,,,,,,entirely by a rating,,agency,if,it believes,,circumstances,,,warrant,it.
10,"restrictions on our operations and activities, the most significant of",,,,,,,,,,,,,,,,,,,,
11,,,,,,,,,,,The ratings on,our,senior,debt,,provided,,"by S&P,",,"Fitch, and",
12,"which are leverage-related maintenance tests. As at December 31,",,,,,,,,,,,,,,,,,,,,
13,,,,,,,,,,,Moody’s are investment-grade ratings.,,,,,,,,,,
14,"2019 and 2018, we were in compliance with all financial covenants,",,,,,,,,,,,,,,,,,,,,
15,"financial ratios, and",all,of,the terms,and conditions,,,of our,debt,,,,,,,,,,,,
16,,,,,,,,,,,ADJUSTED NET DEBT AND DEBT LEVERAGE RATIO,,,,,,,,,,
17,agreements. Throughout,,,"2019, these",covenants,,did,not impose,,,,,,,,,,,,,
18,,,,,,,,,,,We use adjusted,net,debt,and,,debt,leverage,ratio,to,conduct,
19,restrictions of any material consequence on our operations.,,,,,,,,,,,,,,,,,,,,
20,,,,,,,,,,,valuation-related,analysis,,and,,make,capital,structure-related,,,
21,,,,,,,,,,,decisions. Adjusted,,net debt,,includes,,long-term,"debt,",,net debt,
22,CREDIT RATINGS,,,,,,,,,,,,,,,,,,,,
23,,,,,,,,,,,"derivative assets or liabilities, short-term borrowings, and cash and",,,,,,,,,,
24,Credit ratings provide an independent measure of credit quality of,,,,,,,,,,,,,,,,,,,,
25,,,,,,,,,,,cash equivalents.,,,,,,,,,,
26,an issue of securities and can affect our ability to obtain short-term,,,,,,,,,,,,,,,,,,,,
27,and long-term financing,,,and the terms,of the,financing.,,If,rating,,,,,,,,,,,,
28,,,,,,,,,,,,,,,,As at,,As at,,As at,
29,agencies lower,the,credit,ratings,on our,"debt,",,particularly,,a,,,,,,,,,,,
30,,,,,,,,,,,,,December 31,,,,January 1,,December 31,,
31,"downgrade below investment-grade,",,,,it could adversely affect our,,,,,,"(In millions of dollars,",,,,,,,,,,
32,cost of financing and access to liquidity and capital.,,,,,,,,,,except ratios),,,,,2019,,2019,,2018,
33,1We have engaged,each,,of S&P,Global Ratings,,Services,,"(S&P),",,Long-term debt,,,,"16,130",,"14,404",,,"14,404",
34,Moody’s Investors,Service,,"(Moody’s),",and Fitch,Ratings,,(Fitch),,to,Net debt derivative,,,,,,,,,,
35,rate certain of our public debt,,,issues. Below is a summary of,,,,,the,,assets valued without,,,,,,,,,,
36,credit ratings on,RCI’s,outstanding,,senior notes,,and,debentures,,,any adjustment for,,,,,,,,,,
37,"(long-term) and US CP (short-term) as at December 31, 2019.",,,,,,,,,,credit risk 2,,,,"(1,414)",,,"(1,448)",,"(1,448",
38,,,,,,,,,,,Short-term borrowings,,,,,"2,238",,"2,255",,"2,255",
39,Issuance,S&P,,,Moody’s,,Fitch,,,,Lease liabilities 3,,,,,"1,725",,"1,545",,,–
40,Cash and cashCorporate credit,BBB+ with a,,,Baa1 with a,,BBB+ with a,,,,,,,,,,,,,,
41,issuer default,stable outlook,,,stable outlook,,stable outlook,,,,equivalents,,,,,(494),,(405),,(405,
42,rating 1,,,,,,,,,,,,,,,,,,,,
43,"14,806Senior unsecured",BBB+ with a,,,Baa1 with a,,BBB+ with a,,,,Adjusted net debt 4,,,,"18,185",,"16,351",,,,
44,debt 1,stable outlook,,,stable outlook,,stable outlook,,,,Divided by: trailing,,,,,,,,,,
45,US commercial,,,,,,,,,,12-month adjusted,,,,,,,,,,
46,paper 1,A-2,,,P-2,,N/A 2,,,,EBITDA 4,,,,,"6,212",,"6,157",,"5,983",
47,1 Unchanged for the year.,,,,,,,,,,Debt leverage ratio 4,,,,,2.9,,2.7,,,2.5
48,2 We have not sought a rating from Fitch for our short-term obligations.,,,,,,,,,,,,,,,,,,,,
49,,,,,,,,,,,1 Includes current,and,long-term,portion,,of long-term,,debt,before,deferred,
50,Ratings for long-term,,debt,instruments,across,,the,universe,,of,transaction costs and discounts. See “Reconciliation of adjusted net debt” in “Non-,,,,,,,,,,
51,"composite rates range from AAA (S&P and Fitch) or Aaa (Moody’s),",,,,,,,,,,GAAP Measures,and,Related Performance,,,Measures”,,for the,calculation,of,this
52,representing the,highest,,quality of,securities,"rated,",,to D,"(S&P),",,amount.,,,,,,,,,,
53,,,,,,,,,,,2 For purposes of calculating,,adjusted,,net debt and,,debt,"leverage ratio, we believe",,,
54,"Substantial Risk (Fitch),",,and,C (Moody’s),for,the,lowest,quality,,of,,,,,,,,,,,
55,,,,,,,,,,,including debt derivatives valued without adjustment for credit risk is commonly used,,,,,,,,,,
56,securities rated.,Investment-grade,,,credit,ratings,are,generally,,,to evaluate debt leverage and for market valuation and transactional purposes.,,,,,,,,,,
57,considered to range from BBB- (S&P and Fitch) or Baa3 (Moody’s),,,,,,,,,,3 See “Accounting Policies” for more information.,,,,,,,,,,
58,to AAA (S&P and Fitch) or Aaa (Moody’s).,,,,,,,,,,4 Adjusted net debt and adjusted EBITDA are non-GAAP measures and should not be,,,,,,,,,,
59,,,,,,,,,,,considered substitutes,,or alternatives,,for,GAAP,measures.,These,are,not defined,
60,Ratings for short-term,,debt,instruments,across,,the,universe,,of,"terms under IFRS and do not have standard meanings, so may not be a reliable way",,,,,,,,,,
61,composite rates,ranges,,from A-1+,"(S&P),",,F1+,"(Fitch),",,or,to compare us,to other,companies.,,See,“Non-GAAP,,Measures,,and Related,
