,Unnamed: 0,Years ended December 31,• a decrease in overage revenue as a result of the strong customer
0,"(In millions of dollars, except margins)",2019 2018 % Chg,adoption of our Rogers Infinite unlimited data plans.
1,Revenue,,The 2% increase in blended ABPU was a result of an ongoing shift
2,Service revenue,"7,156 7,091 1",in the product mix of device sales towards higher-value devices.
3,Equipment revenue,"2,094 2,109 (1)",
4,,,We believe the decreases in gross and net additions to our
5,Revenue,"9,250 9,200 1",
6,,,postpaid subscriber base this year were a result of our disciplined
7,Operating expenses,,approach around subscriber base management and an overall
8,Cost of equipment,"2,231 2,264 (1)",softness in the market in the first half of the year. This decline was
9,Other operating expenses,"2,674 2,846 (6)",partially offset by increases in postpaid gross and net additions in
10,Operating expenses,"4,905 5,110 (4)",the second half of the year as a result of the strong adoption of our
11,,,Rogers Infinite plans by new customers.
12,Adjusted EBITDA,"4,345 4,090 6",
13,Adjusted EBITDA margin,47.0% 44.5% 2.5 pts,
14,,,Equipment revenue
15,Capital expenditures,"1,320 1,086 22",
16,,,Equipment revenue includes revenue from sales to subscribers
17,,,"through fulfillment by Wireless’ customer service groups, websites,"
18,WIRELESS SUBSCRIBER RESULTS 1,,"telesales, corporate stores, and independent dealers, agents, and"
19,,,retailers.
20,,Years ended December 31,
21,"(In thousands, except churn, blended ABPU,",,
22,,,The 1% decrease in equipment revenue this year was a result of:
23,and blended ARPU),2019 2018 Chg,
24,,,• fewer device upgrades by existing subscribers; and
25,Postpaid,,• fewer gross additions; partially offset by
26,Gross additions,"1,566 1,632 (66)",• an increase in sales of higher-value devices.
27,Net additions,334 453 (119),
28,"Total postpaid subscribers 2,3","9,438 9,157 281",
29,Churn (monthly),1.11% 1.10% 0.01 pts,OPERATING EXPENSES
30,Prepaid,,We record operating expenses in two categories:
31,Gross additions,773 751 22,• the cost of wireless devices and equipment; and
32,Net losses,(97) (152) 55,"• all other expenses involved in day-to-day operations, to service"
33,"Total prepaid subscribers 2,4","1,402 1,626 (224)","existing subscriber relationships, and to attract new subscribers."
34,Churn (monthly),4.86% 4.38% 0.48 pts,
35,Blended ABPU (monthly),$ 66.23 $ 64.74 $ 1.49,The 1% decrease in the cost of equipment this year was a result of
36,Blended ARPU (monthly),$ 55.49 $ 55.64 ($ 0.15),the same factors discussed in equipment revenue above.
