,"• Toronto professional teams, for attendance at Toronto Blue Jays",Unnamed: 0,technology to facilitate wireless transactions.,Unnamed: 1
0,games;,,,
1,,,Wireless providers are investing in the next generation,of
2,"• MLB teams, for Toronto Blue Jays players and fans;",,,
3,,,"broadband wireless data networks, such as Licensed",Assisted
4,• local sporting and special event venues;,,,
5,,,"Access and 5G technologies, to support the growing data demand",
6,"• professional sports teams, for merchandise sales revenue; and",,,
7,,,and new products and applications.,
8,• new digital sports media companies.,,,
9,,,"In 2019, we were the first national carrier in Canada to",launch
10,"Television and Radio, both of which are both focused on local and",,,
11,,,"unlimited data plans. Along with Rogers, certain other",wireless
12,"regional content, compete for audiences and advertisers with:",,,
13,,,carriers in Canada have introduced new unlimited wireless,data
14,"• other Canadian television and radio stations, including those",,,
15,,,"plans that are simpler for customers to understand,",allow for
16,"owned and operated by the CBC, Bell Media, and Corus",,,
17,,,"increased consumer data usage, and eliminate overage fees that",
18,Entertainment;,,,
19,,,were being incurred on legacy plans.,
20,"• OTT video offerings through providers like Netflix, YouTube,",,,
21,"Apple, Amazon Prime Video, Crave, Google, Disney+, and other",,To help make the cost of new wireless devices more affordable for,
22,channels streaming their own content;,,"consumers, Rogers and other Canadian wireless carriers have also",
23,"• OTT radio offerings, such as iHeartRadio, Apple Music, Spotify,",,"introduced wireless device financing, whereby consumers",can
24,and Radioplayer Canada;,,finance the full cost of the device over a 24-month,term at
25,"• other media, including newspapers, magazines, and outdoor",,0% interest. We believe being able to finance devices,over
26,advertising; and,,24 months will reduce subscriber churn.,
27,• other technologies available on the Internet or through the,,,
28,,,In addition to the wireless device financing plans now,"available,"
29,"cloud, such as social media platforms, online web information",,,
30,,,subscribers are increasingly bringing their own devices or keeping,
31,"services, digital assistants, music downloading, and portable",,,
32,,,their existing devices longer and therefore may not enter into term,
33,media players.,,,
34,,,contracts for wireless services. This may negatively,impact
35,TSC competes with:,,"subscriber churn, but may also create gross addition subscriber",
36,• retail stores and their related e-commerce websites;,,opportunities as a result of increased churn from other carriers. This,
37,"• web-only e-commerce sites, including social commerce;",,trend may also negatively impact the monthly service fees charged,
38,• infomercials that sell products on television; and,,to subscribers as they shop for plans that best meet their needs.,
39,"• other television channels, for channel placement, viewer",,,
40,,,Wireless market penetration in Canada is approximately 89% of the,
41,"attention, and loyalty.",,,
42,,,"population and is expected to continue growing, per the Bank of",
43,Our digital media products compete for readership and advertisers,,America Merrill Lynch October 2019 Global Wireless Matrix.,
44,with:,,,
45,"• online information and entertainment websites and apps,",,CABLE TRENDS,
46,"including digital news services, streaming services, and content",,"Technology advancement, non-traditional competitors, consumer",
47,available via social networking services;,,"behaviours, and regulatory developments are key areas influencing",
48,"• magazines, both digital and printed; and",,"Cable. This market is very capital intensive, and a strong",Internet
49,"• other traditional media, such as TV and radio.",,offering is the backbone to effectively serving this,market.
50,,,Applications on the Internet are increasingly being used,as a
51,,,"substitute for wireline telephone services, and televised content is",
52,INDUSTRY TRENDS,,,
53,,,increasingly available online. Downward television tier migration,
54,The telecommunications industry in Canada is very capital intensive,,(cord shaving) and television cancellation with the intent,of
55,and highly regulated. Our reportable segments are affected by,,substitution (cord cutting) have been growing with increased,
56,"various overarching trends relating to changing technologies,",,adoption of OTT services. The Canadian Radio-television,and
57,"consumer demands, economic conditions, and, in particular,",,Telecommunications Commission’s (CRTC) decision to,lower
58,"regulatory developments, all of which could limit essential future",,wholesale Internet access rates may also adversely,affect
59,investments in the Canadian marketplace. See “Risks and,,companies that wholesale Internet services (see “Regulation In Our,
60,Uncertainties Affecting Our Business” and “Regulation In Our,,Industry” for more information).,
61,Industry” for more information. Below is a summary of the industry,,Cable and wireline companies are expanding their service offerings,
62,trends affecting our specific reportable segments.,,"to include faster broadband Internet. Canadian companies,",
63,,,"including Rogers, are increasingly offering download speeds",of
64,WIRELESS TRENDS,,1 Gbps or higher and Internet offerings with unlimited bandwidth.,
65,The ongoing extensive investment made by Canadian wireless,,Consumers are demanding faster-than-ever speeds for streaming,
66,providers has created far-reaching and sophisticated wireless,,"online media, uploading personal content, and playing",online
67,networks that have enabled consumers and businesses to utilize,,"video games, and for their ever-growing number of connected",
68,fast multimedia capabilities through wireless data services.,,"devices. In order to help facilitate these speeds, cable and wireline",
69,"Consumer demand for mobile devices, digital media, and",,companies are shifting their networks towards higher speed,and
70,on-demand content is pushing providers to build networks that can,,capacity DOCSIS 3.1 and fibre-to-the-home (FTTH) technologies.,
