,"Property, plant and equipment not yet in service and therefore not",$38 million,(2018,–,$25,million),for,these,"assets,",thereby
0,"subject to depreciation as at December 31, 2019 was",recognizing a nil (2018 – $16 million) gain on disposition.,,,,,,,,
1,"$1,320 million (2018 – $1,339 million). During 2019, capitalized",,,,,,,,,
2,,"Annually, we perform an analysis to identify fully depreciated assets",,,,,,,,
3,"interest pertaining to property, plant and equipment was",,,,,,,,,
4,,"that have been disposed of. In 2019, this resulted in an adjustment",,,,,,,,
5,recognized at a weighted average rate of approximately 3.9%,,,,,,,,,
6,,to cost and,accumulated,,,depreciation,,of,"$1,159",million
7,(2018 – 3.9%).,,,,,,,,,
8,,(2018 – $943,million).,,The,disposals,had,nil,impact,on the
9,"In 2019, we disposed of certain assets with a net carrying amount",Consolidated Statements of Income.,,,,,,,,
10,of $38 million (2018 – $9 million). We received total proceeds of,,,,,,,,,
11,NOTE 8: LEASES,,,,,,,,,
12,ACCOUNTING POLICY,Lease payments included in the measurement of the lease liability,,,,,,,,
13,"At inception of a contract, we assess whether that contract is, or",include:,,,,,,,,
14,"contains, a lease. A contract is, or contains, a lease if the contract","• fixed payments, including in-substance fixed payments;",,,,,,,,
15,conveys the right to control the use of an identified asset for a,• variable lease payments that depend on an index or rate;,,,,,,,,
16,period of time in exchange for consideration. To assess whether a,• amounts,expected,,to be,payable,under,a,residual,value
17,"contract conveys the right to control the use of an identified asset,",guarantee; and,,,,,,,,
18,we assess whether:,• the exercise,price,,under,a purchase,,option,that,we are
19,• the contract involves the use of an identified asset;,reasonably,certain,to,"exercise,",lease,payments,,in an,optional
20,• we have the right to obtain substantially all of the economic,renewal period,if,we,are,reasonably,,certain,to exercise,an
21,benefits from use of the identified asset throughout the period,"extension option, and penalties for early",,,,,,termination of a lease,,
22,of use; and,unless we are reasonably certain not to terminate early.,,,,,,,,
23,• we have the right to direct the use of the asset.,,,,,,,,,
24,,The lease liability,is remeasured when there is a change in future,,,,,,,
25,,"lease payments arising from a change in an index or rate, if there is",,,,,,,,
26,LESSEE ACCOUNTING,a change in our estimate of the amount expected to be payable,,,,,,,,
27,We record a right-of-use asset and a lease liability at the lease,"under a residual value guarantee, or if we change our assessment",,,,,,,,
28,commencement date. The right-of-use asset is initially measured at,of whether,or not,we,will,exercise,"a purchase,",,"extension,",or
29,"cost, consisting of:",termination option.,,When,the,lease,liability,is remeasured,,in this
30,• the initial amount of the lease liability adjusted for any lease,"way, a corresponding adjustment is made to the carrying amount",,,,,,,,
31,payments made at or before the commencement date; plus,of the right-of-use asset. The lease liability is also remeasured when,,,,,,,,
32,• any initial direct costs incurred; and,the underlying lease contract is amended.,,,,,,,,
33,• an estimate of costs to dismantle and remove the underlying,,,,,,,,,
34,asset or restore the site on which it is located; less,We have elected not to separate fixed non-lease components and,,,,,,,,
35,• any lease incentives received.,account for,the lease,,and any,fixed,non-lease,components,,as a
36,,single lease component.,,,,,,,,
37,The right-of-use asset is depreciated on a straight-line basis over,,,,,,,,,
38,"the lease term, unless we expect to obtain ownership of the leased",Variable lease payments,,,,,,,,
39,asset at the end of the lease. The lease term consists of:,Certain leases,contain,,provisions,that,result,in,differing,lease
40,• the non-cancellable period of the lease;,payments over,the,term,as,a result,of,market,rate reviews,or
41,"• periods covered by options to extend the lease, where we are",changes in the Consumer Price Index (CPI) or other similar indices.,,,,,,,,
42,reasonably certain to exercise the option; and,We reassess,the lease,,liabilities,related,to these,,leases when,the
43,"• periods covered by options to terminate the lease, where we are",index or other,data,is,available,to calculate,,the,change,in lease
44,reasonably certain not to exercise the option.,payments.,,,,,,,,
45,If we expect to obtain ownership of the leased asset at the end of,Certain leases require us to make payments that relate to property,,,,,,,,
46,"the lease, we depreciate the right-of-use asset over the underlying","taxes, insurance, and other non-rental costs. These non-rental costs",,,,,,,,
47,"asset’s estimated useful life. In addition, the right-of-use asset is",are typically variable and are not included in the calculation of the,,,,,,,,
48,"periodically reduced by impairment losses, if any, and adjusted for",right-of-use asset or lease liability.,,,,,,,,
49,certain remeasurements of the lease liability.,,,,,,,,,
50,The lease liability is initially measured at the present value of lease,LESSOR ACCOUNTING,,,,,,,,
51,"payments that are not paid at the commencement date,","When we act as a lessor, we determine at lease inception whether",,,,,,,,
