,Unnamed: 0,Unnamed: 1,2019 2018,2017,Unnamed: 2
0,,,"(In thousands, except per share data)",,
1,Net sales,$,"3,440,258 $ 3,236,004","$ 3,342,226",
2,Cost and expenses:,,,,
3,Cost of sales,,"3,158,323 2,974,739","2,700,684",
4,Live inventory adjustment,,"2,800 9,600",,—
5,"Selling, general and administrative",,"211,141 221,965","216,303",
6,,,"3,372,264 3,206,304","2,916,987",
7,Operating income,,"67,994 29,700","425,239",
8,Other income (expense):,,,,
9,Interest income,,"— 2,911","1,167",
10,Interest expense,,"(4,156) (2,066)","(1,886)",
11,Other,,9,12,10
12,,,"(4,147)",857  (709),
13,Income before income taxes,,"63,847 30,557","424,530",
14,Income tax expense (benefit),,"10,553 (30,874)","144,785",
15,Net income,$,"53,294 $ 61,431","$ 279,745",
16,Earnings per share:,,,,
17,Basic,$,2.41 $ 2.70,$ 12.30,
18,Diluted,$,2.41 $ 2.70,$ 12.30,
19,Dividends per share,$,1.28 $ 1.28,$,2.04
