,"Laurel, Mississippi",Big Bird,"650,000",8.95
0,"Hammond, Louisiana",Big Bird,"650,000",8.95
1,"Hazlehurst, Mississippi",Big Bird,"650,000",8.95
2,"Collins, Mississippi",Big Bird,"1,300,000",8.95
3,"Waco, Texas",Big Bird,"1,300,000",8.95
4,"Palestine, Texas",Big Bird,"1,300,000",8.95
5,"St. Pauls, North Carolina",Big Bird,"1,300,000",8.95
6,"McComb, Mississippi",Chill-Pack Retail,"1,300,000",6.52
7,"Bryan, Texas",Chill-Pack Retail,"1,300,000",6.52
8,"Moultrie, Georgia",Chill-Pack Retail,"1,300,000",6.52
9,"Kinston, North Carolina",Chill-Pack Retail,"1,300,000",6.52
10,"Tyler, Texas",Chill-Pack Retail,"1,300,000",6.52
