,(In millions),Total Fair Value,Level 1 Level 2,Unnamed: 0,Unnamed: 1,Level 3,Unnamed: 2
0,Cash equivalents,$ 41.1  $,41.1  $,—  $,,,—
1,Other current assets(1),14.4,14.4,—,,,—
2,Derivative financial and hedging instruments net asset,,,,,,
3,(liability):,,,,,,
4,Foreign currency forward and option contracts,$ (1.2) $,—  $ (1.2) $,,,,—
5,,,"December 31, 2018",,,,
6,(In millions),Total Fair Value,Level 1 Level 2,,,Level 3,
7,Cash equivalents,$ 38.6  $,38.6  $,—  $,,,—
8,Derivative financial and hedging instruments net asset,,,,,,
9,(liability):,,,,,,
10,Foreign currency forward contracts,$ 0.6  $,—  $,0.6  $,,,—
