,(In millions),Unnamed: 0,2019,Unnamed: 1,Unnamed: 2,2018,Unnamed: 3,2017
0,Current tax expense:,,,,,,,
1,Federal,$,62.3  $,,,228.2  $,,79.6
2,State and local,,,4.6,,9.8,,14.3
3,Foreign,,64.1,,,59.8,,106.0
4,Total current expense,$,131.0  $,,,297.8  $,,199.9
5,Deferred tax (benefit) expense:,,,,,,,
6,Federal,$,(19.0) $,,,56.8  $,,130.1
7,State and local,,,4.0,,(21.2),,5.3
8,Foreign,,(39.4),,,(25.9),,(4.8)
9,Total deferred tax (benefit) expense,,(54.4),,,9.7,,130.6
10,Total income tax provision,$,76.6  $,,,307.5  $,,330.5
11,Deferred tax assets (liabilities) consist of the following:,,,,,,,
12,,,,,,"December 31,",,
13,(In millions),,,,2019.0,,,2018
14,Accruals not yet deductible for tax purposes,,$,,,17.4  $,,17.5
15,Net operating loss carryforwards,,,,,245.9,,265.5
16,"Foreign, federal and state credits",,,,,8.4,,10.4
17,Employee benefit items,,,,,79.5,,77.0
18,Capitalized expenses,,,,,32.2,,8.9
19,Intangibles,,,,,21.8,,—
20,Derivatives and other,,,,,47.7,,38.0
21,Sub-total deferred tax assets,,,,,452.9,,417.3
22,Valuation allowance,,,,,(197.6),,(218.4)
23,Total deferred tax assets,,$,,,255.3  $,,198.9
24,,,,,,,,
25,Depreciation and amortization,,$,,,(37.0) $,,(26.8)
26,Unremitted foreign earnings,,,,,(10.0),,—
27,Intangible assets,,,,,—,,(21.7)
28,Other,,,,,(0.4),,(0.4)
29,Total deferred tax liabilities,,,,,(47.4),,(48.9)
30,Net deferred tax assets,,$,,,207.9  $,,150.0
