,Unnamed: 0,Equity interest,Unnamed: 1,Equity interest.1
0,"September 30, 2019",in %,"September 30, 2019",in %
1,"Siemens Gamesa Renewable Energy Eolica, S. L.,",,"Sistemas Energéticos Cuerda Gitana, S. A. Unipersonal,",
2,Valle de Egues / Eguesibar / Spain,100,Sevilla / Spain,100
3,"Siemens Gamesa Renewable Energy Europa S. L.,",,"Sistemas Energéticos Cuntis, S. A. Unipersonal,",
4,Zamudio / Spain,100,Santiago de Compostela / Spain,100
5,"Siemens Gamesa Renewable Energy Iberica S. L.,",,"Sistemas Energéticos de Tarifa, S. L. Unipersonal,",
6,Tres Cantos / Spain,100,Zamudio / Spain,100
7,Siemens Gamesa Renewable Energy,,"Sistemas Energéticos del Sur S. A., Sevilla / Spain",70
8,"Innovation & Technology, S. L., Sarriguren / Spain",100,"Sistemas Energéticos El Valle, S. L., Sarriguren / Spain",100
9,Siemens Gamesa Renewable Energy International,,"Sistemas Energéticos Finca San Juan, S. L. U.,",
10,"Wind Services, S. A., Zamudio / Spain",100,Las Palmas de Gran Canaria / Spain,100
11,"Siemens Gamesa Renewable Energy Invest, S. A.,",,"Sistemas Energéticos Fonseca, S. A. Unipersonal,",
12,Zamudio / Spain,100,Zamudio / Spain,100
13,"Siemens Gamesa Renewable Energy Latam, S. L.,",,"Sistemas Energéticos Jaralón, S. A. Unipersonal,",
14,Sarriguren / Spain,100,Zamudio / Spain,100
15,"Siemens Gamesa Renewable Energy S. A., Zamudio / Spain",59,"Sistemas Energéticos La Cámara, S. L., Sevilla / Spain",100
16,"Siemens Gamesa Renewable Energy Wind Farms, S. A.,",,"Sistemas Energéticos La Plana, S. A.,",
17,Zamudio / Spain,100,Villanueva de Gállego / Spain,90
18,"SIEMENS HEALTHCARE, S. L. U., Getafe / Spain",100,"Sistemas Energéticos Ladera Negra, S. A. Unipersonal,",
19,"Siemens Holding S. L., Madrid / Spain",100,Las Palmas de Gran Canaria / Spain,100
20,"Siemens Industry Software S. L., Barcelona / Spain",100,"Sistemas Energéticos Loma del Reposo, S. L. Unipersonal,",
21,"Siemens Logistics S. L. Unipersonal, Madrid / Spain",100,Zamudio / Spain,100
22,"SIEMENS MOBILITY, S. L. U., Tres Cantos / Spain",100,"Sistemas Energéticos Loma del Viento, S. A. Unipersonal,",
23,"Siemens Rail Automation S. A. U., Tres Cantos / Spain",100,Sevilla / Spain,100
24,"Siemens Renting S. A., Madrid / Spain",100,"Sistemas Energéticos Mansilla, S. L.,",
25,"Siemens S. A., Madrid / Spain",100,Villarcayo de Merindad de Castilla la Vieja / Spain,78
26,"Sistemas Energéticos Argañoso, S. L. Unipersonal,",,"Sistemas Energéticos Monte Genaro, S. L. U., Zamudio / Spain",100
27,Zamudio / Spain,100,"Sistemas Energéticos Serra de Lourenza, S. A. Unipersonal,",
28,"Sistemas Energéticos Arinaga, S. A. Unipersonal,",,Zamudio / Spain,100
29,Las Palmas de Gran Canaria / Spain,100,"Sistemas Energéticos Sierra de Las Estancias, S. A.",
30,"Sistemas Energéticos Balazote, S. A. Unipersonal,",,"Unipersonal, Sevilla / Spain",100
31,Zamudio / Spain,100,"Sistemas Energéticos Sierra de Valdefuentes, S. L. U.,",
32,"Sistemas Energéticos Boyal, S. L., Zaragoza / Spain",60,Zamudio / Spain,100
