,"In past years, Managing Board members received Siemens Stock",of the Siemens Stock Awards was linked to basic (undiluted)
0,"Awards for every fiscal year. Starting with the 2015 tranche, the","earnings per share (EPS). In November 2014, 50 % of the Stock"
1,"plan duration of Siemens Stock Awards was reduced to four years,",Awards’ target amount was adjusted in accordance with the at-
2,in alignment with prevailing market practices. This reduction re-,tainment of the EPS target and thereafter converted into a corre-
3,sulted in a one-time transfer of two tranches – the 2014 and the,sponding number of Stock Awards. The remaining 50 % of the
