,"the candidates’ professional qualifications, international experi­",Statements and Interim Group Management Report. It concerns
0,"ence and leadership qualities, the age limit specified for Manag­",itself with the Company’s risk monitoring system and oversees
1,ing Board members and the long­range plans for succession as,"the effectiveness of its internal control, risk management and"
2,well as diversity. It also takes into account the targets for the,internal audit systems. The Audit Committee receives regular re­
3,proportion of women on the Managing Board that have been,ports from the Internal Audit Department. It prepares the Super­
4,defined by the Supervisory Board and the diversity concept for,visory Board’s recommendation to the Annual Shareholders’
5,the Managing Board that has been approved by the Supervisory,Meeting concerning the election of the independent auditors
6,Board. The Chairman’s Committee concerns itself with questions,and submits the corresponding proposal to the Supervisory
7,regarding the Company’s corporate governance and prepares the,"Board. Prior to submitting this proposal, the Audit Committee"
8,resolutions to be approved by the Supervisory Board regarding,obtains a statement from the prospective independent auditors
9,the Declaration of Conformity with the Code ‒ including the ex­,affirming that their independence is not in question. It awards
10,planation of deviations from the Code ‒ and regarding the ap­,the audit contract to the independent auditors elected by the
11,proval of the Corporate Governance Report as well as the Report,Annual Shareholders’ Meeting and monitors the independent
12,of the Supervisory Board to the Annual Shareholders’ Meeting.,audit of the financial statements as well as the auditors’ selec­
13,"Furthermore, the Chairman’s Committee submits recommenda­","tion, independence, qualification, rotation and efficiency and the"
14,tions to the Supervisory Board regarding the composition of the,"services rendered by the auditors. Outside its meetings, the Super­"
15,Supervisory Board committees and decides whether to approve,visory Board is also in regular communication with the indepen­
16,contracts and business transactions with Managing Board mem­,dent auditors via the Chairman of the Audit Committee.
17,bers and parties related to them.,
18,,"As of September 30, 2019, the Audit Committee comprised"
19,"As of September 30, 2019, the Chairman’s Committee comprised","Dr. Werner Brandt (Chairman), Bettina Haller, Robert Kensbock,"
20,"Jim Hagemann Snabe (Chairman), Jürgen Kerner, Birgit Steinborn","Jürgen Kerner, Dr. Nicola Leibinger­Kammüller, Jim Hagemann"
21,and Werner Wenning.,"Snabe, Birgit Steinborn and Matthias Zachert. The members of"
22,,"the Audit Committee are, as a group, familiar with the sector in"
23,"The Compensation Committee prepares, in particular, the pro­",which the Company operates. Pursuant to the German Stock
24,posals for decisions at the Supervisory Board’s plenary meetings,"Corporation Act, the Audit Committee must include at least one"
25,"regarding the system of Managing Board compensation, includ­",Supervisory Board member with knowledge and experience in
26,ing the implementation of this system in Managing Board con­,the areas of accounting or the auditing of financial statements.
27,"tracts, the definition of the targets for variable Managing Board","Pursuant to the Code, the chairman or chairwoman of the Audit"
28,"compensation, the determination and review of the appropriate­",Committee shall have specialist knowledge and experience in the
29,ness of the total compensation of individual Managing Board,application of accounting principles and internal control pro­
30,members and the approval of the annual Compensation Report.,"cesses, shall be independent and may not be a former Managing"
