,"To analyze and monitor credit risks, the Company applies various",at fair value. Those collaterals are provided in connection with
0,systems and processes. A main element is a central IT application,netting agreements for derivatives providing protection from the
1,that processes data from operating units together with rating,"risk of a counterparty ’s insolvency. As of September 30, 2019,"
2,"and default information and calculates an estimate, which may",collateral held for credit-impaired receivables from finance leases
3,"be used as a basis for individual bad debt provisions. Additionally,","amounted to € 55 million. As of September 30, 2019 and 2018,"
4,qualitative information is considered to particularly incorporate,collateral held for financial assets measured at amortized cost
5,the latest developments.,"amounted to € 3,948 million and € 3,608 million, respectively,"
6,,including € 86 million for credit-impaired loans in SFS’ asset
7,The carrying amount is the maximum exposure to a financial as-,"finance business. Those collaterals mainly comprised property,"
8,"set’s credit risk, without taking account of any collateral. Collat-",plant and equipment. Credit risks arising from irrevocable loan
9,eral reduces the valuation allowance to the extent it mitigates,commitments are equal to the expected future pay-offs resulting
10,"credit risk. Collateral needs to be specific, identifiable and legally",from these commitments.
11,enforceable to be taken into account. Those collaterals are mostly,
12,held in the portfolio of SFS.,SFS’ external financing portfolio disaggregates into credit risk
