,"tion of candidates for the Supervisory Board, the Supervisory"
0,Board as well as the Nominating Committee of the Supervisory
1,Board take into account the objectives regarding the Super­
2,visory Board’s composition and the requirements defined in its
3,"diversity concept. Most recently, the Supervisory Board took into"
4,"account these objectives and requirements, including those re­"
5,"lating to the profile of required skills and expertise, when pro­"
6,posing candidates for election as shareholder representatives to
7,the Annual Shareholders’ Meeting in 2018.
8,"The Supervisory Board is of the opinion that, with its current"
9,"composition, it meets the objectives for its composition and"
10,fulfills the profile of required skills and expertise as well as the
11,diversity concept. The Supervisory Board members have the spe­
12,cialist and personal qualifications considered necessary. As a
13,"group, they are familiar with the sector in which the Company"
14,"operates and have the knowledge, skills and experience essential"
15,for Siemens. A considerable number of Supervisory Board mem­
16,bers are engaged in international activities and /or have many
17,years of international experience. Appropriate consideration has
18,"been given to diversity in the Supervisory Board. In fiscal 2019,"
19,"the Supervisory Board had seven female members, of whom"
20,three are shareholder representatives and four are employee rep­
21,"resentatives. As a result, 35 % of the Supervisory Board members"
22,are women. Dr. Nicola Leibinger­Kammüller is a member of the
23,Nominating Committee.
24,The Supervisory Board is of the opinion that it also has an ade­
25,"quate number of independent members. In its estimation, there"
26,are currently at least 18 Supervisory Board members who are
27,independent in the meaning of Section 5.4.2 of the Code. Of these
28,"independent members, at least eight – namely, Dr. Werner Brandt,"
29,"Michael Diekmann, Benoît Potier, Dr.­Ing. Dr.­Ing. E. h. Norbert"
30,"Reithofer, Dame Nemat Shafik (DPhil), Jim Hagemann Snabe,"
31,Werner Wenning and Matthias Zachert – are shareholder repre­
32,sentatives. The regulations establishing limits on age and re­
