,Unnamed: 0,Unnamed: 1,Unnamed: 2,Asset,Unnamed: 3,Unnamed: 4
0,,,Order related,retirement,,
1,(in millions of €),Warranties,losses and risks,obligations,Other,Total
2,"Balance as of October 1, 2018","4,575","1,475",776,"1,320","8,147"
3,Thereof non-current,"2,390",575,762,489,"4,216"
4,Additions,"1,621",449,3,468,"2,541"
5,Usage,"(1,060)",(502),(8),(346),"(1,915)"
6,Reversals,"(1,131)",(159),(239),(262),"(1,791)"
7,Translation differences,53,29,3,16,101
8,Accretion expense and effect of changes in discount rates,35,2,163,3,202
9,Other changes,206,(180),2,82,110
10,"Balance as of September 30, 2019","4,300","1,114",700,"1,282","7,396"
11,Thereof non-current,"2,107",425,687,494,"3,714"
