,Unnamed: 0,Unnamed: 1,Unnamed: 2,Vested and,Unnamed: 3,Unnamed: 4,Unnamed: 5
0,,,Granted,settled,Forfeited,,
1,,Balance at beginning of,during,during,during,Balance at end of,Expenses for stock-based
2,,fiscal 2019,fiscal year 1,fiscal year,fiscal year,fiscal 2019 2,compensation (in €)
3,,,,Bonus,,,
4,,Non-forfeit- Forfeitable,Forfeitable,Awards and,,Non-forfeit- Forfeitable,
5,,able Bonus Stock,Stock,Stock,Stock,able Bonus Stock,
6,,Awards Awards,Awards,Awards,Awards,Awards Awards,
7,(Amounts in number of units),grants grants,grants,grants,grants,grants grants,2019 2018
8,Managing Board,,,,,,
9,members in office as,,,,,,
10,"of September 30, 2019",,,,,,
11,Joe Kaeser,"9,296 127,189","53,582","62,022",–,"– 128,045","1,231,410 3,474,486"
12,Dr. Roland Busch,"5,578 65,441","26,815","33,518",–,"– 64,316","606,684 1,785,096"
13,Lisa Davis,"576 76,476","26,815","39,551",–,"– 64,316","605,764 1,701,198"
14,Klaus Helmrich,"4,824 65,441","26,815","32,764",–,"– 64,316","606,940 1,785,401"
15,Janina Kugel,"– 48,135","26,815","11,656",–,"– 63,294","578,552 1,566,652"
16,Cedrik Neike 3,"– 17,192","26,815",–,–,"– 44,007","557,575 419,403"
17,Michael Sen,"– 22,394","33,518",–,–,"– 55,912","716,334 653,500"
18,Prof. Dr. Ralf P. Thomas,"4,824 65,441","33,518","32,764",–,"– 71,019","679,797 1,855,216"
19,Total,"25,098 487,709","254,693","212,275",–,"– 555,225","5,583,058 13,240,953"
