,"ing procurement, production and service activities. After achiev-",Markets for Portfolio Companies are generally impacted by rising
0,"ing certain threshold performance targets, businesses may trans-",uncertainties regarding geopolitical and economic develop-
1,"fer to Siemens industrial businesses, combine with external","ments, which weaken investment sentiment. Although the broad"
2,business from the same industry or enter into an external private,"range of businesses are operating in diverse markets, overall,"
3,equity partnership.,moderate growth is expected in the coming years for the main
4,,markets served by the Portfolio Companies.
5,"Portfolio Companies consists of a broad range of businesses,",
6,which at the end of fiscal 2019 mainly included the following fully,"Beginning with fiscal 2020, the equity investments Ethos Energy"
7,consolidated units: application specific solutions (process solu-,"Group Limited and Voith Hydro Holding GmbH & Co. KG, the sub-"
8,"tions), electric motors, converters and generators (large drive appli-","sea business, and the majority of the process solutions business"
9,"cations), gear units and couplings (mechanical drives) and sorting",will be transferred to the Operating Company Gas and Power. If
10,"technology and solutions for mail, parcel, baggage and cargo han-","this organizational structure had already existed in fiscal 2019,"
11,dling (Siemens Logistics). Within the industries served by fully con-,"Portfolio Companies would have posted orders of € 4.746 billion,"
12,"solidated units, customer demand generally shows a delayed re-",revenue of € 4.558 billion and Adjusted EBITA of €(115) million.
13,sponse to changes in the overall economic environment. The results,
14,"of fully consolidated units are strongly dependent, however, on",Mitsubishi-Hitachi Metals Machinery (MHMM) and Siemens AG
15,customer investment cycles in their key industries. In commodi-,"reached an agreement in September 2019, that MHMM will ac-"
16,"ty-based industries such as oil and gas or mining, these cycles are",quire Siemens’ stake in Primetals Technologies. Closing of the
17,driven mainly by commodity price fluctuations. The broad range of,transaction is subject to customary conditions and is expected by
18,fully consolidated units and their heterogenous industrial customer,the beginning of calendar 2020.
19,base is reflected in its sales and marketing channels. While the me-,
20,chanical drives business and Siemens Logistics  require a dedicated,
21,sales approach based on in-depth understanding of specific indus-,A.3.10 Reconciliation to
22,"tries and customer requirements, the large drives applications busi-",Consolidated Financial Statements
23,ness and the process solutions business leverage the shared regional,
24,sales organization employed by the Siemens Operating Companies.,
25,,Profit
26,,Fiscal year
27,,(in millions of €) 2019 2018
28,Fiscal year % Change,
29,,Real Estate Services 145 140
30,(in millions of €) 2019 2018 Actual Comp.,
31,,Corporate items (562) 631
32,"Orders 5,806 5,569 4 % 3 %",
33,,Centrally carried pension expense (264) (423)
34,"Revenue 5,526 4,930 12 % 11 %",
35,,Amortization of intangible assets
36,Adjusted EBITA (71) (305) 77 %,"acquired in business combinations (1,133) (1,164)"
37,Adjusted EBITA margin (1.3) % (6.2) %,"Eliminations, Corporate Treasury"
38,,and other reconciling items (215) (318)
39,,Reconciliation to Consolidated
40,,"Financial Statements (2,028) (1,135)"
41,,
42,"Supported by a recovery in commodity-related markets, orders",
43,and revenue showed broad-based growth year-over-year with,
44,"strongest increases in the mechanical drives business. Overall,",The negative swing in Corporate items was mainly due to large
45,Portfolio Companies businesses made good progress in achieving,positive effects in fiscal 2018 – the gain of € 900 million resulting
46,their targets. Adjusted EBITA improved in all fully consolidated,from the transfer of Siemens’ shares in Atos SE to Siemens Pen-
47,"units and turned positive in total, mainly driven by the large",sion-Trust e. V. and the gain of € 655 million from the sale of
48,drives applications business. The result from equity investments,OSRAM Licht AG shares. These effects substantially outweighed
49,"in total also improved slightly, though it was negative in both",a positive result in fiscal 2019 from the measurement of a major
50,periods under review. Severance charges decreased to € 14 mil-,"asset retirement obligation, which was previously reported in"
51,"lion, from € 86 million in fiscal 2018. Portfolio Companies’ order",Centrally managed portfolio activities. Severance charges within
