,"ment benefits, we use external experts. The reported closing","tion, the Audit Committee is integrated into our control system."
0,data is used to prepare the financial statements in the consolida-,"In particular, it oversees the accounting and accounting process"
1,tion system. The steps necessary to prepare the financial state-,"and the effectiveness of the internal control system, the risk"
2,ments are subject to both manual and automated controls.,"management system and the internal audit system. Moreover,"
3,,we have rules for accounting-related complaints.
4,Qualification of employees involved in the accounting process is,
5,ensured through appropriate selection processes and training. As,
6,"a fundamental principle, based on materiality considerations, the",
7,“four eyes” principle applies and specific procedures must be ad-,
8,hered to for data authorization. Additional control mechanisms,
9,include target-performance comparisons and analyses of the com-,
10,"position of and changes in individual line items, both in the closing",
11,data submitted by reporting units and in the Consolidated Finan-,
12,"cial Statements. In line with our information security requirements,",
13,accounting-related IT systems contain defined access rules protect-,
