,No severance payments or special BSAV contributions are made.,In the event of a change of control that results in a substantial
0,,"change in a Managing Board member ’s position, the Managing"
1,2. Termination by mutual agreement,Board member has the right to terminate his or her employment
2,In the event of an early termination of membership on the,contract with the Company. A change of control exists if one
3,Managing Board by mutual agreement and without serious,shareholder or multiple shareholders acting in concert acquire a
4,"cause, Managing Board members’ employment contracts provide",majority of the voting rights in Siemens AG and exercise a con-
5,for a severance payment:,trolling influence or if Siemens AG becomes a dependent enter-
6,,prise as a result of entering into an intercompany agreement
7,,within the meaning of Section 291 of the German Stock Corpora-
8,,tion Act (Aktiengesetz) or if Siemens AG is to be merged into
9,,another entity. There is no right of termination if the change of
10,Basis for  Base compensation plus Bonus(es) actually,
11,calculation received in the last fiscal year prior to the,control takes place within 12 months before the member retires.
12,"end of employment, and granted long-term","If this right of termination is exercised, the Managing Board"
13,stock-based compensation (annual com-,member is entitled to a severance payment for the remainder of
14,pensation),
15,,his or her term of office:
16,Limit (severance cap)  Not more than two years’ annual compen-,
17,sation and not more than the member,
18,would  receive for the remaining term of his,
19,or her employment contract,
20,Payment  In the month of departure,
21,Special BSAV   Based on the BSAV contribution that the,Basis for   Base compensation plus the target amount
22,contribution;  Managing Board member received in the,"calculation for the Bonus and the Stock Awards, each"
23,one-time prior year and on the remaining term of,based on the last fiscal year before the end
24,his or her appointment,of employment (annual compensation)
25,Limited to not more than the contributions,Limit (severance cap)  Two years’ annual compensation
26,for two years (cap),
27,,Payment  In the month of departure
28,Increase /discount Severance payment will be reduced by,Benefits are forfeited if the Managing Board
