,Unnamed: 0,Equity interest,Unnamed: 1,Equity interest.1
0,"September 30, 2019",in %,"September 30, 2019",in %
1,"Siemens Healthcare Limited, Auckland / New Zealand",100,"Siemens Mobility Limited, Bangkok / Thailand",100
2,"Siemens Gamesa Renewable Energy, Inc.,",,"Siemens Gamesa Renewable Energy LLC, Ho Chi Minh",
3,Makati City / Philippines,100,City / Viet Nam,100
4,"Siemens Healthcare Inc., Manila / Philippines",100,"Siemens Healthcare Limited, Ho Chi Minh City / Viet Nam",100
5,"Siemens Power Operations, Inc., Manila / Philippines",100,"Siemens Ltd., Ho Chi Minh City / Viet Nam",100
6,"Siemens, Inc., Manila / Philippines",100,,
7,"Aimsun Pte Ltd, Singapore / Singapore",100,ASSOCIATED COMPANIES AND JOINT VENTURES,
8,"Flender Pte. Ltd., Singapore / Singapore",100,Germany (29 companies),
9,"Mentor Graphics Asia Pte Ltd, Singapore / Singapore",100,"Alchemist Accelerator Europe Fund I GmbH & Co. KG,",
10,Siemens Gamesa Renewable Energy Singapore Private,,Grünwald,"100 4, 8"
11,"Limited, Singapore / Singapore",100,"ATS Projekt Grevenbroich GmbH, Schüttorf",25 8
12,"Siemens Gas and Power Pte. Ltd., Singapore / Singapore",100 7,"BELLIS GmbH, Braunschweig",49 8
13,"Siemens Healthcare Pte. Ltd., Singapore / Singapore",100,"Caterva GmbH, Pullach i. Isartal",50
14,"Siemens Industry Software Pte. Ltd.,",,"Curagita Holding GmbH, Heidelberg",30
15,Singapore / Singapore,100,DKS Dienstleistungsgesellschaft f. Kommunikationsanlagen,
16,"Siemens Logistics PTE. LTD., Singapore / Singapore",100,"des Stadt- und Regionalverkehrs mbH, Cologne",49 8
17,"Siemens Mobility Pte. Ltd., Singapore / Singapore",100,"egrid applications & consulting GmbH, Kempten",49 8
18,"Siemens Pte. Ltd., Singapore / Singapore",100,"FEAG Fertigungscenter für Elektrische Anlagen GmbH,",
19,Siemens Gamesa Renewable Energy Lanka (Private),,Erlangen,49 8
20,"Limited, Colombo / Sri Lanka",100,"GuD Herne GmbH, Essen",50
21,"Siemens Gamesa Renewable Energy Offshore Wind Limited,",,"IFTEC GmbH & Co. KG, Leipzig",50
22,"Taipei / Taiwan, Province of China",100,"Infineon Technologies Bipolar GmbH & Co. KG, Warstein",40
23,"Siemens Gas and Power Limited, Taipei / Taiwan,",,"Infineon Technologies Bipolar Verwaltungs-GmbH, Warstein",40 8
24,Province of China,100 7,INPRO Innovationsgesellschaft für fortgeschrittene,
25,"Siemens Healthcare Limited, Taipei / Taiwan,",,"Produktionssysteme in der Fahrzeugindustrie mbH, Berlin",25 8
26,Province of China,100,"LIB Verwaltungs-GmbH, Leipzig",50 8
27,"Siemens Industry Software (TW) Co., Ltd.,",,"Ludwig Bölkow Campus GmbH, Taufkirchen",25 8
28,"Taipei / Taiwan, Province of China",100,"Magazino GmbH, Munich",28
29,"Siemens Limited, Taipei / Taiwan, Province of China",100,"Maschinenfabrik Reinhausen GmbH, Regensburg",20
30,"Dresser-Rand (Thailand) Limited, Rayong / Thailand",100,"MetisMotion GmbH, Munich",23 8
31,"Siemens Gamesa Renewable Energy (Thailand) Co., Ltd.,",,"MeVis BreastCare GmbH & Co. KG, Bremen",49
32,Bangkok / Thailand,100,"MeVis BreastCare Verwaltungsgesellschaft mbH, Bremen",49 8
33,"Siemens Gamesa Renewable Energy Limited,",,"Nordlicht Holding GmbH & Co. KG, Frankfurt",33
34,Bangkok / Thailand,100,"Nordlicht Holding Verwaltung GmbH, Frankfurt",33 8
35,"Siemens Healthcare Limited, Bangkok / Thailand",100,"OWP Butendiek GmbH & Co. KG, Bremen",23
36,"Siemens Limited, Bangkok / Thailand",99,"Siemens EuroCash, Munich",5 6
37,"Siemens Logistics Automation Systems Ltd.,",,"Sternico GmbH, Wendeburg",45 8
38,Bangkok / Thailand,100,"Valeo Siemens eAutomotive GmbH, Erlangen",50
39,1  Control due to a majority of voting rights.,,7  Not consolidated due to immateriality.,
40,"2  Control due to rights to appoint, reassign or remove members of the",,8 Not accounted for using the equity method due to immateriality.,
41,key management personnel.,,,
42,,,9 Exemption pursuant to Section 264 b German Commercial Code.,
43,3  Control due to contractual arrangements to determine the direction of the,,,
44,,,10 Exemption pursuant to Section 264 (3) German Commercial Code.,
45,relevant activities.,,,
46,,,11 Values according to the latest available local GAAP financial statements;,
47,4  No control due to contractual arrangements or legal circumstances.,,,
48,,,the underlying fiscal year may differ from the Siemens fiscal year.,
49,5  No significant influence due to contractual arrangements or legal circumstances.,,,
50,,,12 Siemens AG is a shareholder with unlimited liability of this company.,
51,6  Significant influence due to contractual arrangements or legal circumstances.,,,
