,"sions related to onerous contracts, warranty costs, asset retire-",cial assets or financial liabilities at fair value through profit or loss
0,"ment obligations, legal and regulatory proceedings as well as","at inception (Fair Value Option). Initially, financial instruments"
1,governmental investigations (Legal Proceedings). Siemens re-,"are recognized at fair value and net of transaction costs, if not"
2,cords a provision for onerous contracts with customers when,categorized at FVTPL. Receivables from finance leases are recog-
3,current estimates of total estimated costs exceed estimated rev-,nized at an amount equal to the net investment in the lease.
4,enue. Onerous contracts with customers are identified by moni-,"Subsequently, financial assets and liabilities are measured ac-"
5,toring the progress of the project and updating the estimates,cording to the category to which they are assigned to:
6,which requires significant judgment relating to achieving certain,
7,performance standards as well as estimates involving warranty,Financial assets measured at fair value through profit and loss
8,costs and estimates regarding project delays including the assess-,(FVTPL) – Debt financial assets are measured at FVTPL if the busi-
9,ment of responsibility splits between the contract partners for,ness model they are held in is not a hold-to-collect or a hold-a nd-
10,these delays. Uncertainties regarding asset retirement obliga-,"sell business model, or if their contractual cash flows do not"
11,tions include the estimated costs of decommissioning and final,represent solely payments of principal and interest. Equity instru-
12,waste storage because of the long time frame over which future,ments are measured at FVTPL unless the FVOCI-option is elected.
13,cash outflows are expected to occur including the respective in-,
14,terest accretion. The estimated cash outflows could be impacted,Financial assets measured at fair value through other compre-
15,significantly by changes of the regulatory environment.,hensive income (FVOCI) – are equity instruments for which
16,,Siemens irrevocably elects to present subsequent fair value
17,Legal Proceedings often involve complex legal issues and are sub-,changes in OCI at initial recognition of the instrument. Unreal-
18,"ject to substantial uncertainties. Accordingly, considerable judg-","ized gains and losses, net of deferred income tax expenses, as"
19,ment is part of determining whether it is probable that there is a,well as gains and losses on the subsequent sale of the instru-
20,present obligation as a result of a past event at the end of the,"ments are recognized in line item Other comprehensive income,"
21,"reporting period, whether it is probable that such a Legal Pro-",net of income taxes.
22,ceeding will result in an outflow of resources and whether the,
23,amount of the obligation can be reliably estimated. Internal and,"Financial assets measured at amortized cost – Loans, receivables"
24,external counsels are generally part of the determination pro-,and other debt instruments held in a hold-to-collect business
25,"cess. Due to new developments, it may be necessary, to record a",model with contractual cash flows that represent solely pay-
26,provision for an ongoing Legal Proceeding or to adjust the,ments of principal and interest are measured at amortized cost
27,amount of a previously recognized provision. Upon resolution of,using the effective interest method less valuation allowances for
28,"a Legal Proceeding, Siemens may incur charges in excess of the",expected credit losses.
29,recorded provisions for such matters. The outcome of Legal Pro-,
30,ceedings may have a material effect on Siemens’ financial posi-,"Valuation allowances are set up for expected credit losses, repre-"
31,"tion, its results of operations and /or its cash flows.",senting a forward-looking estimate of future credit losses involv-
32,,ing significant judgment. Expected credit loss is the gross carry-
33,Termination benefits – Termination benefits are provided as a,"ing amount less collateral, multiplied by the probability of default"
34,result of an entity ’s offer made in order to encourage voluntary,and a factor reflecting the loss in the event of default. Valuation
35,redundancy before the regular retirement date or from an entity ’s,allowances are not recognized when the gross carrying amount
36,decision to terminate the employment. Termination benefits in,is sufficiently collateralized. Probabilities of default are mainly
37,"accordance with IAS 19, Employee Benefits, are recognized as a",derived from internal rating grades. A simplified approach is used
38,liability and an expense when the entity can no longer withdraw,"to assess expected credit losses from trade receivables, lease re-"
39,the offer of those benefits.,ceivables and contract assets by applying their lifetime expected
40,,credit losses. The valuation allowance for loans and other long-
41,Financial instruments – A financial instrument is any contract,term debt instruments primarily held at Financial Services (SFS)
