,•,In-person payments: Square,Reader,"SDK,",which,launched,in,the,Unnamed: 0,third quarter,Unnamed: 1,"of 2018,",enables,Unnamed: 2
0,,developers to seamlessly,integrate,Square,hardware,,with a seller’s,,,custom,point,"of sale,",and,allow
1,,them to build unique checkout experiences such as self-ordering kiosks.,,,,,,,,,,,,
2,•,"Online payments: With our online payments APIs, developers can integrate Square payments with an",,,,,,,,,,,,
3,,e-commerce website or online store.,,,,,,,,,,,,
4,•,Mobile payments: In-App,Payments,"SDK,",which,,launched in,the,,first quarter,,"of 2019,",enables,
5,,developers to build consumer mobile apps that use Square to process payments.,,,,,,,,,,,,
6,•,Commerce: With our commerce,"APIs,",developers,,can,manage,"orders,",,product,"catalogs,",,"inventory,",
