,Unnamed: 0,Amounts,Amounts.1,Amounts.2
0,,reclassified from reclassified from,reclassified from,
1,,AOCI in the,AOCI in the,AOCI in the
2,,year ended,year ended,year ended Affected line item in the
3,,"December 31,","December 31,","December 31, statement where"
4,Details about AOCI components,2019,2018,2017 net income (loss) is presented
5,Gains (Losses) on Cash Flow,,,
6,Hedges,,,
7,Foreign exchange derivative,,,
8,contracts,(51),4,16  Cost of sales
9,Foreign exchange derivative,,,"Selling, general and"
10,contracts,(6),(1),3  administrative
11,Foreign exchange derivative,,,
12,contracts,(22),(2),11  Research and development
13,,,,Income tax benefit
14,,10,—,—  (expense)
15,,(69),1,30  Net of tax
16,Defined Benefit Pension Plan,,,
17,Items,,,
18,Amortization of actuarial gains,,,Other components of
19,(losses),(13),(10),(10) pension benefit costs
20,Amortization of prior service cost,,,Other components of
21,,(1),(1),—  pension benefit costs
22,,,,Income tax benefit
23,,3,2,2  (expense)
24,,(11),(9),(8) Net of tax
25,Total reclassifications for the year,(80),(8),22
26,Attributable to noncontrolling,,,
27,interest,—,—,—
28,Attributable to the Company’s,,,
29,stockholders,(80),(8),22
