,Unnamed: 0,Unnamed: 1,2019,2018 2017,2016,Unnamed: 2,Unnamed: 3,2015
0,,,(In millions except per share and ratio data),,,,,
1,Consolidated Statements of Income Data:,,,,,,,
2,Net sales,$,"9,529","$ 9,612 $ 8,308","$ 6,944",,$,"6,866"
3,Other revenues,,27,52,39,29,,31
4,Net revenues,,"9,556","9,664 8,347","6,973",,,"6,897"
5,Cost of sales(1),,"(5,860)","(5,803)  (5,075)","(4,514)",,,"(4,561)"
6,Gross profit(1),,"3,696","3,861 3,272","2,459",,,"2,336"
7,Operating expenses:,,,,,,,
8,"Selling, general and administrative(1)",,"(1,093)","(1,095)  (981)",(907),,,(894)
9,Research and development(1),,"(1,498)","(1,398)  (1,296)","(1,331)",,,"(1,420)"
10,"Other income and expenses, net",,103,53,55,99,,164
11,"Impairment, restructuring charges and other related",,,,,,,
12,closure costs,,(5),(21),(45),(93),,(65)
13,Operating income (1),,"1,203","1,400 1,005",227,,,121
14,"Interest income (expense), net",,1,(7),(22),(20),,(22)
15,Other components of pension benefit costs(1),,(16),(11),(12),(13),,(12)
16,Income (loss) on equity-method investments,,1,8,(2),7,,2
17,"Gain (loss) on financial instruments, net",,—,(1),(16),—,,—
18,Income before income taxes and noncontrolling interest,,"1,189","1,389 953",201,,,89
19,Income tax (expense)/benefit,,(156),(96)  (143),,(31),,21
20,Net income,,"1,033","1,293 810",170,,,110
21,Net income attributable to noncontrolling interest,,(1),(6),(8),(5),,(6)
22,Net income attributable to parent company,,"1,032","1,287 802",165,,,104
23,Earnings per share (basic) attributable to parent company,,,,,,,
24,stockholders,,1.15,1.43 0.91,0.19,,,0.12
25,Earnings per share (diluted) attributable to parent company,,,,,,,
26,stockholders,,1.14,1.41 0.89,0.19,,,0.12
27,Number of shares used in calculating earnings per share,,,,,,,
28,(basic),,894.3,899.4 884.7,881.2,,,876.5
29,Number of shares used in calculating earnings per share,,,,,,,
30,(diluted),,903.6,911.0 906.1,886.3,,,880.6
31,Consolidated Balance Sheets Data (end of period):,,,,,,,
32,Cash and cash equivalents,,"2,597","2,266 1,759","1,629",,,"1,771"
33,Restricted cash,,10,—,—,—,,4
34,Short-term deposits,,4,—,—,—,,—
35,Marketable securities,,133,330 431,335,,,335
36,Total assets,,"11,868","10,867 9,681","8,004",,,"8,195"
37,Net assets,,"7,111","6,424 5,467","4,596",,,"4,693"
38,Short-term debt,,173,146 118,117,,,191
39,Long-term debt,,"1,899","1,764 1,583","1,334",,,"1,421"
40,Total parent company stockholders’ equity,,"7,043","6,359 5,404","4,535",,,"4,632"
41,Common stock and capital surplus,,"4,149","4,000 3,875","3,975",,,"3,936"
42,Other Data:,,,,,,,
43,Dividend per share,,0.24,0.24 0.24,0.24,,,0.40
44,"Capital expenditures, net of proceeds from sales",,"(1,174)","(1,262)  (1,298)",(607),,,(467)
45,Net cash from operating activities,,"1,869","1,845 1,677","1,043",,,846
46,Depreciation and amortization,,854,791 650,696,,,736
47,Debt-to-equity ratio(2),,0.29,0.30 0.31,0.32,,,0.35
