,Unnamed: 0,Unnamed: 1,% of net,Unnamed: 2,% of net.1,Unnamed: 3,% of net.2
0,,$ million,revenues  $ million,,revenues  $ million,,revenues
1,Net sales,"$ 9,529",99.7%  $,"9,612",99.5%  $,"8,308",99.5
2,Other revenues,27,0.3,52,0.5,39,0.5
3,Net revenues,"9,556",100.0,"9,664",100.0,"8,347",100.0
4,Cost of sales,"(5,860)",(61.3),"(5,803)",(60.0),"(5,075)",(60.8)
5,Gross profit,"3,696",38.7,"3,861",40.0,"3,272",39.2
6,"Selling, general and administrative","(1,093)",(11.4),"(1,095)",(11.3),(981),(11.8)
7,Research and development,"(1,498)",(15.7),"(1,398)",(14.5),"(1,296)",(15.5)
8,"Other income and expenses, net",103,1.1,53,0.5,55,0.7
9,"Impairment, restructuring charges and other",,,,,,
10,related closure costs,(5),(0.1),(21),(0.2),(45),(0.6)
11,Operating income,"1,203",12.6,"1,400",14.5,"1,005",12.0
12,"Interest expense, net",1,0.0,(7),(0.1),(22),(0.3)
13,Other components of pension benefit costs,(16),(0.2),(11),(0.1),(12),(0.1)
14,Income (loss) on equity-method investments,1,0.0,8,0.1,(2),(0.0)
15,"Loss on financial instruments, net",—,—,(1),(0.0),(16),(0.2)
16,Income before income taxes and,,,,,,
17,noncontrolling interest,"1,189",12.4,"1,389",14.4,953,11.4
18,Income tax expense,(156),(1.6),(96),(1.0),(143),(1.7)
19,Net income,"1,033",10.8,"1,293",13.4,810,9.7
20,Net income attributable to noncontrolling,,,,,,
21,interest,(1),(0.0),(6),(0.1),(8),(0.1)
