,Marketable securities – U.S. Treasury debt,Unnamed: 0,Unnamed: 1,Unnamed: 2,Unnamed: 3
0,securities,330,330,—,—
1,Equity securities measured at fair value through,,,,
2,earnings,19,19,—,—
3,Derivative assets designated as cash flow,,,,
4,hedge,2,—,2,—
5,Derivative liabilities designated as cash flow,,,,
6,hedge,(33),—,(33),—
7,Derivative assets not designated as cash flow,,,,
8,hedge,3,—,3,—
9,Derivative liabilities not designated as cash,,,,
10,flow hedge,(1),—,(1),—
11,Contingent consideration on business,,,,
12,combinations,—,—,—,—
13,Total,320,349,(29),—
