,Employee related liabilities,375,384
0,Employee compensated absences,138,125
1,Taxes other than income taxes,53,60
2,Advances,63,77
3,Payables to equity-method investments,—,49
4,Derivative instruments,7,34
5,Provision for restructuring,10,22
6,Defined benefit plans – current portion,10,12
7,Defined contribution plans – accrued benefits,20,18
8,Other long-term benefits – current portion,7,6
9,Royalties,21,26
10,Current lease obligation,55,—
11,Deferred consideration for business combinations,10,—
12,Others,62,61
13,Total,831,874
