,Unnamed: 0,Unnamed: 1,"December 29,","December 30,","December 31,"
0,,,2019,2018,2017
1,sh flows from financing activities:,,,,
2,Proceeds from bank loans and other debt . . . . . . . . . . . . . . . . . . . . . . . .,,"381,928","227,676","339,253"
3,"Repayment of 0.75% debentures due 2018, bank loans and other debt .",,"(271,015)","(535,252)","(358,317)"
4,"Proceeds from issuance of non-recourse residential financing, net of",,,,
5,issuance costs. . . . . . . . . . . . . . . . . . . . . . . . . . . . . . . . . . . . . . . . . . . . .,,"72,259","192,287","89,612"
6,Repayment of non-recourse residential financing . . . . . . . . . . . . . . . . . .,,"(2,959)","(17,358)","(6,888)"
7,Contributions from noncontrolling interests and redeemable,,,,
8,noncontrolling interests attributable to residential projects . . . . . . . . .,,"35,790","151,204","196,628"
9,Distributions to noncontrolling interests and redeemable,,,,
10,noncontrolling interests attributable to residential projects . . . . . . . . .,,(316),"(21,918)","(18,228)"
11,Proceeds from issuance of non-recourse power plant and commercial,,,,
12,"financing, net of issuance costs . . . . . . . . . . . . . . . . . . . . . . . . . . . . . .",,"3,004","126,020","527,897"
13,Repayment of non-recourse power plant and commercial financing . . .,,—,"(31,282)","(176,069)"
14,"Proceeds of common stock equity offering, net of offering costs . . . . .",,"171,834",—,—
15,Contributions from noncontrolling interests attributable to power plant,,,,
16,and commercial projects . . . . . . . . . . . . . . . . . . . . . . . . . . . . . . . . . . . .,,—,—,800
17,Payment for prior business combination . . . . . . . . . . . . . . . . . . . . . . . . .,,"(39,000)",—,—
18,"Settlement of contingent consideration arrangement, net of cash",,,,
19,received . . . . . . . . . . . . . . . . . . . . . . . . . . . . . . . . . . . . . . . . . . . . . . . . .,,"(1,646)",—,—
20,Purchases of stock for tax withholding obligations on vested restricted,,,,
21,stock . . . . . . . . . . . . . . . . . . . . . . . . . . . . . . . . . . . . . . . . . . . . . . . . . . . .,,"(5,565)","(5,530)","(4,756)"
22,Net cash provided by financing activities . . . . . . . . . . . . . . . . . . . .,,"344,314","85,847","589,932"
23,"fect of exchange rate changes on cash, cash equivalents, restricted",,,,
24,cash and restricted cash equivalents . . . . . . . . . . . . . . . . . . . . . . . . . . . . .,,(373),"2,068",689
25,"t decrease in cash, cash equivalents, restricted cash and restricted",,,,
26,cash equivalents. . . . . . . . . . . . . . . . . . . . . . . . . . . . . . . . . . . . . . . . . . . . .,,"94,894","(180,574)","30,125"
27,"sh, cash equivalents, restricted cash and restricted cash equivalents,",,,,
28,beginning of period1 . . . . . . . . . . . . . . . . . . . . . . . . . . . . . . . . . . . . . . . . .,,"363,763","544,337","514,212"
29,"sh, cash equivalents, restricted cash and restricted cash equivalents,",,,,
30,end of period1 . . . . . . . . . . . . . . . . . . . . . . . . . . . . . . . . . . . . . . . . . . . . . .,,"$ 458,657","$ 363,763","$ 544,337"
