,"sh, cash equivalents, restricted cash and restricted cash equivalents,",Unnamed: 0,Unnamed: 1,Unnamed: 2
0,end of period1 . . . . . . . . . . . . . . . . . . . . . . . . . . . . . . . . . . . . . . . . . . . . . .,"$ 458,657","$ 363,763","$ 544,337"
1,n-cash transactions:,,,
2,Assignment of residential lease receivables to third parties . . . . . . . . . .,$ —,$ —,$ 129
3,Stock consideration received from a business divestiture . . . . . . . . . . . .,$ —,"$ 42,600",$ —
4,Acquisition of noncontrolling interests funded by Mezzanine Loan,,,
5,proceeds . . . . . . . . . . . . . . . . . . . . . . . . . . . . . . . . . . . . . . . . . . . . . . . . .,$ —,"$ 12,400",$ —
6,"Costs of solar power systems, leased, sourced from existing inventory.",$ —,"$ 36,384","$ 57,688"
7,"Costs of solar power systems, leased, funded by liabilities . . . . . . . . . .",$ —,"$ 3,631","$ 5,527"
8,Costs of solar power systems sourced from existing inventory . . . . . . .,"$ 29,206",$ —,$ —
9,Costs of solar power systems funded by liabilities . . . . . . . . . . . . . . . . .,"$ 2,671",$ —,$ —
10,Costs of solar power systems under sale-leaseback financing,,,
11,"arrangements, sourced from project assets . . . . . . . . . . . . . . . . . . . . . .",$ —,"$ 86,540","$ 110,375"
12,"Property, plant and equipment acquisitions funded by liabilities . . . . . .","$ 13,745","$ 8,214","$ 15,706"
13,Acquisition funded by liabilities. . . . . . . . . . . . . . . . . . . . . . . . . . . . . . . .,$ —,"$ 9,000",$ —
14,Contractual obligations satisfied with inventory . . . . . . . . . . . . . . . . . . .,"$ 1,701","$ 56,840","$ 34,675"
15,Assumption of debt by buyer upon sale of equity interest . . . . . . . . . . .,$ —,"$ 27,321","$ 196,104"
16,Right-of-use assets obtained in exchange of lease obligations2 . . . . . . .,"$ 111,142",$ —,$ —
17,Retained interest in SunStrong lease portfolio. . . . . . . . . . . . . . . . . . . . .,$ —,"$ 9,750",$ —
18,Derecognition of financing obligations upon business divestiture3 . . . .,"$ 590,884",$ —,$ —
19,Holdback related to sale of commercial sale-leaseback portfolio3 . . . . .,"$ 1,927",$ —,$ —
