,Unnamed: 0,Unnamed: 1,Unnamed: 2,"December 31, 2019",Unnamed: 3,Unnamed: 4,"December 31, 2018"
0,,Assets,,,,,
1,Current Assets,,,,,,
2,Cash and cash equivalents,,$,"3,154",,$,"3,628"
3,Restricted cash,,,385,,,447
4,"Accounts receivable, net",,,"7,606",,,"8,201"
5,"Inventory, net",,,"2,970",,,"3,233"
6,Contract assets,,,"4,864",,,"6,153"
7,Other current assets,,,275,,,150
8,Total Current Assets,,,"19,254",,,"21,812"
9,"Property and Equipment, net",,,511,,,852
10,Operating lease right-of-use asset,,,"1,505",,,
11,Other Assets,,,,,,
12,Other deposits,,,69,,,68
13,Goodwill,,,"9,464",,,"9,464"
14,Total Other Assets,,,"9,533",,,"9,532"
15,Total Assets,,$,"30,803",,$,"32,196"
16,,,,,,,
17,Liabilities and Shareholders’ Equity,,,,,,
18,Current Liabilities,,,,,,
19,Accounts payable and accrued liabilities,,$,"11,221",,$,"11,858"
20,Contract liabilities,,,"4,616",,,"5,069"
21,Customer deposits,,,753,,,58
22,"Operating lease liability, current portion",,,864,,,-
23,"Loan payable, current portion",,,88,,,179
24,"Convertible promissory notes, current portion",,,-,,,100
25,"Acquisition promissory note, current portion",,,252,,,757
26,Total Current Liabilities,,,"17,794",,,"18,021"
27,,,,,,,
28,Long-Term Liabilities,,,,,,
29,Operating lease liability,,,641,,,-
30,Loan payable,,,-,,,88
31,"Promissory note payable, net",,,"3,484",,,"3,669"
32,Acquisition promissory note,,,-,,,101
33,Warranty liability,,,441,,,321
34,Total Long-Term Liabilities,,,"4,566",,,"4,179"
35,Total Liabilities,,,"22,360",,,"22,200"
36,,,,,,,
37,Commitments and Contingencies (Note 14),,,,,,
38,,,,,,,
39,Shareholders’ Equity,,,,,,
40,"Preferred stock Series B, $.001 par value; 5,000,000 authorized shares; 0 and 0",,,,,,
41,"issued and outstanding, respectively",,,-,,,-
42,"Common stock, $.001 par value; 200,000,000 authorized shares; 6,805,697 and",,,,,,
43,"3,730,110 issued and outstanding, respectively",,,7,,,4
44,Additional paid in capital,,,"81,132",,,"73,502"
45,Accumulated deficit,,,"(72,696)",,,"(63,510)"
46,Total Shareholders’ Equity,,,"8,443",,,"9,996"
47,Total Liabilities and Shareholders’ Equity,,$,"30,803",,$,"32,196"
