,"As of December 31, 2019",Unnamed: 0,Less Than 12 Months,Unnamed: 1,More Than 12 Months,Unnamed: 2,Total in Gain Position
0,,,Unrealized,,Unrealized,,Unrealized
1,Description,,Fair Value Gain (Losses),,Fair Value (Losses),,Fair Value Gain (Losses)
2,Certificates of deposit,$,475 $ —,$,— $ —,$,475 $ —
3,Corporate notes and bonds,,"10,120 15",,"4,714 (5)",,"14,834 10"
4,U.S. government agency securities,,"2,145 (1)",,— —,,"2,145 (1)"
5,Total,$,"12,740 $ 14",$,"4,714 $ (5)",$,"17,454 $ 9"
6,,,,,,,
7,,,In Loss Position,,In Loss Position,,
8,"As of December 31, 2018",,Less Than 12 Months,,More Than 12 Months,,Total in Loss Position
9,,,Unrealized,,Unrealized,,Unrealized
10,Description,,Fair Value Losses,,Fair Value Losses,,Fair Value Losses
11,Certificates of deposit,$,"1,171 $ (1)",$,— $ —,$,"1,171 $ (1)"
12,Corporate notes and bonds,,"18,885 (67)",,— —,,"18,885 (67)"
13,U.S. government agency securities,,"6,976 (1)",,— —,,"6,976 (1)"
14,Total,$,"27,032 $ (69)",$,— $ —,$,"27,032 $ (69)"
