,10.12,"Statement of Work Number 3 to Master Services Agreement Call Handling Services between Comcast and Support.com, effective as of March 21,"
0,,"2014 (incorporated by reference to Exhibit 10.3 of Support.com’s quarterly report on Form 10-Q filed with the SEC on May 8, 2014) (1)"
1,10.13,Change Management Form Number 2 under Statement of Work Number 1 to Master Services Agreement Call Handling Services between
2,,"Comcast and Support.com, effective as of February 27, 2014 (incorporated by reference to Exhibit 10.1 of Support.com’s quarterly report on Form"
3,,"10-Q filed with the SEC on May 8, 2014) (1)"
4,10.14,Change Management Form Number 3 under Statement of Work Number 1 to Master Services Agreement Call Handling Services between
5,,"Comcast and Support.com, effective as of March 4, 2014 (incorporated by reference to Exhibit 10.2 of Support.com’s quarterly report on Form 10-"
6,,"Q filed with the SEC on May 8, 2014) (1)"
7,10.15,First Change Management Form to Statement of Work Number 3 to Master Services Agreement Call Handling Services between Comcast and
8,,"Support.com, effective as of June 4, 2014 (incorporated by reference to Exhibit 10.1 of Support.com’s current report on Form 8-K filed with the"
9,,"SEC on June 11, 2014)"
10,10.16,"Reseller Agreement between Comcast and Support.com, effective as of June 6, 2014 (incorporated by reference to Exhibit 10.1 of Support.com’s"
11,,"current report on Form 8-K filed with the SEC on June 18, 2014) (1)"
12,10.17,Change Management Form Number 4 under Statement of Work Number 1 to Master Services Agreement Call Handling Services between
13,,"Comcast and Support.com, effective as of September 17, 2014 (incorporated by reference to Exhibit 10.1 of Support.com’s current report on Form"
14,,"8-K filed with the SEC on October 6, 2014) (1)"
15,10.18,Change Management Form Number 5 under Statement of Work Number 1 to Master Services Agreement Call Handling Services between
16,,"Comcast and Support.com, effective as of September 18, 2014 (incorporated by reference to Exhibit 10.2 of Support.com’s current report on Form"
17,,"8-K filed with the SEC on October 6, 2014) (1)"
18,10.19,"Statement of Work Number 4 to Master Services Agreement Call Handling Services between Comcast and Support.com, effective as of February"
19,,"6, 2015 (incorporated by reference to Exhibit 10.1 of Support.com’s current report on Form 8-K filed with the SEC on February 18, 2015) (1)"
20,10.2,Compensatory Arrangement between Support.com and Jim Stephens for his term as Executive Chairman and Interim CEO commencing March
