,Unnamed: 0,Unnamed: 1,2019,Unnamed: 2,2018,Unnamed: 3,Unnamed: 4
0,,,,,,,Change in% of
1,thousands),Amount,% of Revenues,Amount,% of Revenues,$ Change,Revenues
2,"epreciation, net:",,,,,,
3,Americas,"$ 42,386",3.3%,"$ 48,378",3.6%,"$ (5,992)",-0.3%
4,EMEA,"6,521",2.1%,"5,952",2.0%,569,0.1%
5,Other,"3,009",-,"3,020",-,(11),-
6,Consolidated,"$ 51,916",3.2%,"$ 57,350",3.5%,"$ (5,434)",-0.3%
7,mortization of intangibles:,,,,,,
8,Americas,"$ 13,304",1.0%,"$ 14,287",1.1%,$ (983),-0.1%
9,EMEA,"3,335",1.0%,"1,255",0.4%,"2,080",0.6%
10,Other,—,-,—,-,—,-
11,Consolidated,"$ 16,639",1.0%,"$ 15,542",1.0%,"$ 1,097",0.0%
12,pairment of long-lived assets:,,,,,,
13,Americas,"$ 1,711",0.1%,"$ 9,401",0.7%,"$ (7,690)",-0.6%
14,EMEA,—,0.0%,—,0.0%,—,0.0%
15,Other,—,-,—,-,—,-
16,Consolidated,"$ 1,711",0.1%,"$ 9,401",0.6%,"$ (7,690)",-0.5%
