,shareholders at the May 2019 annual shareholders meeting. The 2019 Plan replaced and superseded the Company’s
0,2011 Equity Incentive Plan (the “2011 Plan”). The outstanding awards granted under the 2011 Plan will remain in
1,"effect until their exercise, expiration or termination. The 2019 Plan provides for the grant of awards with respect to a"
2,"maximum of 4.0 million shares of common stock, plus any shares of common stock that expire, terminate or are"
3,"cancelled or forfeited under the terms of the 2011 Plan. The 2019 Plan permits the grant of restricted stock, stock"
