,Unnamed: 0,Unnamed: 1,Unnamed: 2,2019,Unnamed: 3,Unnamed: 4,Unnamed: 5,2018,Unnamed: 6,Unnamed: 7,Unnamed: 8,2017,Unnamed: 9
0,Income tax at Federal statutory rate,$,13.9,,21.0 %,$,13.2,,21.0 %,$,15.9,,35.0 %
1,"State and local income taxes, net of federal tax",,,,,,,,,,,,
2,benefit,,2.4,,3.7 %,,2.6,,4.1 %,,5.0,,11.0 %
3,Impact of state rate changes,,0.1,,0.1 %,,(0.1),,(0.2)%,,0.3,,0.7 %
4,Changes in valuation allowances,,0.0,,— %,,0.0,,— %,,(21.7),,(47.7)%
5,Reversal of valuation allowances,,(0.3),,(0.4)%,,(0.2),,(0.3)%,,(29.4),,(64.6)%
6,"2017 TCJA, net deferred tax remeasurement and",,,,,,,,,,,,
7,repatriation tax impacts,,0.0,,— %,,0.0,,— %,,10.4,,22.9 %
8,Stock based compensation,,(0.5),,(0.8)%,,(1.5),,(2.4)%,,0.0,,— %
9,Non-deductible items,,0.8,,1.2 %,,0.1,,0.2 %,,0.1,,0.2 %
10,"Other items, net",,(0.3),,(0.4)%,,(0.7),,(1.1)%,,(0.6),,(1.5)%
11,Income tax,$,16.1,,24.4 %,$,13.4,,21.3 %,$,(20.0),,(44.0)%
