,Peer Group Companies,Unnamed: 0,Revenue
0,"1-800-Flowers.com, Inc.",$,"1,248,623,000"
1,Amazon.com Inc.,$,"280,522,000,000"
2,Bluelinx Holdings Inc.*,$,"2,637,268,000"
3,"DXP Enterprises, Inc.*",$,"1,300,000,000"
4,Foundation Building Materials Inc.,$,"2,200,000,000"
5,GMS Inc.*,$,"3,116,032,000"
6,H&E Equipment Services Inc.*,$,"1,300,000,000"
7,HD Supply Holdings Inc.,$,"6,146,000,000"
8,Henry Schein Inc.,$,"9,985,803,000"
9,Honeywell International Inc.,$,"36,709,000,000"
10,Huttig Building Products Inc.*,$,"812,000,000"
11,Kaman Corp.*,$,"761,608,000"
12,Lifetime Brands Inc.,$,"734,900,000"
13,Lowe's Companies Inc.,$,"72,148,000,000"
14,MSC Industrial Direct Co Inc.,$,"3,363,800,000"
15,"Office Depot, Inc.",$,"10,600,000,000"
16,Pool Corp.*,$,"3,199,517,000"
17,Siteone Landscape Supply Inc.*,$,"2,360,000,000"
18,The Hain Celestial Group Inc.,$,"2,302,468,000"
19,"The TJX Companies, Inc.",$,"41,700,000,000"
20,"Tyson Foods, Inc.",$,"42,405,000,000"
21,W.W. Grainger Inc.,$,"11,500,000,000"
22,Walmart Inc.,$,"524,000,000,000"
23,"Watsco, Inc.",$,"4,770,362,000"
