,Unnamed: 0,Unnamed: 1,2019,Unnamed: 2,Unnamed: 3,2018,Unnamed: 4,Unnamed: 5,2017
0,Net cash provided by operating activities from continuing operations,$,70.3,,$,9.8,,$,44.1
1,Net cash (used in) provided by operating activities from discontinued operations,$,(1.9),,$,(32.1),,$,1.5
2,Net cash used in investing activities from continuing operations,$,(6.9),,$,(4.5),,$,(2.4)
3,Net cash provided by (used in) investing activities from discontinued operations,$,0.0,,$,249.6,,$,(0.4)
4,Net cash used in financing activities from continuing operations,$,(259.6),,$,(115.0),,$,(11.5)
5,Effects of exchange rates on cash,$,(0.1),,$,3.1,,$,3.5
6,Net (decrease) increase in cash and cash equivalents,$,(198.2),,$,110.9,,$,34.8
