,Issuance,Tranche,Issuance Period,Total Amount,Rate,Interest Payment
0,,,,,,
1,100-1,B,September 2011 to,"$ 7,500,000",1.63%,Bullet repayment;
2,,,September 2018,,,interest payable
3,,,,,,annually
4,100-2,B,January 2012 to,"7,000,000",1.46%,The same as above
5,,,January 2019,,,
6,101-1,B,August 2012 to,"9,000,000",1.40%,The same as above
7,,,August 2019,,,
8,101-2,B,September 2012 to,"9,000,000",1.39%,The same as above
9,,,September 2019,,,
10,101-3,-,October 2012 to,"4,400,000",1.53%,The same as above
11,,,October 2022,,,
12,101-4,A,January 2013 to,"10,600,000",1.23%,The same as above
13,,,January 2018,,,
14,,B,January 2013 to,"10,000,000",1.35%,The same as above
15,,,January 2020,,,
16,,C,January 2013 to,"3,000,000",1.49%,The same as above
17,,,January 2023,,,
18,102-1,A,February 2013 to,"6,200,000",1.23%,The same as above
19,,,February 2018,,,
20,,B,February 2013 to,"11,600,000",1.38%,The same as above
21,,,February 2020,,,
22,,C,February 2013 to,"3,600,000",1.50%,The same as above
23,,,February 2023,,,
24,102-2,A,July 2013 to July 2020,"10,200,000",1.50%,The same as above
25,,B,July 2013 to July 2023,"3,500,000",1.70%,The same as above
26,102-3,B,August 2013 to,"8,500,000",1.52%,The same as above
27,,,August 2019,,,
28,102-4,C,September 2013 to,"1,400,000",1.60%,Bullet repayment;
29,,,March 2019,,,interest payable
30,,,,,,annually (interest
31,,,,,,for the six months
32,,,,,,prior to maturity
33,,,,,,will accrue on the
34,,,,,,basis of actual day
35,,,,,,and be repayable at
36,,,,,,maturity)
37,,D,September 2013 to,"2,600,000",1.85%,The same as above
38,,,March 2021,,,
39,,E,September 2013 to,"5,400,000",2.05%,The same as above
40,,,March 2023,,,
41,,F,September 2013 to,"2,600,000",2.10%,Bullet repayment;
