,1.,"Identify and assess the risks of material misstatement of the parent company only financial statements, whether"
0,,"due to fraud or error, design and perform audit procedures responsive to those risks, and obtain audit evidence"
1,,that is sufficient and appropriate to provide a basis for our opinion. The risk of not detecting a material
2,,"misstatement resulting from fraud is higher than for one resulting from error, as fraud may involve collusion,"
3,,"forgery, intentional omissions, misrepresentations, or the override of internal control."
4,,
5,2.0,Obtain an understanding of internal control relevant to the audit in order to design audit procedures that are
6,,"appropriate in the circumstances, but not for the purpose of expressing an opinion on the effectiveness of the"
7,,Company’s internal control.
8,,
9,3.0,Evaluate the appropriateness of accounting policies used and the reasonableness of accounting estimates and
10,,related disclosures made by management.
11,,
12,4.0,"Conclude on the appropriateness of management’s use of the going concern basis of accounting and, based"
