,Unnamed: 0,Unnamed: 1,Unnamed: 2,Unnamed: 3,Unnamed: 4,Unnamed: 5,Unnamed: 6,Unnamed: 7
0,,,,,,"December 31, 2019",,
1,Held Company Name,Marketable Securities Type and Name,Relationship with the Company,Financial Statement Account,Shares/Units,Carrying Value Percentage of,Fair Value,Note
2,,,,,(In Thousands),(Foreign Currencies in Thousands) Ownership (%),(Foreign Currencies in Thousands),
3,,,,,,,,
4,TSMC Global,CenterPoint Energy Resources Corp,-,Financial assets at fair value through other,-,"US$ 1,918 N/A","US$ 1,918",
5,,,,comprehensive income,,,,
6,,Australia & New Zealand Banking Group Ltd/New York NY,-,〃,-,"US$ 1,906 N/A","US$ 1,906",
7,,Kroger Co/The,-,〃,-,"US$ 1,904 N/A","US$ 1,904",
8,,BP Capital Markets PLC,-,〃,-,"US$ 1,900 N/A","US$ 1,900",
9,,Sydney Airport Finance Co Pty Ltd,-,〃,-,"US$ 1,886 N/A","US$ 1,886",
10,,Bank of New Zealand,-,〃,-,"US$ 1,866 N/A","US$ 1,866",
11,,Discover Bank,-,〃,-,"US$ 1,831 N/A","US$ 1,831",
12,,WestRock RKT LLC,-,〃,-,"US$ 1,791 N/A","US$ 1,791",
13,,Philip Morris International Inc,-,〃,-,"US$ 1,772 N/A","US$ 1,772",
14,,McCormick & Co Inc/MD,-,〃,-,"US$ 1,760 N/A","US$ 1,760",
15,,Equinor ASA,-,〃,-,"US$ 1,751 N/A","US$ 1,751",
16,,General Mills Inc,-,〃,-,"US$ 1,744 N/A","US$ 1,744",
17,,Public Service Co of Oklahoma,-,〃,-,"US$ 1,741 N/A","US$ 1,741",
18,,PPL Capital Funding Inc,-,〃,-,"US$ 1,722 N/A","US$ 1,722",
19,,Wisconsin Public Service Corp,-,〃,-,"US$ 1,711 N/A","US$ 1,711",
20,,ITC Holdings Corp,-,〃,-,"US$ 1,670 N/A","US$ 1,670",
21,,Spectra Energy Partners LP,-,〃,-,"US$ 1,661 N/A","US$ 1,661",
22,,Toyota Industries Corp,-,〃,-,"US$ 1,657 N/A","US$ 1,657",
23,,Mondelez International Holdings Netherlands BV,-,〃,-,"US$ 1,650 N/A","US$ 1,650",
24,,Southern Co/The,-,〃,-,"US$ 1,643 N/A","US$ 1,643",
25,,Walgreens Boots Alliance Inc,-,〃,-,"US$ 1,630 N/A","US$ 1,630",
26,,Brookfield Finance Inc,-,〃,-,"US$ 1,604 N/A","US$ 1,604",
27,,UnitedHealth Group Inc,-,〃,-,"US$ 1,601 N/A","US$ 1,601",
28,,LyondellBasell Industries NV,-,〃,-,"US$ 1,593 N/A","US$ 1,593",
29,,Xylem Inc/NY,-,〃,-,"US$ 1,572 N/A","US$ 1,572",
30,,Suntory Holdings Ltd,-,〃,-,"US$ 1,572 N/A","US$ 1,572",
31,,Nestle Holdings Inc,-,〃,-,"US$ 1,559 N/A","US$ 1,559",
32,,CK Hutchison International 19 Ltd,-,〃,-,"US$ 1,538 N/A","US$ 1,538",
33,,NTT Finance Corp,-,〃,-,"US$ 1,525 N/A","US$ 1,525",
34,,Trust F/1401,-,〃,-,"US$ 1,523 N/A","US$ 1,523",
35,,Activision Blizzard Inc,-,〃,-,"US$ 1,517 N/A","US$ 1,517",
36,,Public Service Electric & Gas Co,-,〃,-,"US$ 1,516 N/A","US$ 1,516",
37,,KEB Hana Bank,-,〃,-,"US$ 1,504 N/A","US$ 1,504",
38,,Guardian Life Global Funding,-,〃,-,"US$ 1,502 N/A","US$ 1,502",
39,,Sinopec Group Overseas Development 2015 Ltd,-,〃,-,"US$ 1,501 N/A","US$ 1,501",
40,,Georgia Power Co,-,〃,-,"US$ 1,500 N/A","US$ 1,500",
41,,Mastercard Inc,-,〃,-,"US$ 1,496 N/A","US$ 1,496",
42,,Realty Income Corp,-,〃,-,"US$ 1,496 N/A","US$ 1,496",
43,,AIA Group Ltd,-,〃,-,"US$ 1,488 N/A","US$ 1,488",
44,,Protective Life Global Funding,-,〃,-,"US$ 1,461 N/A","US$ 1,461",
45,,Prudential Financial Inc,-,〃,-,"US$ 1,458 N/A","US$ 1,458",
46,,HSBC Bank PLC,-,〃,-,"US$ 1,438 N/A","US$ 1,438",
47,,Westlake Chemical Corp,-,〃,-,"US$ 1,432 N/A","US$ 1,432",
48,,Texas Eastern Transmission LP,-,〃,-,"US$ 1,415 N/A","US$ 1,415",
49,,Daiwa Securities Group Inc,-,〃,-,"US$ 1,412 N/A","US$ 1,412",
50,,Citizens Financial Group Inc,-,〃,-,"US$ 1,410 N/A","US$ 1,410",
51,,CNOOC Curtis Funding No 1 Pty Ltd,-,〃,-,"US$ 1,390 N/A","US$ 1,390",
52,,Baker Hughes a GE Co LLC / Baker Hughes Co-Obligor Inc,-,〃,-,"US$ 1,387 N/A","US$ 1,387",
53,,Pernod Ricard SA,-,〃,-,"US$ 1,357 N/A","US$ 1,357",
54,,Ameriprise Financial Inc,-,〃,-,"US$ 1,355 N/A","US$ 1,355",
55,,Essex Portfolio LP,-,〃,-,"US$ 1,343 N/A","US$ 1,343",
56,,Ontario Teachers' Cadillac Fairview Properties Trust,-,〃,-,"US$ 1,326 N/A","US$ 1,326",
57,,,,,,,,(Continued)
58,,,,,,,,
59,,,,- 180 -,,,,
