,e.,Acquisition of individual real estate properties at costs of at least NT$300 million or 20% of the paid-in
0,,capital: Please see Table 5 attached;
1,,
2,f.,Disposal of individual real estate properties at prices of at least NT$300 million or 20% of the paid-in
3,,capital: None;
4,,
5,g.,Total purchases from or sales to related parties of at least NT$100 million or 20% of the paid-in capital:
6,,Please see Table 6 attached;
7,,
8,h.,Receivables from related parties amounting to at least NT$100 million or 20% of the paid-in capital:
9,,Please see Table 7 attached;
10,,
11,i.,Information about the derivative financial instruments transaction: Please see Notes 7 and 10;
12,,
13,j.,Others: The business relationship between the parent and the subsidiaries and significant transactions
14,,between them: Please see Table 8 attached;
15,,
16,k.,"Names, locations, and related information of investees over which TSMC exercises significant influence"
