,Unnamed: 0,Unnamed: 1,2019,2018
0,,,,
1,"Loss on disposal or retirement of property, plant and equipment, net",$,"(582,289)  $","(557,598)"
2,"Reversal of impairment loss (impairment loss) on property, plant and",,,
3,equipment,,"301,384","(423,468)"
4,Others,,"129,675","(687,168)"
5,,,,
6,,$,"(151,230)  $ (1,668,234)",
7,OTHER INCOME,,,
8,,,Years Ended December 31,
9,,,2019,2018
10,,,,
11,Interest income,,,
12,Bank deposits,$,"1,998,705  $","1,845,471"
13,Financial assets at amortized cost,,"4,172","1,731"
14,,,"2,002,877","1,847,202"
15,Dividend income,,"177,374","157,905"
16,,,,
17,,$,"2,180,251  $","2,005,107"
