,Unnamed: 0,Unnamed: 1
0,,Years Ended December 31
1,,2019 2018
2,,
3,"Balance, beginning of year","$ 7,253  $ 226,968"
4,Provision (Reversal),"318,290 (219,714)"
5,Effect of exchange rate changes,(218) (1)
6,,
7,"Balance, end of year","$ 325,325  $ 7,253"
8,,
9,"For the years ended December 31, 2019 and 2018, the changes in loss allowance were mainly due to the",
10,variations in the expected credit loss ratios and the balance of accounts receivable of different risk levels.,
11,INVENTORIES,
12,,"December 31, December 31,"
13,,2019 2018
14,,
15,Finished goods,"$ 8,924,541 $ 11,329,802"
16,Work in process,"51,969,105 72,071,861"
17,Raw materials,"16,552,275 15,233,877"
18,Supplies and spare parts,"5,535,275 4,595,436"
19,,
20,,"$ 82,981,196 $ 103,230,976"
