,Unnamed: 0,Unnamed: 1,Unnamed: 2,Unnamed: 3,Unnamed: 4,Unnamed: 5,Unnamed: 6,Unnamed: 7,Unnamed: 8,Unnamed: 9,Unnamed: 10
0,,,,,,,,,,,TABLE 2
1,,,,,,,,,,,
2,,,,,,,,,,,
3,Taiwan Semiconductor Manufacturing Company Limited and Investees,,,,,,,,,,
4,,,,,,,,,,,
5,ENDORSEMENTS/GUARANTEES PROVIDED,,,,,,,,,,
6,"FOR THE YEAR ENDED DECEMBER 31, 2019",,,,,,,,,,
7,"(Amounts in Thousands of New Taiwan Dollars, Unless Specified Otherwise)",,,,,,,,,,
8,,,,,,,,,,,
9,,,,,,,,,,,
10,Guaranteed Party Limits on,,,,,,,,,,
11,Endorsement/ Maximum,,,Ratio of,,Maximum,,,,,
12,Guarantee Balance Ending Balance Amount Actually,,Amount of,Accumulated,,Endorsement/,Guarantee,,,,Guarantee
13,No. Guarantee Provider Endorsement/ Name Relationship Nature of Provided to Each Guaranteed Amount for the Period Thousands) (US$ in Thousands) (Note 3) (US$ in Thousands) (US$ in Drawn,,Endorsement/ Collateralized by Guarantee,Endorsement/ Guarantee to Net Equity per,,Guarantee Amount,Provided by Parent,Guarantee Provided by A Subsidiary,,,Provided to Subsidiaries in Mainland
14,Party (Notes 1 and 2) (Note 3),,Properties,Latest Financial Statements,,Allowable (Note 2),Company,,,,China
15,,,,,,,,,,,
16,"0 TSMC TSMC North Subsidiary   $ 405,352,531 $ 2,495,400 $ 2,495,400 $","2,495,400",$ -,0.15%,,"$ 405,352,531",Yes,No,,,No
17,"America  ( US$ 83,213 )  ( US$ 83,213 )  ( US$","83,213 )",,,,,,,,,
18,,,,,,,,,,,
19,,,,,,,,,,,
20,"Note 1: The total amount of the guarantee provided by TSMC to any individual entity shall not exceed ten percent (10%) of TSMC’s net worth, or the net worth of such entity.",,,,"However, subsidiaries whose voting shares are 100% owned, directly",,,,,,
21,"or indirectly, by TSMC are not subject to the above restrictions after the approval of the Board of Directors.",,,,,,,,,,
22,,,,,,,,,,,
23,Note 2: The total amount of guarantee shall not exceed twenty-five percent (25%) of TSMC’s net worth.,,,,,,,,,,
24,,,,,,,,,,,
25,Note 3: The maximum balance for the period and ending balance represent the amounts approved by the Board of Directors.,,,,,,,,,,
26,,,,,,,,,,,
27,,,,,,,,,,,
28,,,,,,,,,,,
29,- 174 -,,,,,,,,,,
