,Unnamed: 0,Unnamed: 1,"December 31, 2019"
0,,,Carrying Level 2
1,,,Amount Fair Value
2,,,
3,Financial liabilities,,
4,,,
5,Financial liabilities at amortized costs,,
6,Bonds payable,$,"56,900,000   $ 57,739,115"
7,,,
8,,,"December 31, 2018"
9,,,Carrying Level 2
10,,,Amount Fair Value
11,,,
12,Financial assets,,
13,,,
14,Financial assets at amortized costs,,
15,Commercial paper,$,"2,294,098   $ 2,296,188"
16,,,
17,Financial liabilities,,
18,,,
19,Financial liabilities at amortized costs,,
20,Bonds payable,$,"91,800,000   $ 93,171,255"
