,Unnamed: 0,Unnamed: 1,Unnamed: 2,Unnamed: 3,Unnamed: 4,Unnamed: 5,Unnamed: 6,Unnamed: 7
0,,,,,,,,
1,,,,,,"December 31, 2019",,
2,Held Company Name,Marketable Securities Type and Name,Relationship with the Company,Financial Statement Account,Shares/Units,Carrying Value Percentage of,Fair Value,Note
3,,,,,(In Thousands),(Foreign Currencies in Thousands) Ownership (%),(Foreign Currencies in Thousands),
4,,,,,,,,
5,TSMC Global,Southern Power Co,-,Financial assets at fair value through other,-,US$ 404 N/A,US$ 404,
6,,,,comprehensive income,,,,
7,,Canadian Pacific Railway Co,-,〃,-,US$ 400 N/A,US$ 400,
8,,Fidelity National Information Services Inc,-,〃,-,US$ 399 N/A,US$ 399,
9,,AXA Equitable Holdings Inc,-,〃,-,US$ 393 N/A,US$ 393,
10,,Metropolitan Edison Co,-,〃,-,US$ 388 N/A,US$ 388,
11,,StanCorp Financial Group Inc,-,〃,-,US$ 386 N/A,US$ 386,
12,,Principal Financial Group Inc,-,〃,-,US$ 359 N/A,US$ 359,
13,,Continental Airlines 2000-1 Class A-1 Pass Through Trust,-,〃,-,US$ 312 N/A,US$ 312,
14,,Chubb INA Holdings Inc,-,〃,-,US$ 308 N/A,US$ 308,
15,,America Movil SAB de CV,-,〃,-,US$ 307 N/A,US$ 307,
16,,Alibaba Group Holding Ltd,-,〃,-,US$ 306 N/A,US$ 306,
17,,CommonSpirit Health,-,〃,-,US$ 303 N/A,US$ 303,
18,,Schlumberger Finance Canada Ltd,-,〃,-,US$ 300 N/A,US$ 300,
19,,Manufacturers & Traders Trust Co,-,〃,-,US$ 300 N/A,US$ 300,
20,,Eli Lilly & Co,-,〃,-,US$ 299 N/A,US$ 299,
21,,Home Depot Inc/The,-,〃,-,US$ 284 N/A,US$ 284,
22,,Southern Natural Gas Co LLC / Southern Natural Issuing Corp,-,〃,-,US$ 282 N/A,US$ 282,
23,,Archer-Daniels-Midland Co,-,〃,-,US$ 258 N/A,US$ 258,
24,,Bank of America NA,-,〃,-,US$ 257 N/A,US$ 257,
25,,Grupo Bimbo SAB de CV,-,〃,-,US$ 252 N/A,US$ 252,
26,,Aon PLC,-,〃,-,US$ 248 N/A,US$ 248,
27,,Telstra Corp Ltd,-,〃,-,US$ 209 N/A,US$ 209,
28,,US Airways 2013-1 Class A Pass Through Trust,-,〃,-,US$ 209 N/A,US$ 209,
29,,Halliburton Co,-,〃,-,US$ 208 N/A,US$ 208,
30,,Waste Management Inc,-,〃,-,US$ 207 N/A,US$ 207,
31,,QNB Finance Ltd,-,〃,-,US$ 207 N/A,US$ 207,
32,,WestRock MWV LLC,-,〃,-,US$ 201 N/A,US$ 201,
33,,Glencore Funding LLC,-,〃,-,US$ 200 N/A,US$ 200,
34,,Nucor Corp,-,〃,-,US$ 185 N/A,US$ 185,
35,,American Airlines 2011-1 Class A Pass Through Trust,-,〃,-,US$ 111 N/A,US$ 111,
36,,Wells Fargo & Co,-,Financial assets at amortized cost,-,"US$ 160,098 N/A","US$ 161,794",
37,,JPMorgan Chase & Co.,-,〃,-,"US$ 84,967 N/A","US$ 85,578",
38,,Industrial and Commercial Bank of China,-,〃,-,"US$ 9,996 N/A","US$ 10,022",
39,,,,,,,,
40,,Government bond,,,,,,
41,,United States Treasury Note/Bond,-,Financial assets at fair value through other,-,"US$ 419,942 N/A","US$ 419,942",
42,,,,comprehensive income,,,,
43,,Abu Dhabi Government International Bond,-,〃,-,"US$ 3,501 N/A","US$ 3,501",
44,,United States Treasury Inflation Indexed Bonds,-,〃,-,"US$ 2,830 N/A","US$ 2,830",
45,,Qatar Government International Bond,-,〃,-,"US$ 1,372 N/A","US$ 1,372",
46,,,,,,,,
47,,Agency bonds/Agency mortgage-backed securities,,,,,,
48,,Freddie Mac Multifamily Structured Pass Through Certificates,-,Financial assets at fair value through Profit or,-,"US$ 1,365 N/A","US$ 1,365",
49,,,,Loss,,,,
50,,Fannie Mae Pool,-,Financial assets at fair value through other,-,"US$ 761,352 N/A","US$ 761,352",
51,,,,comprehensive income,,,,
52,,Fannie Mae REMICS,-,〃,-,"US$ 176,379 N/A","US$ 176,379",
53,,Freddie Mac REMICS,-,〃,-,"US$ 164,994 N/A","US$ 164,994",
54,,Freddie Mac Gold Pool,-,〃,-,"US$ 164,081 N/A","US$ 164,081",
55,,Ginnie Mae II Pool,-,〃,-,"US$ 152,833 N/A","US$ 152,833",
56,,Freddie Mac Pool,-,〃,-,"US$ 129,835 N/A","US$ 129,835",
57,,Fannie Mae or Freddie Mac,-,〃,-,"US$ 56,856 N/A","US$ 56,856",
58,,Government National Mortgage Association,-,〃,-,"US$ 54,891 N/A","US$ 54,891",
59,,Ginnie Mae,-,〃,-,"US$ 33,108 N/A","US$ 33,108",
60,,,,,,,,
61,,,,,,,,(Continued)
62,,,,,,,,
63,,,,- 87 -,,,,
