,Issuance,Tranche,Issuance Period,Total Amount,Rate,Interest Payment
0,,,,,,
1,101-3,-,October 2012 to,"$ 4,400,000",1.53%,Bullet repayment;
2,,,October 2022,,,interest payable
3,,,,,,annually
4,101-4,A,January 2013 to,"10,600,000",1.23%,The same as above
5,,,January 2018,,,
6,,B,January 2013 to,"10,000,000",1.35%,The same as above
7,,,January 2020,,,
8,,C,January 2013 to,"3,000,000",1.49%,The same as above
9,,,January 2023,,,
10,102-1,A,February 2013 to,"6,200,000",1.23%,The same as above
11,,,February 2018,,,
12,,B,February 2013 to,"11,600,000",1.38%,The same as above
13,,,February 2020,,,
14,,C,February 2013 to,"3,600,000",1.50%,The same as above
15,,,February 2023,,,
16,102-2,A,July 2013 to July 2020,"10,200,000",1.50%,The same as above
17,,B,July 2013 to July 2023,"3,500,000",1.70%,The same as above
18,102-3,B,August 2013 to,"8,500,000",1.52%,The same as above
19,,,August 2019,,,
20,102-4,C,September 2013 to,"1,400,000",1.60%,Bullet repayment;
21,,,March 2019,,,interest payable
22,,,,,,annually (interest
23,,,,,,for the six months
24,,,,,,prior to maturity
25,,,,,,will accrue on the
26,,,,,,basis of actual day
27,,,,,,and be repayable at
28,,,,,,maturity)
29,,D,September 2013 to,"2,600,000",1.85%,The same as above
30,,,March 2021,,,
31,,E,September 2013 to,"5,400,000",2.05%,The same as above
32,,,March 2023,,,
33,,F,September 2013 to,"2,600,000",2.10%,Bullet repayment;
