,Unnamed: 0,Unnamed: 1,Unnamed: 2,Shareholding,Unnamed: 3,"8.2 Status of TSMC Common Shares and ADRs Acquired, Disposed of, and Held by Subsidiaries: None."
0,Company (Note 1),Title,Name,,,
1,,,,Shares (Investment Amount),% (Investment Holding %),8.3 Special Notes
2,"TSMC Partners, Ltd.",Director,Wendell Huang,-,-,
3,,Director,Sylvia Fang,-,-,8.3.1 Private Placement Securities in 2019 and as of the Date of this Annual Report: None.
4,,President,Wendell Huang,-,-,
5,,,,"TSMC holds 988,268,244 shares",100%,"8.3.2 The Listing of Penalties, Major Deficits, and State of Any Efforts to Make Improvements, Arising from Any"
6,TSMC Design Technology Canada Inc.,Director,Cliff Hou,-,-,"Legal Penalties Imposed by Regulatory Authorities on the Company or Its Employees, or any Company"
7,,Director,Cormac Michael O’Connell,-,-,
8,,Director,Sylvia Fang,-,-,"Punishment toward Employees for Violating Internal Control Rules, Where Such Penalties or Punishments"
9,,President,Cliff Hou,-,-,
10,,,,"TSMC Partners, Ltd. holds 2,300,000 shares",100%,"May Have Material Impacts on Shareholders’ Interests or Securities Prices, in 2019 and as of the Date of this"
11,TSMC Global Ltd.,Director,Wendell Huang,-,-,Annual Report: None.
12,,Director,Sylvia Fang,-,-,
13,,,,"TSMC holds 11,284 shares",100%,8.3.3 Any Events in 2019 and as of the Date of this Annual Report that Had Material Impacts on Shareholders’
14,"VentureTech Alliance Fund II, L.P.",None,None,"(TSMC’s investment US$3,189,066)",(98.00%),Interests or Securities Prices as Stated in Item 3 Paragraph 2 of Article 36 of Securities and Exchange Law of
15,"VentureTech Alliance Fund III, L.P.",None,None,"(TSMC’s investment US$94,589,012)",(98.00%),Taiwan: None.
16,Growth Fund Limited,None,None,"(VentureTech Alliance Fund III, L.P.’s investment US$2,503,768)",(100%),
17,,,,,,8.3.4 Other Necessary Supplement: None.
18,VisEra Technologies Company Ltd.,Chairman,Robert Kuan,"54,600 shares",0.02%,
19,,Director,C.S. Yoo,-,-,
20,,Director,George Liu,-,-,
21,,Supervisor,Wendell Huang,-,-,
22,,President,S.C. Hsin,-,-,
23,,,,"TSMC holds 253,120,000 shares",86.94%,
