,"TSMC’s earnings per share in 2019 decreased 1.7% from 2018 to NT$13.32 per share. The following table details TSMC’s market price,",Unnamed: 0,Unnamed: 1,Unnamed: 2,Unnamed: 3,Unnamed: 4
0,,,,,,Total Earnings Distribution
1,"net worth, earnings, and dividends per common share, as well as other data regarding return on investment.",Period,Approved Date,Payment Date,Cash Dividends Per Share,Amount
2,,2018,"June 5, 2019","July 18, 2019",NT$8.0,"207,443,043,664"
3,"Market Price, Net Worth, Earnings, and Dividends Per Common Share",,,,,
4,,First quarter of 2019,"June 5, 2019","October 17, 2019",NT$2.0,"51,860,760,916"
5,"Unit: NT$, except for weighted average shares and return on investment ratios",,,,,
6,,Second quarter of 2019,"August 13, 2019","January 16, 2020",NT$2.5,"64,825,951,145"
7,Item 2018 2019 01/01/2020 - 02/29/2020,,,,,
8,,Third quarter of 2019,"November 12, 2019","April 16, 2020",NT$2.5,"64,825,951,145"
9,Market Price Per Share (Note 1),,,,,
10,,Fourth quarter of 2019,"February 11, 2020","July 16, 2020",NT$2.5,"64,825,951,145"
