,TSMC’s Open Innovation® model brings together the creative,availability of various 3D integration technologies forms a,Unnamed: 0,Unnamed: 1,committed to cultivating a consistent and diverse learning 12/31/2018 12/31/2019,02/29/2020,Unnamed: 2
0,thinking of customers and partners under the common goal of,complete 3D IC design ecosystem that helps unleash customers’,,,,,"environment. To this end, the Company has initiated the TSMC"
1,"shortening each of the following: design time, time-to-volume,",product innovation. The readiness of the aforementioned design,,Managers,"5,294 5,364","5,428",Employee Training and Education Procedure to ensure the
2,"time-to-market and, ultimately, time-to-revenue. The model",ecosystem solutions will help customers successfully pursue,,Professionals,"22,285 24,416","24,809",Company’s and the individuals’ development objectives can be
3,features:,"opportunities in mobile, high performance computing, the",Job,,,,achieved through the integration of internal and external training
4,,,,Assistant,"4,109 4,357","4,394",
5,,Internet of Things and automotive markets.,,Engineer/Clerical,,,resources and with internal rotation opportunities.
6,•  the foundry segment’s earliest and most comprehensive,,,Technician,"17,064 17,160","17,414",
7,"electronic design automation (EDA) certification program,",5.5 Human Capital,,,,,"To help employees reach their potential, TSMC is committed to"
8,delivering timely design tool enhancement required by new,,Total,,"48,752 51,297","52,045","on-the-job training and systematic job rotation. In addition, TSMC"
9,,Human capital is TSMC’s most treasured asset. In this area,,,,,
10,process technologies,,,Male (%),61.3% 62.2%,62.3%,provides various resources and channels to encourage employees
11,"•  the foundry segment’s largest, most comprehensive and most","regard, the Company’s main role is to provide jobs with challenging, meaningful work in a safe environment with",Gender,Female (%),38.7% 37.8%,37.7%,to learn on their own to further raise their performance and
12,robust silicon-proven IP (intellectual properties) and library,,,,,,achieve their potential. TSMC integrates internal and external
13,,"excellent compensation and benefits. TSMC goes beyond this,",,,,,
14,"portfolio, and",,,Ph.D.,4.7% 4.5%,4.5%,resources and designs diversified development programs based
15,•  comprehensive design ecosystem alliance programs covering,"however, by actively encouraging employees to nurture and enjoy a healthy family life, develop outside interests, expand",,Master's,42.6% 44.7%,44.9%,"on business objectives, the nature of the individual’s job, work"
16,"market-leading EDA, library, IPs, and design service partners.",,,,,,performance and career development path. The Company
17,,"social participation, and, in general, live a happy life.",25.5%Education,Bachelor's,25.9% 25.3%,,"provides employees with a diverse network of learning resources,"
18,"TSMC’s OIP alliance consists of 22 EDA partners, six cloud",,,Other Higher,11.1% 10.6%,10.6%,"including on-the-job training, classroom training, e-learning,"
19,,TSMC abides by local laws and participates in the Responsible,,Education,,,
20,"partners, 42 IP partners, 19 design center alliance (DCA) partners,",,,,,,"coaching, mentoring and job rotation; it also creates an"
21,,Business Alliance (RBA) as a full member. The Company refrains,,,,,
22,and eight value chain aggregator (VCA) partners. TSMC and its,,,High School,15.7% 14.8%,14.5%,educational atmosphere through learning activities in response to
23,,"from forcing employees to do unwilling labor service, listens",,,,,
24,partners work together proactively and engage much earlier and,"to the employees, keeps communication channels open, and",Average Years of Age,,36.4 36.6,36.6,organization development requirements and employee capability
25,deeper than ever before in order to address mounting design,,,,,,enhancement goals.
26,,respects the right of all workers to form and join trade unions of,Average Years of Service,,9.1 9.3,9.3,
27,challenges at advanced technology nodes. Through this early and,,,,,,
