,Unnamed: 0,Unnamed: 1,Unnamed: 2,Unnamed: 3,Unnamed: 4,Unnamed: 5
0,Land,Mainly for the use of plants,2 to 22 years,0.67-0.94,$,"13,882,035"
1,,and offices,,,,
2,,,,,,
3,Buildings,Mainly for the use of offices,2 to 6 years,0.67-0.71,,"397,849"
4,,,,,,
5,Machinery and equipment,For operation use,2 years,3.24,,"842,185"
6,,,,,,
7,Office equipment,For operation use,1 to 3 years,0.64-0.71,,"21,750"
8,,,,,,
9,,,,,,"15,143,819"
10,,,,,,
11,Less: Current portion,,,,,"(1,843,556)"
12,,,,,,
13,Noncurrent portion,,,,$,"13,300,263"
