,Unnamed: 0,Unnamed: 1,Unnamed: 2,Unnamed: 3,Unnamed: 4
0,,,,,TABLE 5
1,,,,,
2,,,,,
3,Taiwan Semiconductor Manufacturing Company Limited and Investees,,,,
4,,,,,
5,ACQUISITION OF INDIVIDUAL REAL ESTATE PROPERTIES AT COSTS OF AT LEAST NT$300 MILLION OR 20% OF THE PAID-IN CAPITAL,,,,
6,"FOR THE YEAR ENDED DECEMBER 31, 2019",,,,
7,"(Amounts in Thousands of New Taiwan Dollars, Unless Specified Otherwise)",,,,
8,,,,,
9,,,,,
10,Transaction Prior Transaction of Related Counter-party,,,,
11,Company Types of Amount,,,,
12,Name Property Transaction Date Currencies in (Foreign Payment Term Counter-party Relationships Nature of Owner Relationships Transfer Date Amount,Price Reference,Purpose of Acquisition,,Other Terms
13,Thousands),,,,
14,,,,,
15,"TSMC Fab September 11, 2018 to $ 1,008,210 Monthly settlement by KEDGE Construction Co., - N/A N/A N/A N/A",Price comparison,Manufacturing,,None
16,"August 12, 2019 the construction Ltd.",and price,purpose,,
17,progress and,negotiation,,,
18,acceptance,,,,
19,"Fab March 25, 2019 888,800 Monthly settlement by PAN ASIA Corp. - N/A N/A N/A N/A",Price comparison,Manufacturing,,None
20,the construction,and price,purpose,,
21,progress and,negotiation,,,
22,acceptance,,,,
23,"Fab June 27, 2019 to 348,935 Based on the terms in Fu Tsu Construction Co., - N/A N/A N/A N/A",Price comparison,Manufacturing,,None
24,"October 2, 2019 the purchase order Ltd.",and price,purpose,,
25,,negotiation,,,
26,"Fab November 12, 2019 74,800,000 Based on the terms in 72 counterparties, including: - N/A N/A N/A N/A",Price comparison,Manufacturing,,None
27,the purchase order,and price,purpose,,
28,,negotiation,,,
29,Lead-Fu Industrials,,,,
30,Corporation,,,,
31,"San Fu Chemical Co., Ltd.",,,,
32,"Chenfull International Co.,",,,,
33,Ltd.,,,,
34,Shihlin Electric &,,,,
35,Engineering Corporation,,,,
36,TASA Construction,,,,
37,Corporation,,,,
38,"China Steel Structure Co.,",,,,
39,Ltd.,,,,
40,Capital Machinery Limited,,,,
41,"Fu Tsu Construction Co.,",,,,
42,Ltd.,,,,
43,Mandartech Interiors Inc.,,,,
44,"Techgo Industrial Co., Ltd.",,,,
45,"Ovivo Taiwan Co., Ltd.",,,,
46,Cica-Huntek Chemical,,,,
47,"Technology Taiwan Co.,",,,,
48,Ltd.,,,,
49,Cheng Deh Fire Protection,,,,
50,Industrial Corp.,,,,
51,Zhao-Cheng Corp.,,,,
52,,,,,
53,,,,,(Continued)
54,,,,,
55,- 192 -,,,,
