,"Effective April 1, 2018, the Group has applied Ind AS 115 which establishes a comprehensive framework"
0,"for determining whether, how much and when revenue is to be recognised. Ind AS 115 replaces Ind AS 18"
1,Revenue and Ind AS 11 Construction Contracts. The Group has adopted Ind AS 115 using the cumulative
2,effect method. The effect of initially applying this standard is recognised at the date of initial application
3,"(i.e. April 1, 2018). The standard is applied retrospectively only to contracts that are not completed as at the"
4,date of initial application and the comparative information in the consolidated statement of profit and loss is
5,not restated – i.e. the comparative information continues to be reported under Ind AS 18 and Ind AS 11. Refer
6,note 2(f) – Significant accounting policies – Revenue recognition in the Annual report of the Company for
7,"the year ended March 31, 2018, for revenue recognition policy as per Ind AS 18 and Ind AS 11. The impact of"
8,adoption of the standard on the financial statements of the Group is insignificant.
9,Revenue is recognised upon transfer of control of promised products or services to customers in an amount that
10,reflects the consideration which the Group expects to receive in exchange for those products or services.
11,• Revenue from time and material and job contracts is recognised on output basis measured by units
12,"delivered, efforts expended, number of transactions processed, etc."
13,• Revenue related to fixed price maintenance and support services contracts where the Group is standing
14,ready to provide services is recognised based on time elapsed mode and revenue is straight lined over the
15,period of performance.
16,"• In respect of other fixed-price contracts, revenue is recognised using percentage-of-completion method"
17,(‘POC method’) of accounting with contract costs incurred determining the degree of completion of the
18,performance obligation. The contract costs used in computing the revenues include cost of fulfilling
19,warranty obligations.
20,• Revenue from the sale of distinct internally developed software and manufactured systems and third
21,party software is recognised upfront at the point in time when the system / software is delivered to the
22,customer. In cases where implementation and / or customisation services rendered significantly modifies
23,"or customises the software, these services and software are accounted for as a single performance"
24,obligation and revenue is recognised over time on a POC method.
25,• Revenue from the sale of distinct third party hardware is recognised at the point in time when control is
26,transferred to the customer.
27,• The solutions offered by the Group may include supply of third-party equipment or software. In such
28,"cases, revenue for supply of such third party products are recorded at gross or net basis depending on"
29,whether the Group is acting as the principal or as an agent of the customer. The Group recognises revenue
30,in the gross amount of consideration when it is acting as a principal and at net amount of consideration
31,when it is acting as an agent.
32,"Revenue is measured based on the transaction price, which is the consideration, adjusted for volume discounts,"
33,"service level credits, performance bonuses, price concessions and incentives, if any, as specified in the contract"
34,with the customer. Revenue also excludes taxes collected from customers.
35,Contract assets are recognised when there is excess of revenue earned over billings on contracts. Contract
36,assets are classified as unbilled receivables (only act of invoicing is pending) when there is unconditional right
37,"to receive cash, and only passage of time is required, as per contractual terms."
38,Unearned and deferred revenue (“contract liability”) is recognised when there is billings in excess of revenues.
39,The billing schedules agreed with customers include periodic performance based payments and / or milestone
40,based progress payments. Invoices are payable within contractually agreed credit period.
41,"In accordance with Ind AS 37, the Group recognises an onerous contract provision when the unavoidable costs"
42,of meeting the obligations under a contract exceed the economic benefits to be received.
43,Contracts are subject to modification to account for changes in contract specification and requirements. The Group
44,"reviews modification to contract in conjunction with the original contract, basis which the transaction price could be"
45,"allocated to a new performance obligation, or transaction price of an existing obligation could undergo a change."
46,"In the event transaction price is revised for existing obligation, a cumulative adjustment is accounted for."
47,"The Group disaggregates revenue from contracts with customers by industry verticals, geography and nature"
