,Sr.,Name and address of the Company,CIN/GLN,Holding/,% of,Applicable
0,No.,,,Subsidiary/,shares,Section
1,,,,Associate,held,
2,40.,"Tata Consultancy Services De Mexico S.A., De C.V.",Not Applicable,Subsidiary,100,2(87)
3,,"Av. Insurgentes Sur 664, 2nd Floor, Colonia Del Valle, Ciudad de Mexico,",,,,
4,,"México, DF, México (Postal Code: 03100)",,,,
5,41.,TCS Inversiones Chile Limitada,- do -,- do -,100,2(87)
6,,"Curico 18, Piso 3 & 5, Santiago, Chile (Postal Code: 8330088)",,,,
7,42.,Tata Consultancy Services Do Brasil Ltda,- do -,- do -,100,2(87)
8,,"Alameda Madeira, 328 - 13° andar, Alphaville Industrial -",,,,
9,,Barueri – SP. Zip Code 06453-020,,,,
10,43.,Tata Consultancy Services Chile S.A.,- do -,- do -,100,2(87)
11,,"Curicó 18, Piso 3 & 5,  Santiago, Chile (Postal Code: 8330088)",,,,
12,44.,TATASOLUTION CENTER S.A.,- do -,- do -,100,2(87)
13,,"Francisco Salazar E10-61 and Camilo Destruge, Building INLUXOR",,,,
14,,"7th Floor; Quito, Ecuador",,,,
15,45.,TCS Uruguay S.A.,- do -,- do -,100,2(87)
16,,"Monte Caseros 2600, Montevideo, Uruguay (Postal Code:11100)",,,,
17,46.,Technology Outsourcing S.A.C.,- do -,- do -,100,2(87)
18,,"Las Begonisa 475, Sexto Pisa, San Isidro, Lima 27- Peru",,,,
19,47.,MGDC S.C.,- do -,- do -,100,2(87)
20,,"Avenue Tizoc No.97, Colonia Ciudad del Sol, Zapopan Jalisco, Guadalajara,",,,,
21,,Mexico (Postal Code 45050),,,,
22,48.,Tata America International Corporation,- do -,- do -,100,2(87)
23,,"101, Park Avenue, 26th Floor, New York 10178, U.S.A.",,,,
24,49.,"CMC Americas, Inc.",- do -,- do -,100,2(87)
25,,"379 Thornall Street, Edison 08837, New Jersey, U.S.A.",,,,
26,50.,"TCS e-Serve America, Inc.",- do -,- do -,100,2(87)
27,,"Corporation Trust Center, 1209, Orange Street, Wilmington, New Castle",,,,
28,,"County, Delaware – 19801 U.S.A.",,,,
29,51,W12 Studios Limited,-do-,- do -,100,2(87)
30,,"75 Bayham Street, London, England, NW1 0AA",,,,
