,Financial assets,Unnamed: 0,Unnamed: 1,Unnamed: 2,Unnamed: 3,Unnamed: 4
0,Cash and cash equivalents -,-,-,-,"4,883","4,883"
1,Bank deposits -,-,-,-,"2,056","2,056"
2,Earmarked balances with banks -,-,-,-,223,223
3,"Investments 9,794","26,030",-,-,184,"36,008"
4,Trade receivables -,-,-,-,"25,037","25,037"
5,Unbilled revenue -,-,-,-,"6,913","6,913"
6,Loans receivables -,-,-,-,"5,180","5,180"
7,Other financial assets -,-,34,55,"1,476","1,565"
8,"Total 9,794","26,030",34,55,"45,952","81,865"
9,Financial liabilities,,,,,
10,Trade payables -,-,-,-,"5,094","5,094"
11,Borrowings -,-,-,-,235,235
12,Other financial liabilities 203,-,24,67,"4,122","4,416"
13,Total 203,-,24,67,"9,451","9,745"
14,"*Loans receivables include inter-corporate deposits of ` 4,797 crore, with original maturity period within 50 months.",,,,,
15,"Carrying amounts of cash and cash equivalents, trade receivables, unbilled receivables (previous year: unbilled",,,,,
16,"revenues, loans receivables and trade payables as at March 31, 2019 and 2018, approximate the fair value. Difference",,,,,
17,"between carrying amounts and fair values of bank deposits, earmarked balances with banks, other financial",,,,,
18,"assets, other financial liabilities and borrowings subsequently measured at amortised cost is not significant in each",,,,,
19,of the periods presented. Fair value of investments carried at amortised cost is ` 704 crore and ` 192 crore as at,,,,,
20,"March 31, 2019 and 2018, respectively.",,,,,
21,Fair value hierarchy,,,,,
22,The fair value hierarchy is based on inputs to valuation techniques that are used to measure fair value that are either,,,,,
23,observable or unobservable and consist of the following three levels:,,,,,
24,• Level 1 — Inputs are quoted prices (unadjusted) in active markets for identical assets or liabilities.,,,,,
25,• Level 2 — Inputs are other than quoted prices included within Level 1 that are observable for the asset or,,,,,
26,"liability, either directly (i.e. as prices) or indirectly (i.e. derived from prices).",,,,,
27,• Level 3 — Inputs are not based on observable market data (unobservable inputs). Fair values are determined,,,,,
28,in whole or in part using a valuation model based on assumptions that are neither supported by prices from,,,,,
29,observable current market transactions in the same instrument nor are they based on available market data.,,,,,
30,The cost of unquoted investments included in Level 3 of fair value hierarchy approximate their fair value because,,,,,
