,Unnamed: 0,Unnamed: 1,"Year ended March 31, 2019",Unnamed: 2,Unnamed: 3,"Year ended March 31, 2018",Unnamed: 4
0,,Domestic,Domestic Foreign Foreign,Total,Domestic,Domestic Foreign Foreign,Total
1,,plans,plans plans plans,,plans,plans plans plans,
2,,Funded,Unfunded Funded Unfunded,,Funded,Unfunded Funded Unfunded,
3,Change in benefit,,,,,,
4,obligations,,,,,,
5,"Benefit obligations,","2,308",3 626 103,"3,040","2,084",4 537 81,"2,706"
6,beginning of the year,,,,,,
7,Translation exchange,-,- (5) 1,(4),-,- 59 5,64
8,difference,,,,,,
9,Plan participants’,-,- 9 -,9,-,- 7 -,7
10,contribution,,,,,,
11,Service cost,289,1 14 19,323,273,1 12 19,305
12,Interest cost,190,- 9 4,203,159,- 9 3,171
13,Remeasurement of the net,39,- 25 (2),62,(86),(2) (12) (3),(103)
14,defined benefit liability,,,,,,
15,Past service cost / (credit),-,- (35) 1,(34),-,- 33 2,35
16,Benefits paid,(147),- (14) (6),(167),(122),- (19) (4),(145)
17,"Benefit obligations, end of","2,679",4 629 120,"3,432","2,308",3 626 103,"3,040"
18,the year,,,,,,
19,,,,,,,(` crore)
20,,,"Year ended March 31, 2019",,,"Year ended March 31, 2018",
21,,Domestic,Domestic Foreign Foreign,Total,Domestic,Domestic Foreign Foreign,Total
22,,plans,plans plans plans,,plans,plans plans plans,
23,,Funded,Unfunded Funded Unfunded,,Funded,Unfunded Funded Unfunded,
24,Change in plan assets,,,,,,
25,"Fair value of plan assets,","2,433",- 529 -,"2,962","2,157",- 461 -,"2,618"
26,beginning of the year,,,,,,
27,Translation exchange,-,- (3) -,(3),-,- 52 -,52
28,difference,,,,,,
29,Interest income,193,- 7 -,200,165,- 10 -,175
30,Employers’ contributions,171,- 15 -,186,233,- 15 -,248
31,Plan participants’,-,- 9 -,9,-,- 7 -,7
32,contribution,,,,,,
33,Benefits paid,(147),- (14) -,(161),(122),- (19) -,(141)
34,Remeasurement - return on,22,- (11) -,11,-,- 3 -,3
35,plan assets excluding amount,,,,,,
36,included in interest income,,,,,,
37,"Fair value of plan assets,","2,672",- 532 -,"3,204","2,433",- 529 -,"2,962"
38,end of the year,,,,,,
