,•,"Identify and assess the risks of material misstatement of the consolidated financial statements, whether due to"
0,,"fraud or error, design and perform audit procedures responsive to those risks, and obtain audit evidence that is"
1,,sufficient and appropriate to provide a basis for our opinion. The risk of not detecting a material misstatement
2,,"resulting from fraud is higher than for one resulting from error, as fraud may involve collusion, forgery, intentional"
3,,"omissions, misrepresentations, or the override of internal control."
4,•,Obtain an understanding of internal control relevant to the audit in order to design audit procedures that are
5,,"appropriate in the circumstances. Under Section 143(3)(i) of the Act, we are also responsible for expressing"
6,,our opinion on whether the entity has adequate internal financial controls system in place and the operating
7,,effectiveness of such controls.
8,•,Evaluate the appropriateness of accounting policies used and the reasonableness of accounting estimates and
9,,related disclosures made by management.
10,•,Conclude on the appropriateness of management’s use of the going concern basis of accounting in preparation
11,,"of consolidated financial statements and, based on the audit evidence obtained, whether a material uncertainty"
12,,exists related to events or conditions that may cast significant doubt on the appropriateness of this assumption. If
13,,"we conclude that a material uncertainty exists, we are required to draw attention in our auditors’ report to the"
14,,"related disclosures in the consolidated financial statements or, if such disclosures are inadequate, to modify our"
15,,"opinion. Our conclusions are based on the audit evidence obtained up to the date of our auditors’ report. However,"
16,,future events or conditions may cause the Group (Holding company and subsidiaries) to cease to continue as a
17,,going concern.
18,•,"Evaluate the overall presentation, structure and content of the consolidated financial statements, including the"
19,,"disclosures, and whether the consolidated financial statements represent the underlying transactions and events"
20,,in a manner that achieves fair presentation.
21,•,Obtain sufficient appropriate audit evidence regarding the financial information of such entities or business
