,Name of the,Extract of Terms of Reference,Unnamed: 0,Category and Composition,Unnamed: 1,Other details
0,Committee,,,,,
1,Nomination,Committee is constituted in line with,,Name Category •,,Three Nomination and Remuneration
2,and,the provisions of Regulation 19 of SEBI,,"Aman Mehta Independent, Non-Executive",,Committee meetings were held
3,Remuneration,Listing Regulations and Section 178 of,,(Chairman),,during the year under review.
4,Committee,the Act.,,"N Chandrasekaran Non-Independent,  •",,The Company does not have any
5,,• Recommend to the Board the setup,,Non-Executive,,Employee Stock Option Scheme.
6,,and composition of the Board and its,,"V Thyagarajan* Independent, Non-Executive •",,Details of Performance Evaluation
7,,committees.,,"Dr Ron Sommer** Independent, Non-Executive",,Criteria and Remuneration Policy
8,,• Recommend to the Board the,,,,are provided herein below.
9,,appointment/re-appointment of,,"O P Bhatt** Independent, Non-Executive",,
10,,Directors and Key Managerial,,* Relinquished the position of Independent,,
11,,Personnel.,,Director and consequently ceased to be a,,
12,,• Support the Board and Independent,,"member of this Committee w.e.f. July 10,",,
13,,Directors in evaluation of the,,2018.,,
14,,"performance of the Board, its",,** Appointed as a Member of the Committee,,
15,,Committees and individual Directors.,,"w. e. f. October 11, 2018.",,
16,,• Recommend to the Board the,,,,
17,,"Remuneration Policy for Directors,",,,,
18,,executive team or Key Managerial,,,,
19,,Personnel as well as the rest of,,,,
20,,employees.,,,,
21,,• Oversee familiarization programs for,,,,
22,,Directors.,,,,
23,Stakeholders’,Committee is constituted in line with,,Name Category •,,Two meetings of the Stakeholders’
24,Relationship,the provisions of Regulation 20 of SEBI,,"Ron Sommer* Independent, Non-Executive",,Relationship Committee were held
25,Committee,Listing Regulations and Section 178 of,,(Chairman),,during the year under review.
26,,the Act.,,"V Thyagarajan** Independent, Non-Executive •",,The Company has always valued
27,,• Consider and resolve the grievances,,"O P Bhatt ^ Independent, Non-Executive",,its customer relationships. This
28,,of security holders.,,"Rajesh Gopinathan Non-Independent, Executive",,philosophy has been extended
29,,• Consider and approve issue of share,,,,to investor relationship and an
30,,"certificates, transfer and transmission",,"N Ganapathy Non-Independent, Executive",,Investor Relations Department (IRD)
31,,"of securities, etc.",,Subramaniam,,"was set up in June 2004, prior to"
32,,,,"Dr Pradeep Kumar Independent, Non-Executive",,the Company’s Initial Public Offer of
33,,,,Khosla^^,,shares. The IRD focuses on servicing
34,,,,* Appointed as a Member and Chairman of this,,the needs of various stakeholders
35,,,,"Committee w.e.f. January 10, 2019.",,"viz. investors, analysts, brokers and"
36,,,,** Relinquished the position of Independent,,the general public.
37,,,,Director and consequently ceased to be a •,,Details of Investor complaints and
38,,,,member and Chairman of this Committee,,Compliance Officer are provided
39,,,,"w.e.f. July 10, 2018.",,herein below.
40,,,,"^ Ceased to be a member w.e.f. January 10,",,
41,,,,2019.,,
42,,,,^^ Appointed as a Member of this Committee,,
43,,,,"w.e.f. January 10, 2019.",,
44,Corporate,Committee is constituted in line with the,,Name Category •,,Three meetings of the CSR
45,Social,provisions of Section 135 of the Act.,,"N Chandrasekaran Non-Independent,",,Committee were held during the
46,Responsibility,• Formulate and recommend to the,,(Chairman) Non-Executive,,year under review.
47,(“CSR”),"Board, a CSR Policy indicating the",,"O P Bhatt Independent, Non-Executive •",,Four Board meetings of
48,Committee,activities to be undertaken by the,,"Rajesh Gopinathan Non-Independent, Executive",,"TCS Foundation, a Section 8"
49,,Company as specified in Schedule VII,,"Aarthi Non-Independent,",,company which was incorporated
50,,of the Act.,,Subramanian Non-Executive,,with sole objective of carrying on
51,,• Recommend the amount of,,,,Corporate Social Responsibility
52,,expenditure to be incurred on the,,,,(CSR) activities of the Company
53,,activities mentioned in the CSR Policy.,,,,were held during the year.
54,,• Monitor the CSR Policy.,,,,
55,Risk,Committee is constituted in line with,,Name Category •,,Three meetings of the RMC were
56,Management,the provisions of Regulation 21 of SEBI,,"O P Bhatt Independent, Non-Executive",,held during the year under review.
57,Committee,Listing Regulations.,,(Chairman) •,,Fortnightly reports are sent to the
58,(“RMC”),"• Frame, implement and monitor",,"Rajesh Gopinathan Non-Independent, Executive",,members of the RMC on matters
59,,the risk management plan for the,,"Aarthi Non-Independent,",,related to the RMC.
60,,Company.,,Subramanian Non -Executive,,
61,,,,Ramakrishnan V Chief Financial Officer,,
