,Unnamed: 0,Unnamed: 1,As at,As at.1
0,,,"March 31, 2019","March 31, 2018"
1,,Considered good,,
2,(a),Contract assets,"2,723",-
3,(b),Prepaid expenses,344,735
4,(c),Prepaid rent,35,39
5,(d),Contract fulfillment costs,468,427
6,(e),Advance to suppliers,79,84
7,(f),Advance to related parties,8,4
8,(g),Indirect taxes recoverable,962,482
9,(h),Other advances,123,20
10,(i),Others,51,34
11,,Considered doubtful,,
12,(a),Advance to suppliers,3,3
13,(b),Indirect taxes recoverable,2,2
14,(c),Other advances,3,3
15,,Less: Allowance on doubtful assets,(8),(8)
16,,,"4,793","1,825"
17,"Advance to related parties, considered good comprise",,,
18,TCS e-Serve International Limited,,7,-
19,The Titan Company Limited,,1,2
20,Tata Consultancy Services Danmark ApS,,-,1
21,Tata AIG General Insurance Company Limited,,1,1
22,APTOnline Limited*,,-,-
