,Unnamed: 0,Year ended,Year ended.1
0,,"March 31, 2019","March 31, 2018"
1,Balance at the beginning of the year,(18),538
2,Net gain / (loss) arising on revaluation of financial assets carried at fair,(1),(19)
3,value,,
4,Net cumulative (gain) / loss reclassified to retained earnings on sale of,1,-
5,financial assets carried at fair value,,
6,Net gain / (loss) arising on revaluation of investments other than equities,425,(625)
7,carried at fair value through other comprehensive income,,
8,Deferred tax relating to net gain / (loss) arising on revaluation of investments,(149),216
9,other than equities carried at fair value through other comprehensive,,
10,income,,
11,Net cumulative (gain) / loss reclassified to statement of profit and loss on,-,(196)
12,sale of investments other than equities carried at fair value through other,,
13,comprehensive income,,
14,Deferred tax relating to net cumulative (gain) / loss reclassified to statement,-,68
15,of profit and loss on sale of investments other than equities carried at fair,,
16,value through other comprehensive income,,
17,Balance at the end of the year,258,(18)
