,Cross currency interest swap agreements – liabilities,Level 2,"(42,104)","(42,104).1","(29,122)","(29,122).1"
0,Foreign currency contracts,Level 2,(202),(202),—,—
1,Stock purchase warrants,Level 3,—,—,"12,026","12,026"
2,Freight forward agreements,Level 2,(86),(86),(57),(57)
3,Non-recurring,,,,,
4,Vessels held for sale (notes 6 and 19),Level 2,"37,240","37,240",—,—
5,(2),,,,,
6,Other,,,,,
7,Short-term debt (note 8),Level 2,"(50,000)","(50,000)",—,—
8,Long-term debt – public (note 9),Level 1,"(619,794)","(655,977)","(856,986)","(851,470)"
9,Long-term debt – non-public (note 9),Level 2,"(2,207,358)","(2,180,440)","(2,462,537)","(2,395,300)"
10,"Obligations related to finance leases, including current",,,,,
11,portion (note 11),Level 2,"(1,825,692)","(1,877,558)","(1,673,845)","(1,652,345)"
