,Teekay LNG – Liquefied Gas,Unnamed: 0,Unnamed: 1,Unnamed: 2
0,Bahrain LNG Joint Venture,30%,"64,017","81,709"
1,Yamal LNG Joint Venture,50%,"264,088","210,290"
2,Pan Union Joint Venture,20%-30%,"75,403","71,040"
3,Exmar LNG Joint Venture,50%,"32,717","32,419"
4,Exmar LPG Joint Venture,50%,"149,024","151,186"
5,MALT Joint Venture,52%,"344,571","342,280"
6,Angola Joint Venture,33%,"84,474","79,606"
7,RasGas3 Joint Venture,40%,"120,917","132,256"
8,Teekay Tankers – Conventional Tankers,,,
9,Wah Kwong Joint Venture,50%,"28,111","25,766"
10,Teekay Parent – Other,,,
11,(2),,,
12,Altera  (note 4),14%,—,"157,924"
13,(2),,,
14,TOO GP  (note 4),49%,—,"3,968"
15,,,"1,163,322","1,288,444"
