,Chartered-in vessels (operating leases),Unnamed: 0,40.6,34.7,5.9,—,—.1,—.2,—.3
0,,,"1,068.3",154.1,205.1,109.9,97.2,235.9,266.1
1,kay Parent,,,,,,,,
2,(10),,,,,,,,
3,Bond repayments,,411.7,36.7,—,250.0,125.0,—,—
4,(10),,,,,,,,
5,Scheduled repayments of long-term debt,,50.0,50.0,—,—,—,—,—
6,(10),,,,,,,,
7,Repayments on maturity of long-term debt,,—,—,—,—,—,—,—
8,(11),,,,,,,,
9,Chartered-in vessels (operating leases),,139.1,52.6,51.5,20.1,9.2,5.7,—
10,(12),,,,,,,,
11,Asset retirement obligation,,30.9,—,30.9,—,—,—,—
