,Amount NOK Amount USD,Reference Rate,Margin,Payable,(Liability),Term (years)
0,"1,000,000 134,000",NIBOR,3.70%,5.92%,"(20,665)",0.4
1,"1,200,000 146,500",NIBOR,6.00%,7.72%,"(10,532)",1.8
2,"850,000 102,000",NIBOR,4.60%,7.89%,"(10,907)",3.7
3,,,,,"(42,104)",
4,terest Rate Risk,,,,,
5,"e Company enters into interest rate swap agreements, which exchange a receipt of floating interest for a payment of fixed interest, to",,,,,
6,duce the Company’s exposure to interest rate variability on its outstanding floating-rate debt. The Company designates certain of its interest,,,,,
7,te swap agreements as cash flow hedges for accounting purposes.,,,,,
8,"at December 31, 2019, the Company was committed to the following interest rate swap agreements related to its LIBOR-based debt and",,,,,
9,"RIBOR-based debt, whereby certain of the Company’s floating-rate debt obligations were swapped with fixed-rate obligations:",,,,,
10,,,,Fair Value /,,
11,,,,Carrying,Weighted-,
12,,,,Amount of,Average,Fixed
13,,,Interest,Principal Asset /,Remaining,Interest
14,,,Rate,Amount (Liability),Term,Rate
15,,,,,,(1)
16,,,Index,$,$ (years),(%)
