,Borrower prepared financial statements Quarterly within 45 days,Unnamed: 0,YesNo
0,Compliance Certificate Quarterly within 45 days,,YesNo
1,Wells Fargo bank statements Monthly within 15 days,,YesNo
2,AIR & A/P Agings Within 5 days of 15th and last day of each month,,YesNo
3,Customer deposit listing Within 5 days of 15th and last day of each month,,YesNo
4,Borrowing base certificate Within 5 days of 15th and last day of each month,,YesNo
5,Inventory report Monthly within 15 days,,YesNo
6,Offsite Inventory listing Monthly within 15 days,,YesNo
7,Deferred revenue schedule Quarterly within 15 days,,YesNo
8,Annual financial statements (CPA Audited) FYE within 120 days,,YesNo
9,Annual financial projections and budget Annual within 30 days before FYE,,YesNo
10,"Federal Tax Returns Annual, within 15 days of filing",,YesNo
11,10K and 10Q (as applicable),,YesNo
12,A/R Audit Initial and semi-annual,,YesNo
13,IP Notices As required under Section 6.10,,YesNo
14,,,
15,,,
16,Financial Covenant Required,Actual,Complies
17,Minimum Asset Coverage Ratio (Monthly) 1.25: 1.00,____:1.00,YesNo
18,Minimum YTD EBITDA (Negative deviation from board approved financial,$__________,YesNo
19,"projections not to exceed 30% or $100,000; quarterly)",,
20,,,
21,,,
22,Comments Regarding Exceptions: See Attached. BANK USE ONLY,,
23,,,
24,"Sincerely, Received by:",,
25,,AUTHORIZED SIGNER,
26,Date:,,
27,SIGNATURE,,
28,Verified:,,
29,,AUTHORIZED SIGNER,
30,TITLE Date:,,
31,,,
32,Compliance Status,,YesNo
33,DATE,,
