,Unnamed: 0,Unnamed: 1,2019,Unnamed: 2,2018
0,Accounts receivable,$,"2,338,626",$,"1,146,832"
1,Allowance for doubtful accounts,,"(55,039)",,"(65,541)"
2,"Accounts receivable, net",$,"2,283,587",$,"1,081,291"
3,,,,,
4,NOTE E – PROPERTY AND EQUIPMENT,,,,
5,,,,,
6,"The Company’s property and equipment as of December 31, 2019 and 2018 consists of the following:",,,,
7,,,,,
8,,,2019,,2018
9,Development test equipment,$,"16,461",$,"19,110"
10,Computer software,,"76,134",,"76,134"
11,Office equipment,,"66,685",,"61,367"
12,Office fixtures and furniture,,"330,568",,"330,568"
13,Leasehold improvements,,"18,016",,"18,016"
14,Total,,"507,864",,"505,195"
15,Accumulated depreciation and amortization,,"(321,339)",,"(257,906)"
16,Total property and equipment,$,"186,525",$,"247,289"
