,UNITED STATES
0,SECURITIES AND EXCHANGE COMMISSION
1,"Washington, DC 20549"
2,
3,FORM 10-K
4,
5,Annual Report Pursuant to Section 13 or 15(d) of the Securities Exchange Act of 1934
6,
7,"For the fiscal year ended December 31, 2019"
8,
9,Commission file number: 001-31972
10,
11,"TELKONET, INC."
12,(Exact name of registrant as specified in its charter)
13,
14,Utah 87-0627421
15,(State or Other Jurisdiction of Incorporation or Organization) (I.R.S. Employer Identification No.)
16,
17,"20800 Swenson Drive Suite 175, Waukesha, WI 53186"
18,(Address of Principal Executive Offices) (Zip Code)
19,
20,(414) 302-2299
21,"(Registrant’s Telephone Number, Including Area Code)"
22,
23,Securities Registered pursuant to Section 12(b) of the Act: None
24,
25,Title of each class Name of each exchange on which registered
26,None None
