,"Refer to Notes 3.3, 4(c), 24, 25, 38 to the consolidated",In respect of the fair value measurement of Level 3
0,financial statements,"financial instruments, we tested the key controls, on"
1,,"a sample basis, in relation to the valuation process"
2,"As at 31 December 2019, the Group’s financial assets",
3,,including the adoption of applicable valuation
4,and financial liabilities which were carried at fair value,
5,,methodology and the application of appropriate
6,comprised financial assets at fair value through profit,
7,,"assumptions in different circumstances, by inspection"
8,"or loss, financial assets at fair value through other",
9,,"of the evidence of management’s review, which we"
10,comprehensive income and other financial liabilities,
11,,found no material exceptions.
12,"of approximately RMB135,936 million, RMB81,721",
13,"million and RMB2,396 million, respectively, of which",We involved our internal valuation experts to discuss
14,"approximately RMB123,093 million of these financial",with management and assess the appropriateness of
15,"assets and approximately RMB1,873 million of these",valuation methodology and assumptions used. We
16,financial liabilities were measured based on significant,"tested, on a sample basis, valuation of Level 3 financial"
17,unobservable inputs and classified as “Level 3 financial,instruments as at 31 December 2019 by evaluating
18,instruments”.,the underlying assumptions and inputs including risk-
19,,"free rates, expected volatility, relevant underlying"
20,We focused on this area due to the high degree of,
21,,"financial projections, and market information of recent"
22,judgment required in determining the respective fair,
23,,transactions (such as recent fund raising transactions
24,"values of Level 3 financial instruments, which do not",
25,,undertaken by the investees) as well as underlying
26,"have direct open market quoted values, with respect",
27,,"supporting documentation. We also tested, on a"
28,to the adoption of applicable valuation methodology,
