,Unnamed: 0,2019 2018
0,,RMB’Million RMB’Million
1,Included in non-current liabilities:,
2,Non-current portion of long-term USD notes payable,"83,327 48,501"
3,Non-current portion of long-term HKD notes payable,"– 2,797"
4,,"83,327 51,298"
5,Included in current liabilities:,
6,Current portion of long-term USD notes payable,"7,672 13,720"
7,Current portion of long-term HKD notes payable,"2,862 –"
8,,"10,534 13,720"
9,,"93,861 65,018"
10,"The aggregate principal amounts of USD notes payable and HKD notes payable were USD13,100 million (201",
11,"USD9,100 million) and HKD3,200 million (2018: HKD3,200 million), respectively. Applicable interest rates are at 2.875",
12,~ 4.70% and 3-month USD LIBOR + 0.605% ~ 0.910% (2018: rates are at 2.875% ~ 4.70% and 3-month USD LIBO,
13,+ 0.605%) per annum.,
14,The notes payable were repayable as follows:,
15,,As at 31 December
16,,2019 2018
17,,RMB’Million RMB’Million
18,Within 1 year,"10,534 13,720"
19,Between 1 and 2 years,"– 10,335"
20,Between 2 and 5 years,"24,335 10,258"
21,More than 5 years,"58,992 30,705"
22,,"93,861 65,018"
