,Unnamed: 0,2019,2018
0,,RMB’000 RMB’000,
1,Salaries and bonuses,"514,296 393,071",
2,Contributions to pension plans,"4,565 11,872",
3,Share-based compensation expenses,"1,512,706 968,642",
4,Allowances and benefits in kind,90,84
5,,"2,031,657 1,373,669",
6,The emoluments of the above four individuals (2018: four) fell within the following bands:,,
7,,Number of individuals,
8,,2019,2018
9,Emolument bands,,
10,"HKD196,500,001 ~ HKD197,000,000",–,2
11,"HKD221,000,001 ~ HKD221,500,000",2,–
12,"HKD545,500,001 ~ HKD546,000,000",–,1
13,"HKD628,000,001 ~ HKD628,500,000",–,1
14,"HKD860,500,001 – HKD861,000,000",1,–
15,"HKD964,500,001 – HKD965,000,000",1,–
