,Unnamed: 0,Capital,sale financial,Unnamed: 1,and joint,translation,statutory,compensation,Unnamed: 2,Unnamed: 3
0,,reserves,assets,FVOCI,ventures,differences,reserves,reserves,Others,Total
1,,RMB’Million,RMB’Million,RMB’Million,RMB’Million,RMB’Million,RMB’Million,RMB’Million,RMB’Million,RMB’Million
2,,(Note (a)),,,,,(Note (b)),(Note (c)),,
3,"Ba lance at 31 December 2017,",,,,,,,,,
4,as previously reported,"(2,999)","31,152",–,"2,228","(3,464)","2,273","4,170","1,798","35,158"
5,Adjustment on adoption of IFRS 9,–,"(31,152)","14,942",–,–,–,–,–,"(16,210)"
6,Balance at 1 January 2018,"(2,999)",–,"14,942","2,228","(3,464)","2,273","4,170","1,798","18,948"
7,Tr ansfer of gains on disposal of FVOCI to,,,,,,,,,
8,retained earnings (Note (d)),–,–,"(9,561)",–,–,–,–,–,"(9,561)"
9,Sh are of other changes in net assets of,,,,,,,,,
10,associates,–,–,–,"2,861",–,–,–,–,"2,861"
11,Value of employee services:,,,,,,,,,
12,– Em ployee share option schemes,–,–,–,–,–,–,63,–,63
13,– Em ployee share award schemes,–,–,–,–,–,–,466,–,466
14,Tax benefit from share-based payments,–,–,–,–,–,–,148,–,148
15,Ac quisition of additional equity interests,,,,,,,,,
16,in non-wholly owned subsidiaries,(877),–,–,–,–,–,–,–,(877)
17,Tr ansfer of equity interests of subsidiaries,,,,,,,,,
18,to non-controlling interests,"(1,886)",–,–,–,–,–,–,–,"(1,886)"
19,Re cognition of financial liabilities,,,,,,,,,
20,in respect of the put option from,,,,,,,,,
21,business combination,(406),–,–,–,–,–,–,–,(406)
22,Dilution of interests in subsidiaries,"2,836",–,–,–,–,–,–,–,"2,836"
23,Profit appropriations to statutory reserves,–,–,–,–,–,517,–,–,517
24,Net losses from changes in fair value of,,,,,,,,,
25,FVOCI,–,–,"(16,095)",–,–,–,–,–,"(16,095)"
26,Share of other comprehensive income of,,,,,,,,,
27,associates and joint ventures,–,–,–,23,–,–,–,–,23
28,Currency translation differences,–,–,–,–,"3,681",–,–,–,"3,681"
29,"Other fair value gains, net",–,–,–,–,–,–,–,11,11
30,Balance at 31 December 2018,"(3,332)",–,"(10,714)","5,112",217,"2,790","4,847","1,809",729
