,Unnamed: 0,Assets,Liabilities,Revenues,operation,income,income/(loss),December
0,,RMB’Million,RMB’Million,RMB’Million,RMB’Million,RMB’Million,RMB’Million,RMB’Million
1,2019,,,,,,,
2,Listed entities,"243,940","102,590","167,222","(4,462)",164,"(4,298)","334,688"
3,Non-listed entities,"194,518","122,254","42,458","3,091",(34),"3,057",
4,,"438,458","224,844","209,680","(1,371)",130,"(1,241)",
5,2018,,,,,,,
6,Listed entities,"210,311","79,678","126,027","(3,337)",25,"(3,312)","187,339"
7,Non-listed entities,"225,799","137,217","47,081","4,638",(1),"4,637",
8,,"436,110","216,895","173,108","1,301",24,"1,325",
