,Unnamed: 0,Unnamed: 1,Unnamed: 2,Unnamed: 3,Adjustments,Unnamed: 4,Unnamed: 5,Unnamed: 6
0,,,,Net,,,,
1,,,,(gains)/ losses,Amortisation,,,
2,,As,Share-based,from investee,of intangible Impairment,,Income tax,
3,,reported,compensation,companies,assets provisions,,effects,Non-IFRS
4,,,(a),(b),(c) (d),,(e),
5,,,,"(RMB in millions, unless specified)",,,,
6,Operating profit,"118,694","10,500","(19,650)","1,051 4,006",,–,"114,601"
7,Profit for the year,"95,888","12,774","(20,818)","5,781 5,202",,"(1,238)","97,589"
8,Profit attributable to,,,,,,,
9,equity holders,"93,310","12,309","(20,720)","5,362 5,185",,"(1,095)","94,351"
10,EPS (RMB per share),,,,,,,
11,– basic,9.856,,,,,,9.966
12,– diluted,9.643,,,,,,9.729
13,Operating margin,31%,,,,,,30%
14,Net margin,25%,,,,,,26%
15,,,,Year ended 31 December 2018,,,,
16,,,,,Adjustments,,,
17,,,,Net,,,,
18,,,,(gains)/ losses,Amortisation,,,
19,,As,Share-based,from investee,of intangible Impairment,,Income tax,
20,,reported,compensation,companies,assets provisions,,effects,Non-IFRS
21,,,(a),(b),(c) (d),,(e),
22,,,,"(RMB in millions, unless specified)",,,,
23,Operating profit,"97,648","7,900","(31,168)","524 17,577",,–,"92,481"
24,Profit for the year,"79,984","11,354","(32,513)","4,251 17,741",,(525),"80,292"
25,Profit attributable to,,,,,,,
26,equity holders,"78,719","11,025","(33,073)","4,027 17,238",,(467),"77,469"
27,EPS (RMB per share),,,,,,,
28,– basic,8.336,,,,,,8.203
29,– diluted,8.228,,,,,,8.097
30,Operating margin,31%,,,,,,30%
31,Net margin,26%,,,,,,26%
