,Unnamed: 0,Unnamed: 1,Unnamed: 2,Shares held,Unnamed: 3,Unnamed: 4,Unnamed: 5,Non-,Unnamed: 6
0,,Share,Share,for share,Other,Retained,,controlling,
1,,capital,premium,award schemes,reserves,earnings,Total,interests,Total equity
2,,RMB’Million,RMB’Million,RMB’Million,RMB’Million,RMB’Million,RMB’Million,RMB’Million,RMB’Million
3,Transactions with equity holders,,,,,,,,
4,Capital injection,–,–,–,–,–,–,273,273
5,Employee share option schemes:,,,,,,,,
6,– value of employee services,–,"2,041",–,62,–,"2,103",63,"2,166"
7,– proceeds from shares issued,–,272,–,–,–,272,–,272
8,Employee share award schemes:,,,,,,,,
9,– value of employee services,–,"7,303",–,379,–,"7,682",279,"7,961"
10,– shares withheld for share award schemes,–,–,"(1,186)",–,–,"(1,186)",–,"(1,186)"
11,– vesting of awarded shares,–,"(1,357)","1,357",–,–,–,–,–
12,Repurchase and cancellation of shares,–,"(1,046)",–,–,–,"(1,046)",–,"(1,046)"
13,Tax benefit from share-based payments,–,–,–,529,–,529,–,529
14,Profit appropriations to statutory reserves,–,–,–,734,(734),–,–,–
15,Dividends (Note 15),–,–,–,–,"(8,305)","(8,305)",(365),"(8,670)"
16,Non-controlling interests arising from,,,,,,,,
17,business combinations (Note 41),–,–,–,–,–,–,"18,386","18,386"
18,Disposal of a subsidiary,–,–,–,–,–,–,(1),(1)
19,Acquisition of additional equity interests in,,,,,,,,
20,non-wholly owned subsidiaries,–,276,–,(534),–,(258),(844),"(1,102)"
21,Dilution of interests in subsidiaries,–,–,–,(355),–,(355),394,39
22,Transfer of equity interests of subsidiaries to,,,,,,,,
23,non-controlling interests,–,488,–,"(4,849)",–,"(4,361)","3,631",(730)
24,Recognition of financial liabilities in respect of,,,,,,,,
25,the put option from business combination,–,–,–,"(4,722)",–,"(4,722)","(1,626)","(6,348)"
26,Total transactions with equity holders at their,,,,,,,,
27,capacity as equity holders for the year,–,"7,977",171,"(8,756)","(9,039)","(9,647)","20,190","10,543"
