,Unnamed: 0,Unnamed: 1,2019,Unnamed: 2,2018,Unnamed: 3,2017
0,Cash Flows From Operating Activities:,,,,,,
1,Net income,$,"2,035",$,"3,027",$,"1,778"
2,Adjustments to reconcile net income to cash provided by operating activities:,,,,,,
3,Depreciation,,819,,723,,642
4,Amortization,,279,,220,,119
5,Deferred income taxes,,92,,(865),,(39)
6,Gain on dispositions of businesses,,(17),,(42),,—
7,Impairment of assets,,94,,175,,214
8,Stock-based compensation expense,,77,,69,,92
9,"Other, net",,(20),,(58),,(57)
10,(Increase) decrease in accounts receivable,,(226),,(2),,(55)
11,(Increase) decrease in inventories,,(214),,(207),,(246)
12,Increase (decrease) in accounts payable,,(55),,(44),,61
13,Increase (decrease) in income taxes payable/receivable,,(254),,111,,55
14,Increase (decrease) in interest payable,,47,,(3),,16
15,Net changes in other operating assets and liabilities,,(144),,(141),,19
16,Cash Provided by Operating Activities,,"2,513",,"2,963",,"2,599"
17,Cash Flows From Investing Activities:,,,,,,
18,"Additions to property, plant and equipment",,"(1,259)",,"(1,200)",,"(1,069)"
19,Purchases of marketable securities,,(64),,(42),,(79)
20,Proceeds from sale of marketable securities,,63,,37,,61
21,"Acquisitions, net of cash acquired",,"(2,462)",,"(1,474)",,"(3,081)"
22,Proceeds from sale of businesses,,170,,797,,—
23,"Other, net",,88,,(24),,4
24,Cash Used for Investing Activities,,"(3,464)",,"(1,906)",,"(4,164)"
25,Cash Flows From Financing Activities:,,,,,,
26,Proceeds from issuance of debt,,"4,634",,"1,148",,"5,444"
27,Payments on debt,,"(3,208)",,"(1,307)",,"(3,159)"
28,Borrowings on revolving credit facility,,"1,135",,"1,755",,"1,810"
29,Payments on revolving credit facility,,"(1,065)",,"(1,755)",,"(2,110)"
30,Proceeds from issuance of commercial paper,,"17,722",,"21,024",,"8,138"
31,Repayments of commercial paper,,"(17,327)",,"(21,197)",,"(7,360)"
32,Payment of AdvancePierre TRA liability,,—,,—,,(223)
33,Purchases of Tyson Class A common stock,,(252),,(427),,(860)
34,Dividends,,(537),,(431),,(319)
35,Stock options exercised,,99,,102,,154
36,"Other, net",,(30),,(14),,15
37,Cash Provided by (Used for) Financing Activities,,"1,171",,"(1,102)",,"1,530"
38,Effect of Exchange Rate Change on Cash,,(6),,(3),,4
39,Increase (decrease) in Cash and Cash Equivalents,,214,,(48),,(31)
40,Cash and Cash Equivalents at Beginning of Year,,270,,318,,349
41,Cash and Cash Equivalents at End of Year,$,484,$,270,$,318
