,Unnamed: 0,Unnamed: 1,Unnamed: 2,Unnamed: 3,Unnamed: 4,Unnamed: 5,Unnamed: 6,Unnamed: 7,Prepared,Unnamed: 8,Unnamed: 9,Intersegment,Unnamed: 10,Unnamed: 11
0,,,Beef,,Pork,,Chicken,,Foods,International/Other,,Sales,,Consolidated
1,Fiscal 2019,,,,,,,,,,,,,
2,Sales,$,"15,828",$,"4,932",$,"13,300",$,"8,418","$ 1,289",$,"(1,362)",$,"42,405"
3,Operating Income (Loss),,"1,107",,263,,621,,843,(7),,,,"2,827"
4,Total Other (Income) Expense,,,,,,,,,,,,,396
5,Income before Income Taxes,,,,,,,,,,,,,"2,431"
6,Depreciation and amortization,,97,,47,,513,,397,32,,,,"1,086"
7,Total Assets,,"3,137",,"1,372",,"10,807",,"15,138","2,643",,,,"33,097"
8,"Additions to property, plant and",,,,,,,,,,,,,
9,equipment,,133,,128,,637,,246,115,,,,"1,259"
10,Fiscal 2018,,,,,,,,,,,,,
11,Sales,$,"15,473",$,"4,879",$,"12,044",$,"8,668",$ 305,$,"(1,317)",$,"40,052"
12,Operating Income (Loss),,"1,013",,361,,866,,845,(53),,,,"3,032"
13,Total Other (Income) Expense,,,,,,,,,,,,,287
14,Income before Income Taxes,,,,,,,,,,,,,"2,745"
15,Depreciation and amortization,,103,,42,,368,,410,10,,,,933
16,Total Assets,,"3,061",,"1,265",,"8,794",,"15,063",926,,,,"29,109"
17,"Additions to property, plant and",,,,,,,,,,,,,
18,equipment,,107,,150,,570,,228,145,,,,"1,200"
19,Fiscal 2017,,,,,,,,,,,,,
20,Sales,$,"14,823",$,"5,238",$,"11,409",$,"7,853",$ 349,,"(1,412)",$,"38,260"
21,Operating Income (Loss),,877,,645,,"1,053",,452,(106),,,,"2,921"
22,Total Other (Income) Expense,,,,,,,,,,,,,293
23,Income before Income Taxes,,,,,,,,,,,,,"2,628"
24,Depreciation and amortization,,92,,36,,296,,315,9,,,,748
25,Total Assets,,"2,938",,"1,132",,"6,630",,"13,466","3,900",,,,"28,066"
26,"Additions to property, plant and",,,,,,,,,,,,,
27,equipment,,118,,101,,492,,229,129,,,,"1,069"
