,10.49,*,"Form of Performance Stock Award Agreement pursuant to which performance stock awards are granted under the Tyson Foods, Inc. 2000 Stock"
0,,,"Incentive Plan effective October 4, 2010 (previously filed as Exhibit 10.44 to the Company's Annual Report on Form 10-K for the fiscal year ende"
1,,,"October 1, 2011, Commission File No. 001-14704, and incorporated herein by reference)."
2,10.5,*,"Form of Performance Stock Award Agreement pursuant to which performance stock awards are granted under the Tyson Foods, Inc. 2000 Stock"
3,,,"Incentive Plan effective October 3, 2011 (previously filed as Exhibit 10.52 to the Company's Annual Report on Form 10-K for the fiscal year ende"
4,,,"September 29, 2012, Commission File No. 001-14704, and incorporated herein by reference)."
5,10.51,*,"Form of Stock Incentive Agreement pursuant to which performance stock awards are granted under the Tyson Foods, Inc. 2000 Stock Incentive"
6,,,"Plan effective October 26, 2012 (previously filed as Exhibit 10.53 to the Company's Annual Report on Form 10-K for the fiscal year ended"
7,,,"September 29, 2012, Commission File No. 001-14704, and incorporated herein by reference)."
8,10.52,*,Form of Stock Incentive Award Agreement with non-contracted officers pursuant to which performance stock awards are granted under the Tyson
9,,,"Foods, Inc. 2000 Stock Incentive Plan effective November 30, 2015. 2000 Stock Incentive Plan effective November 30, 2015 (previously filed as"
10,,,"Exhibit 10.1 to the Company’s Quarterly Report on Form 10-Q for the period ended January 2, 2016, Commission File No. 001-14704, and"
11,,,incorporated herein by reference).
12,10.53,*,Form of Stock Incentive Award Agreement with contracted officers pursuant to which performance stock awards are granted under the Tyson
13,,,"Foods, Inc. 2000 Stock Incentive Plan effective November 30, 2015 (previously filed as Exhibit 10.2 to the Company’s Quarterly Report on Form"
14,,,"10-Q for the period ended January 2, 2016, Commission File No. 001-14704, and incorporated herein by reference)."
15,10.54,*,Form of Stock Incentive Award Agreement with contracted employees pursuant to which restricted stock awards are granted under the Tyson
16,,,"Foods, Inc. 2000 Stock Incentive Plan effective November 30, 2015 (previously filed as Exhibit 10.3 to the Company’s Quarterly Report on Form"
17,,,"10-Q for the period ended January 2, 2016, Commission File No. 001-14704, and incorporated herein by reference)."
18,10.55,*,"Form of Stock Incentive Award Agreement with non-contracted employees which include non-competition, non-solicitation and confidentiality"
19,,,"agreements, pursuant to which restricted stock awards are granted under the Tyson Foods, Inc. 2000 Stock Incentive Plan effective November 30,"
20,,,"2015 (previously filed as Exhibit 10.4 to the Company’s Quarterly Report on Form 10-Q for the period ended January 2, 2016, Commission File"
21,,,"No. 001-14704, and incorporated herein by reference)."
22,10.56,*,Form of Stock Incentive Award Agreement with non-contracted employees pursuant to which restricted stock awards are granted under the Tyson
23,,,"Foods, Inc. 2000 Stock Incentive Plan effective November 30, 2015 (previously filed as Exhibit 10.5 to the Company’s Quarterly Report on Form"
24,,,"10-Q for the period ended January 2, 2016, Commission File No. 001-14704, and incorporated herein by reference)."
25,10.57,*,Form of Stock Incentive Award Agreement pursuant to which restricted stock awards subject to performance criteria are granted under the Tyson
26,,,"Foods, Inc. 2000 Stock Incentive Plan effective November 30, 2015 (previously filed as Exhibit 10.6 to the Company’s Quarterly Report on Form"
27,,,"10-Q for the period ended January 2, 2016, Commission File No. 001-14704, and incorporated herein by reference)."
28,10.58,*,"Form of Stock Incentive Plan Stock Agreement pursuant to which restricted stock units awards are granted under the Tyson Foods, Inc. 2000 Stock"
29,,,"Incentive Plan effective November 30, 2015 (previously filed as Exhibit 10.7 to the Company’s Quarterly Report on Form 10-Q for the period"
30,,,"ended January 2, 2016, Commission File No. 001-14704, and incorporated herein by reference)."
31,10.59,*,"Form of Stock Incentive Agreement pursuant to which stock appreciation rights awards are granted under the Tyson Foods, Inc. 2000 Stock"
32,,,"Incentive Plan effective November 30, 2015 (previously filed as Exhibit 10.8 to the Company’s Quarterly Report on Form 10-Q for the period"
33,,,"ended January 2, 2016, Commission File No. 001-14704, and incorporated herein by reference)."
34,10.6,*,"Form of Stock Incentive Award Agreement with contracted employees pursuant to which stock options awards are granted under the Tyson Foods,"
35,,,"Inc. 2000 Stock Incentive Plan effective November 30, 2015 (previously filed as Exhibit 10.9 to the Company’s Quarterly Report on Form 10-Q fo"
36,,,"the period ended January 2, 2016, Commission File No. 001-14704, and incorporated herein by reference)."
37,10.61,*,"Form of Stock Incentive Award Agreement with non-contracted employees which include non-competition, non-solicitation and confidentiality"
38,,,"agreements, pursuant to which stock options awards are granted under the Tyson Foods, Inc. 2000 Stock Incentive Plan effective November 30,"
39,,,"2015 (previously filed as Exhibit 10.10 to the Company’s Quarterly Report on Form 10-Q for the period ended January 2, 2016, Commission File"
40,,,"No. 001-14704, and incorporated herein by reference)."
41,10.62,*,Form of Stock Incentive Award Agreement with non-contracted employees pursuant to which stock options awards are granted under the Tyson
42,,,"Foods, Inc. 2000 Stock Incentive Plan effective November 30, 2015 (previously filed as Exhibit 10.11 to the Company’s Quarterly Report on Form"
43,,,"10-Q for the period ended January 2, 2016, Commission File No. 001-14704, and incorporated herein by reference)."
