,Unnamed: 0,Less than,2 to 3,4 to 5,Unnamed: 1,Unnamed: 2
0,,1 year,years,years,> 5 years,Total
1,,NT$,NT$,NT$,NT$,NT$
2,,(In Thousands),(In Thousands),(In Thousands),(In Thousands),(In Thousands)
3,Non-derivative financial liabilities,,,,,
4,Short-term loans,"$12,211,621",$ —,$ —,$ —,"$ 12,211,621"
5,Payables,"26,998,325","198,862",—,—,"27,197,187"
6,Guarantee deposits,"100,584","97,108",—,"99,002","296,694"
7,Bonds payable,"20,659,607","10,590,265","8,689,971",—,"39,939,843"
8,Long-term loans,"6,104,795","19,631,931","13,097,986","12,000","38,846,712"
9,Lease liabilities,"740,939","1,413,978","1,180,955","3,792,192","7,128,064"
10,Other financial liabilities,—,"12,668,287","8,445,826",—,"21,114,113"
11,Total,"$66,815,871","$44,600,431","$31,414,738","$ 3,903,194","$146,734,234"
