,Unnamed: 0,Unnamed: 1,Unnamed: 2,China,Unnamed: 3,Unnamed: 4,Unnamed: 5,Unnamed: 6,Unnamed: 7
0,,,,(includes Hong,,,,,
1,,Taiwan,Singapore,Kong),Japan,USA,Europe,Others,Total
2,,NT$,NT$,NT$,NT$,NT$,NT$,NT$,NT$
3,,(In Thousands),(In Thousands),(In Thousands),(In Thousands),(In Thousands),(In Thousands),(In Thousands),(In Thousands)
4,Revenue from contracts,,,,,,,,
5,with customers,"$53,966,435","$23,979,343","$19,115,188","$ 9,855,772","$19,957,615","$ 6,900,339","$14,426,949","$148,201,641"
6,The timing of revenue recognition:,,,,,,,,
7,At a point in time,"$53,905,377","$23,976,786","$18,987,848","$ 9,684,186","$19,946,286","$ 6,138,812","$14,417,740","$147,057,035"
8,Over time,"61,058","2,557","127,340","171,586","11,329","761,527","9,209","1,144,606"
9,Total,"$53,966,435","$23,979,343","$19,115,188","$ 9,855,772","$19,957,615","$ 6,900,339","$14,426,949","$148,201,641"
