,Consolidated Net Income,$,"19,788",$.1,"16,039"
0,Add:,,,,
1,Provision for income taxes,,"2,945",,"3,584"
2,Interest expense,,"4,730",,"4,833"
3,Depreciation and amortization expense,,"16,682",,"17,403"
4,Consolidated EBITDA,,"44,145",,"41,859"
5,Add (Less):,,,,
6,"Other (income) expense, net†",,"2,900",,"(2,364)"
7,Equity in losses of unconsolidated businesses‡,,15,,186
8,Severance charges,,204,,"2,157"
9,Acquisition and integration related charges§,,—,,531
10,Product realignment charges§,,—,,450
11,Impairment charges,,186,,"4,591"
12,Net gain from dispositions of assets and businesses,,(261),,—
13,Consolidated Adjusted EBITDA,$,"47,189",$,"47,410"
