,Current,Unnamed: 0,Unnamed: 1,Unnamed: 2,Unnamed: 3,Unnamed: 4
0,Federal $,518,$,"2,187",$,"3,630"
1,Foreign,221,,267,,200
2,State and Local,974,,741,,677
3,Total,"1,713",,"3,195",,"4,507"
4,Deferred,,,,,
5,Federal,"1,150",,175,,"(14,360)"
6,Foreign,(13),,30,,(66)
7,State and Local,95,,184,,(37)
8,Total,"1,232",,389,,"(14,463)"
9,Total income tax provision (benefit) $,"2,945",$,"3,584",$,"(9,956)"
10,The following table shows the principal reasons for the difference between the effective income tax rate and the statutory federal,,,,,
11,income tax rate:,,,,,
12,"Years Ended December 31,",,2019,2018,,2017
13,Statutory federal income tax rate,,21.0%,21.0%,,35.0%
14,"State and local income tax rate, net of federal tax benefits",,3.7,3.7,,1.6
15,Preferred stock disposition,,(9.9),,—,—
16,Affordable housing credit,,(0.4),(0.6),,(0.6)
17,Employee benefits including ESOP dividend,,(0.3),(0.3),,(0.5)
18,Impact of tax reform re-measurement,,—,,—,(81.6)
19,Internal restructure,,—,(9.1),,(0.6)
20,Noncontrolling interests,,(0.5),(0.5),,(0.6)
21,Non-deductible goodwill,,0.1,4.7,,1.0
22,"Other, net",,(0.7),(0.6),,(2.0)
23,Effective income tax rate,,13.0%,18.3%,,(48.3)%
