,Operating lease cost(1),Cost of services,Unnamed: 0,Unnamed: 1
0,,"Selling, general and administrative expense",$,"4,746"
1,Finance lease cost:,,,
2,Amortization of right-of-use assets,Depreciation and amortization expense,,330
3,Interest on lease liabilities,Interest expense,,38
4,Short-term lease cost(1),Cost of services,,
5,,"Selling, general and administrative expense",,40
6,Variable lease cost(1),Cost of services,,
7,,"Selling, general and administrative expense",,218
8,Sublease income,Service revenues and other,,(275)
9,Total net lease cost,,$,"5,097"
10,"Gain on sale and leaseback transaction, net","Selling, general and administrative expense",$,(391)
