,Prepaid expenses and other,$,"5,453",$.1,(329),$.2,"5,124"
0,Operating lease right-of-use assets,,—,,"23,241",,"23,241"
1,Other assets,,"11,717",,"(2,048)",,"9,669"
2,Accounts payable and accrued liabilities,,"22,501",,(3),,"22,498"
3,Other current liabilities,,"8,239",,(2),,"8,237"
4,Current operating lease liabilities,,—,,"2,931",,"2,931"
5,Deferred income taxes,,"33,795",,139,,"33,934"
6,Non-current operating lease liabilities,,—,,"19,203",,"19,203"
7,Other liabilities,,"13,922",,"(1,815)",,"12,107"
8,Retained earnings,,"43,542",,410,,"43,952"
9,Noncontrolling interests,,"1,565",,1,,"1,566"
