,•,"RSUs covering 346,638 shares of Common Stock, vesting in equal amounts on each of Mr. Khaykin’s next four employment"
0,,commencement anniversaries;
1,•,"MSUs covering a target of 115,546 shares of Common Stock, which vest over the periods described in the Company’s"
2,,"Current Report on Form 8-K filed with the SEC on August 18, 2015, including Exhibit 10.1 thereto, except that the “Base"
3,,"Measurement Period” will be the period of 45 calendar days commencing on January 29, 2016 and ending on March 13,"
4,,2016; and
5,•,"RSUs covering 100,000 shares of Common Stock, which vest as to 66.6% on the first anniversary of Mr. Khaykin’s"
