,names within their products. We have developed GABRIEL Connection TechnologyTM Software Development Kit (SDK) to assist
0,with rapid integration of these techniques into existing software implementations with minimal code changes and include object
1,"libraries, sample code, testing and quality assurance tools and the supporting documentation necessary for a customer to implement"
2,our technology. Customers who want to develop their own implementation of the VirnetX patented techniques for supporting secure
3,"domain names, or other techniques that are covered by our patent portfolio for establishing secure communication links, can"
4,"purchase a patent license. The number of patents licensed, and therefore the cost of the patent license to the customer, will depend"
5,"upon which of the patents are used in a particular product or service. These licenses will typically include an initial license fee, as"
