,Unnamed: 0,Unnamed: 1,Unnamed: 2,Unnamed: 3,(in thousands except per share),Unnamed: 4,Unnamed: 5,Unnamed: 6
0,2019,,,,,,,
1,Revenue,$,8,$,38 $ 4,,$,35
2,Loss from operations,$,"(5,634)",$,"(4,552) $ (4,976)",,$,"(4,503)"
3,Net loss,$,"(5,608)",$,"(4,130) $ (4,956)",,$,"(4,485)"
4,Basic and diluted (loss) per common share,$,(.08),$,(.06) $ (.07),,$,(.07)
5,,,First,,Second Third,,,Fourth
6,,,,,(in thousands except per share),,,
7,2018,,,,,,,
8,Revenue,$,6,$,16 $ 7,,$,34
9,Loss from operations,$,"(7,608)",$,"(6,462) $ (4,948)",,$,"(6,439)"
10,Net loss,$,"(7,605)",$,"(6,450) $ (4,934)",,$,"(6,417)"
11,Basic and diluted (loss) per common share,$,(0.13),$,(0.10) $ (0.08),,$,(0.09)
