,Our cash flows summarized for the periods presented were as follows (table in millions):,Unnamed: 0,Unnamed: 1,Unnamed: 2
0,,For the Year Ended,,
1,"January 31,","February 1,",,"February 2,"
2,2020,2019,,2018
3,Net cash provided by (used in):,,,
4,"Operating activities $ 3,872","$ 3,657",$,"3,101"
5,"Investing activities (2,728)","4,442",,"(1,524)"
6,"Financing activities (1,707)","(10,580)",,"1,129"
7,"Effect of exchange rate changes on cash, cash equivalents, and restricted cash (2)",1,,(3)
8,"Net increase (decrease) in cash, cash equivalents and restricted cash $ (565)","$ (2,480)",$,"2,703"
