,"Balance at June 30, 2016","242,649,498",$,0.2,$.1,"1,777.6",$.2,4.5,$.3,(554.3),$.4,"1,228.0"
0,Stock-based compensation,"3,822,053",,—,,104.7,,—,,—,,104.7
1,Cumulative effect adjustment resulting from adoption,,,,,,,,,,,
2,of ASU 2016-09,—,,—,,1.7,,—,,(1.7),,—
3,Foreign currency translation adjustment,—,,—,,—,,2.1,,—,,2.1
4,Defined benefit pension plan adjustments,—,,—,,—,,(1.2),,—,,(1.2)
5,Net income,—,,—,,—,,—,,87.1,,87.1
6,"Balance at June 30, 2017","246,471,551",$,0.2,$,"1,884.0",$,5.4,$,(468.9),$,"1,420.7"
7,Stock-based compensation,"2,716,011",,—,,91.1,,—,,—,,91.1
8,Foreign currency translation adjustment,—,,—,,—,,(7.4),,—,,(7.4)
9,Repurchase and retirement of common shares,"(2,749,079)",,—,,(93.5),,—,,—,,(93.5)
10,Defined benefit pension plan adjustments,—,,—,,—,,(13.5),,—,,(13.5)
11,Net income,—,,—,,—,,—,,102.9,,102.9
12,"Balance at June 30, 2018","246,438,483",$,0.2,$,"1,881.6",$,(15.5),$,(366.0),$,"1,500.3"
13,Stock-based compensation,"2,793,302",,—,,102.1,,—,,—,,102.1
14,Foreign currency translation adjustment,—,,—,,—,,(7.2),,—,,(7.2)
15,Repurchase and retirement of common shares,"(12,973,892)",,—,,(402.5),,—,,—,,(402.5)
16,Defined benefit pension plan adjustments,—,,—,,—,,(1.2),,—,,(1.2)
17,Net income,—,,—,,—,,—,,150.0,,150.0
18,"Balance at June 30, 2019","236,257,893",$,0.2,$,"1,581.2",$,(23.9),$,(216.0),$,"1,341.5"
