,Unnamed: 0,Unnamed: 1,Exhibit Index,Unnamed: 2,Unnamed: 3,Unnamed: 4
0,Exhibit,,,,Incorporated by Reference,
1,Number,Exhibit Description,,Form,File No. Exhibit,Filing Date
2,3.1,Amended and Restated Certificate of Incorporation of the Registrant.,,10-Q,001-36456 3.1,"August 7, 2014"
3,3.2,Amended and Restated By-laws of the Registrant.,,8-K/A,001-36456 3.1,"February 7, 2018"
4,4.1,Form of Common Stock Certificate of the Registrant.,,S-1/A,333-195176 4.1,"May 5, 2014"
5,4.2,Description of Registrant’s Securities Registered Pursuant to Section 12 of the Securities Act of,,,,
6,,1934,,,,
7,10.1#,"2009 Stock Option and Grant Plan, as amended, and related form agreements.",,S-1,333-195176 10.2,"April 10, 2014"
8,10.2#,"2014 Stock Option and Incentive Plan, and related form agreements.",,,,
9,10.3#,"2014 Employee Stock Purchase Plan, as amended.",,10-Q,001-36456 10.2,"November 6, 2014"
10,10.4#,Form of Inducement Option Agreement.,,8-K,001-36456 10.1,"May 6, 2016"
11,10.5#,Form of Inducement RSU Agreement.,,8-K,001-36456 10.2,"May 6, 2016"
12,10.6#,"Offer Letter between the Registrant and Adrian McDermott, dated as of June 16, 2010.",,S-1,333-195176 10.7,"April 10, 2014"
13,10.7#,"Offer Letter between the Registrant and John Geschke, dated as of May 30, 2012.",,10-K,001-36456 10.9,"February 26, 2016"
14,10.8#,"Offer Letter between the Registrant and Elena Gomez, dated as of April 6, 2016.",,10-K,001-36456 10.9,"February 27, 2017"
15,10.9#,"Offer Letter between the Registrant and Tom Keiser, dated as of March 29, 2016.",,10-K,001-36456 10.10,"February 27, 2017"
16,10.10#,"Offer Letter between the Registrant and Norman Gennarro, dated as of November 26, 2017.",,10-K,001-36456 10.11,"February 22, 2018"
17,10.11#,"Offer Letter between the Registrant and Jeffrey Titterton, dated as of April 6, 2017.",,10-K,001-36456 10.12,"February 22, 2018"
18,10.12#,"Offer Letter between the Registrant and InaMarie Johnson, dated as of April 26, 2018",,10-K,001-36456 10.13,"February 14, 2019"
19,10.13,"Office Lease between the Registrant and 989 Market Street, LLC, dated as of April 29, 2011.",,S-1,333-195176 10.8,"April 10, 2014"
20,10.14,"First Amendment to Lease between the Registrant and 989 Market Street, LLC, dated as of June",,S-1,333-195176 10.9,"April 10, 2014"
21,,"28, 2011.",,,,
22,10.15,"Second Amendment to Lease between the Registrant and 989 Market Street, LLC, dated as of",,S-1,333-195176 10.10,"April 10, 2014"
23,,"August 11, 2011.",,,,
24,10.16,"Third Amendment to Lease between the Registrant and HMC Mid-Market Ventures LLC, dated",,S-1,333-195176 10.11,"April 10, 2014"
25,,"as of September 11, 2013.",,,,
26,10.17,"Fourth Amendment to Lease between the Registrant and ASB 989 Market, LLC, dated as of",,10-Q,001-36456 10.1,"May 8, 2017"
27,,"January 19, 2017.",,,,
28,10.18,"Fifth Amendment to Lease between the Registrant and ASB 989 Market, LLC, dated as of",,10-Q,001-36456 10.1,"November 3, 2017"
29,,"August 2, 2017.",,,,
30,10.19,"Sixth Amendment to Lease between the Registrant and ASB 989 Market, LLC, dated as of",,10-K,001-36456 10.20,"February 14, 2019"
31,,"January 25, 2019",,,,
32,10.20,"Seventh Amendment to Lease between the Registrant and ASB 989 Market, LLC, dated as of",,,,
33,,"December 17, 2019",,,,
