,Unnamed: 0,Gross Carrying,Accumulated,Net Carrying
0,(In thousands),Amount,Amortization,Amount
1,Internal use software,"$ 1,456",$ (504 ),$ 952
2,Internally-developed hosting arrangement,"9,487","(1,258 )","8,229"
3,Trademarks and other,"5,091",(587 ),"4,504"
4,Technology,"52,905","(9,836 )","43,069"
5,Customer relationships,"98,879","(10,597 )","88,282"
6,Vendor relationship,"1,000",(278 ),722
7,Effect of currency translation adjustment,,,118
8,"Intangible assets, net","$ 168,818","$ (23,060 )","$ 145,876"
9,,,,
10,,,"December 31, 2018",
11,,Gross Carrying,Accumulated,Net Carrying
12,(In thousands),Amount,Amortization,Amount
13,Internal use software,"$ 1,189",$ (162 ),"$ 1,027"
14,Internally-developed hosting arrangement,"1,520",(77 ),"1,443"
15,Trademarks and other,691,(113 ),578
16,Technology,"7,604","(2,678 )","4,926"
17,Customer relationships,"7,870",(593 ),"7,277"
18,"Intangible assets, net","$ 18,874","$ (3,623 )","$ 15,251"
